1	105229 	879465	/discussions/amazon/view/105229-exam-aws-certified-devops-engineer-professional-dop-c02/
2	105230 	879466	/discussions/amazon/view/105230-exam-aws-certified-devops-engineer-professional-dop-c02/
3	105490 	879467	/discussions/amazon/view/105490-exam-aws-certified-devops-engineer-professional-dop-c02/
4	105332 	879468	/discussions/amazon/view/105332-exam-aws-certified-devops-engineer-professional-dop-c02/
5	105457 	879469	/discussions/amazon/view/105457-exam-aws-certified-devops-engineer-professional-dop-c02/
6	105265 	879470	/discussions/amazon/view/105265-exam-aws-certified-devops-engineer-professional-dop-c02/
7	105504 	879471	/discussions/amazon/view/105504-exam-aws-certified-devops-engineer-professional-dop-c02/
8	105266 	879472	/discussions/amazon/view/105266-exam-aws-certified-devops-engineer-professional-dop-c02/
9	105235 	879473	/discussions/amazon/view/105235-exam-aws-certified-devops-engineer-professional-dop-c02/
10	105505 	879474	/discussions/amazon/view/105505-exam-aws-certified-devops-engineer-professional-dop-c02/
11	105236 	879475	/discussions/amazon/view/105236-exam-aws-certified-devops-engineer-professional-dop-c02/
12	105508 	879476	/discussions/amazon/view/105508-exam-aws-certified-devops-engineer-professional-dop-c02/
13	105512 	879477	/discussions/amazon/view/105512-exam-aws-certified-devops-engineer-professional-dop-c02/
14	105513 	879478	/discussions/amazon/view/105513-exam-aws-certified-devops-engineer-professional-dop-c02/
15	105514 	879479	/discussions/amazon/view/105514-exam-aws-certified-devops-engineer-professional-dop-c02/
16	105519 	879480	/discussions/amazon/view/105519-exam-aws-certified-devops-engineer-professional-dop-c02/
17	105520 	879481	/discussions/amazon/view/105520-exam-aws-certified-devops-engineer-professional-dop-c02/
18	105239 	879482	/discussions/amazon/view/105239-exam-aws-certified-devops-engineer-professional-dop-c02/
19	105240 	879483	/discussions/amazon/view/105240-exam-aws-certified-devops-engineer-professional-dop-c02/
20	105242 	879484	/discussions/amazon/view/105242-exam-aws-certified-devops-engineer-professional-dop-c02/
21	105524 	879485	/discussions/amazon/view/105524-exam-aws-certified-devops-engineer-professional-dop-c02/
22	105243 	879486	/discussions/amazon/view/105243-exam-aws-certified-devops-engineer-professional-dop-c02/
23	105247 	879487	/discussions/amazon/view/105247-exam-aws-certified-devops-engineer-professional-dop-c02/
24	105569 	879488	/discussions/amazon/view/105569-exam-aws-certified-devops-engineer-professional-dop-c02/
25	105570 	879489	/discussions/amazon/view/105570-exam-aws-certified-devops-engineer-professional-dop-c02/
26	105335 	879490	/discussions/amazon/view/105335-exam-aws-certified-devops-engineer-professional-dop-c02/
27	105572 	879491	/discussions/amazon/view/105572-exam-aws-certified-devops-engineer-professional-dop-c02/
28	106206 	879492	/discussions/amazon/view/106206-exam-aws-certified-devops-engineer-professional-dop-c02/
29	106179 	879493	/discussions/amazon/view/106179-exam-aws-certified-devops-engineer-professional-dop-c02/
30	105252 	879494	/discussions/amazon/view/105252-exam-aws-certified-devops-engineer-professional-dop-c02/
31	105336 	879495	/discussions/amazon/view/105336-exam-aws-certified-devops-engineer-professional-dop-c02/
32	105337 	879496	/discussions/amazon/view/105337-exam-aws-certified-devops-engineer-professional-dop-c02/
33	106198 	879497	/discussions/amazon/view/106198-exam-aws-certified-devops-engineer-professional-dop-c02/
34	106213 	879498	/discussions/amazon/view/106213-exam-aws-certified-devops-engineer-professional-dop-c02/
35	106199 	879499	/discussions/amazon/view/106199-exam-aws-certified-devops-engineer-professional-dop-c02/
36	106261 	879500	/discussions/amazon/view/106261-exam-aws-certified-devops-engineer-professional-dop-c02/
37	106307 	879501	/discussions/amazon/view/106307-exam-aws-certified-devops-engineer-professional-dop-c02/
38	105438 	879502	/discussions/amazon/view/105438-exam-aws-certified-devops-engineer-professional-dop-c02/
39	106215 	879503	/discussions/amazon/view/106215-exam-aws-certified-devops-engineer-professional-dop-c02/
40	106309 	879504	/discussions/amazon/view/106309-exam-aws-certified-devops-engineer-professional-dop-c02/
41	106310 	879505	/discussions/amazon/view/106310-exam-aws-certified-devops-engineer-professional-dop-c02/
42	106311 	879506	/discussions/amazon/view/106311-exam-aws-certified-devops-engineer-professional-dop-c02/
43	106312 	879507	/discussions/amazon/view/106312-exam-aws-certified-devops-engineer-professional-dop-c02/
44	106274 	879508	/discussions/amazon/view/106274-exam-aws-certified-devops-engineer-professional-dop-c02/
45	105584 	879509	/discussions/amazon/view/105584-exam-aws-certified-devops-engineer-professional-dop-c02/
46	106272 	879510	/discussions/amazon/view/106272-exam-aws-certified-devops-engineer-professional-dop-c02/
47	106271 	879511	/discussions/amazon/view/106271-exam-aws-certified-devops-engineer-professional-dop-c02/
48	106270 	879512	/discussions/amazon/view/106270-exam-aws-certified-devops-engineer-professional-dop-c02/
49	106269 	879513	/discussions/amazon/view/106269-exam-aws-certified-devops-engineer-professional-dop-c02/
50	106268 	879514	/discussions/amazon/view/106268-exam-aws-certified-devops-engineer-professional-dop-c02/
51	106436 	879515	/discussions/amazon/view/106436-exam-aws-certified-devops-engineer-professional-dop-c02/
52	106267 	879516	/discussions/amazon/view/106267-exam-aws-certified-devops-engineer-professional-dop-c02/
53	105446 	879517	/discussions/amazon/view/105446-exam-aws-certified-devops-engineer-professional-dop-c02/
54	105492 	879518	/discussions/amazon/view/105492-exam-aws-certified-devops-engineer-professional-dop-c02/
55	106266 	879519	/discussions/amazon/view/106266-exam-aws-certified-devops-engineer-professional-dop-c02/
56	106265 	879520	/discussions/amazon/view/106265-exam-aws-certified-devops-engineer-professional-dop-c02/
57	106264 	879521	/discussions/amazon/view/106264-exam-aws-certified-devops-engineer-professional-dop-c02/
58	106441 	879522	/discussions/amazon/view/106441-exam-aws-certified-devops-engineer-professional-dop-c02/
59	106262 	879523	/discussions/amazon/view/106262-exam-aws-certified-devops-engineer-professional-dop-c02/
60	106260 	879524	/discussions/amazon/view/106260-exam-aws-certified-devops-engineer-professional-dop-c02/
61	106259 	879525	/discussions/amazon/view/106259-exam-aws-certified-devops-engineer-professional-dop-c02/
62	106442 	879526	/discussions/amazon/view/106442-exam-aws-certified-devops-engineer-professional-dop-c02/
63	106258 	879527	/discussions/amazon/view/106258-exam-aws-certified-devops-engineer-professional-dop-c02/
64	108077 	879528	/discussions/amazon/view/108077-exam-aws-certified-devops-engineer-professional-dop-c02/
65	106444 	879529	/discussions/amazon/view/106444-exam-aws-certified-devops-engineer-professional-dop-c02/
66	106219 	879530	/discussions/amazon/view/106219-exam-aws-certified-devops-engineer-professional-dop-c02/
67	105450 	879531	/discussions/amazon/view/105450-exam-aws-certified-devops-engineer-professional-dop-c02/
68	108354 	879532	/discussions/amazon/view/108354-exam-aws-certified-devops-engineer-professional-dop-c02/
69	108078 	879533	/discussions/amazon/view/108078-exam-aws-certified-devops-engineer-professional-dop-c02/
70	108414 	879534	/discussions/amazon/view/108414-exam-aws-certified-devops-engineer-professional-dop-c02/
71	108355 	879535	/discussions/amazon/view/108355-exam-aws-certified-devops-engineer-professional-dop-c02/
72	108356 	879536	/discussions/amazon/view/108356-exam-aws-certified-devops-engineer-professional-dop-c02/
73	105586 	879537	/discussions/amazon/view/105586-exam-aws-certified-devops-engineer-professional-dop-c02/
74	108079 	879538	/discussions/amazon/view/108079-exam-aws-certified-devops-engineer-professional-dop-c02/
75	108080 	879539	/discussions/amazon/view/108080-exam-aws-certified-devops-engineer-professional-dop-c02/
76	108608 	883131	/discussions/amazon/view/108608-exam-aws-certified-devops-engineer-professional-dop-c02/
77	108676 	883132	/discussions/amazon/view/108676-exam-aws-certified-devops-engineer-professional-dop-c02/
78	108678 	883133	/discussions/amazon/view/108678-exam-aws-certified-devops-engineer-professional-dop-c02/
79	108679 	883134	/discussions/amazon/view/108679-exam-aws-certified-devops-engineer-professional-dop-c02/
80	108586 	883135	/discussions/amazon/view/108586-exam-aws-certified-devops-engineer-professional-dop-c02/
81	109258 	883136	/discussions/amazon/view/109258-exam-aws-certified-devops-engineer-professional-dop-c02/
82	109261 	883137	/discussions/amazon/view/109261-exam-aws-certified-devops-engineer-professional-dop-c02/
83	108810 	883138	/discussions/amazon/view/108810-exam-aws-certified-devops-engineer-professional-dop-c02/
84	108811 	883139	/discussions/amazon/view/108811-exam-aws-certified-devops-engineer-professional-dop-c02/
85	109204 	883140	/discussions/amazon/view/109204-exam-aws-certified-devops-engineer-professional-dop-c02/
86	108587 	883141	/discussions/amazon/view/108587-exam-aws-certified-devops-engineer-professional-dop-c02/
87	109205 	883142	/discussions/amazon/view/109205-exam-aws-certified-devops-engineer-professional-dop-c02/
88	109206 	883143	/discussions/amazon/view/109206-exam-aws-certified-devops-engineer-professional-dop-c02/
89	109207 	883144	/discussions/amazon/view/109207-exam-aws-certified-devops-engineer-professional-dop-c02/
90	109209 	883145	/discussions/amazon/view/109209-exam-aws-certified-devops-engineer-professional-dop-c02/
91	109215 	883146	/discussions/amazon/view/109215-exam-aws-certified-devops-engineer-professional-dop-c02/
92	109216 	883147	/discussions/amazon/view/109216-exam-aws-certified-devops-engineer-professional-dop-c02/
93	108863 	883148	/discussions/amazon/view/108863-exam-aws-certified-devops-engineer-professional-dop-c02/
94	108864 	883149	/discussions/amazon/view/108864-exam-aws-certified-devops-engineer-professional-dop-c02/
95	109217 	883150	/discussions/amazon/view/109217-exam-aws-certified-devops-engineer-professional-dop-c02/
96	109218 	883151	/discussions/amazon/view/109218-exam-aws-certified-devops-engineer-professional-dop-c02/
97	109219 	883152	/discussions/amazon/view/109219-exam-aws-certified-devops-engineer-professional-dop-c02/
98	109220 	883153	/discussions/amazon/view/109220-exam-aws-certified-devops-engineer-professional-dop-c02/
99	108806 	883154	/discussions/amazon/view/108806-exam-aws-certified-devops-engineer-professional-dop-c02/
100	108805 	883155	/discussions/amazon/view/108805-exam-aws-certified-devops-engineer-professional-dop-c02/
101	109130 	883156	/discussions/amazon/view/109130-exam-aws-certified-devops-engineer-professional-dop-c02/
102	108803 	883157	/discussions/amazon/view/108803-exam-aws-certified-devops-engineer-professional-dop-c02/
103	109224 	883158	/discussions/amazon/view/109224-exam-aws-certified-devops-engineer-professional-dop-c02/
104	109237 	883159	/discussions/amazon/view/109237-exam-aws-certified-devops-engineer-professional-dop-c02/
105	109225 	883160	/discussions/amazon/view/109225-exam-aws-certified-devops-engineer-professional-dop-c02/
106	109226 	883161	/discussions/amazon/view/109226-exam-aws-certified-devops-engineer-professional-dop-c02/
107	109227 	883162	/discussions/amazon/view/109227-exam-aws-certified-devops-engineer-professional-dop-c02/
108	109228 	883163	/discussions/amazon/view/109228-exam-aws-certified-devops-engineer-professional-dop-c02/
109	108802 	883164	/discussions/amazon/view/108802-exam-aws-certified-devops-engineer-professional-dop-c02/
110	108749 	883165	/discussions/amazon/view/108749-exam-aws-certified-devops-engineer-professional-dop-c02/
111	108801 	883166	/discussions/amazon/view/108801-exam-aws-certified-devops-engineer-professional-dop-c02/
112	109044 	883167	/discussions/amazon/view/109044-exam-aws-certified-devops-engineer-professional-dop-c02/
113	109191 	883168	/discussions/amazon/view/109191-exam-aws-certified-devops-engineer-professional-dop-c02/
114	109533 	883169	/discussions/amazon/view/109533-exam-aws-certified-devops-engineer-professional-dop-c02/
115	108799 	883170	/discussions/amazon/view/108799-exam-aws-certified-devops-engineer-professional-dop-c02/
116	108798 	883171	/discussions/amazon/view/108798-exam-aws-certified-devops-engineer-professional-dop-c02/
117	109048 	883172	/discussions/amazon/view/109048-exam-aws-certified-devops-engineer-professional-dop-c02/
118	108792 	883173	/discussions/amazon/view/108792-exam-aws-certified-devops-engineer-professional-dop-c02/
119	109194 	883174	/discussions/amazon/view/109194-exam-aws-certified-devops-engineer-professional-dop-c02/
120	109195 	883175	/discussions/amazon/view/109195-exam-aws-certified-devops-engineer-professional-dop-c02/
121	108791 	883176	/discussions/amazon/view/108791-exam-aws-certified-devops-engineer-professional-dop-c02/
122	108790 	883177	/discussions/amazon/view/108790-exam-aws-certified-devops-engineer-professional-dop-c02/
123	109364 	883178	/discussions/amazon/view/109364-exam-aws-certified-devops-engineer-professional-dop-c02/
124	109365 	883179	/discussions/amazon/view/109365-exam-aws-certified-devops-engineer-professional-dop-c02/
125	109182 	883180	/discussions/amazon/view/109182-exam-aws-certified-devops-engineer-professional-dop-c02/
126	109183 	883181	/discussions/amazon/view/109183-exam-aws-certified-devops-engineer-professional-dop-c02/
127	109184 	883182	/discussions/amazon/view/109184-exam-aws-certified-devops-engineer-professional-dop-c02/
128	109366 	883183	/discussions/amazon/view/109366-exam-aws-certified-devops-engineer-professional-dop-c02/
129	109181 	883184	/discussions/amazon/view/109181-exam-aws-certified-devops-engineer-professional-dop-c02/
130	112704 	883185	/discussions/amazon/view/112704-exam-aws-certified-devops-engineer-professional-dop-c02/
131	112703 	888977	/discussions/amazon/view/112703-exam-aws-certified-devops-engineer-professional-dop-c02/
132	112702 	888978	/discussions/amazon/view/112702-exam-aws-certified-devops-engineer-professional-dop-c02/
133	112701 	888979	/discussions/amazon/view/112701-exam-aws-certified-devops-engineer-professional-dop-c02/
134	112699 	888980	/discussions/amazon/view/112699-exam-aws-certified-devops-engineer-professional-dop-c02/
135	119654 	894664	/discussions/amazon/view/119654-exam-aws-certified-devops-engineer-professional-dop-c02/
136	119637 	894665	/discussions/amazon/view/119637-exam-aws-certified-devops-engineer-professional-dop-c02/
137	119638 	894666	/discussions/amazon/view/119638-exam-aws-certified-devops-engineer-professional-dop-c02/
138	126917 	903481	/discussions/amazon/view/126917-exam-aws-certified-devops-engineer-professional-dop-c02/
139	127016 	903482	/discussions/amazon/view/127016-exam-aws-certified-devops-engineer-professional-dop-c02/
140	127270 	903483	/discussions/amazon/view/127270-exam-aws-certified-devops-engineer-professional-dop-c02/
141	126987 	903484	/discussions/amazon/view/126987-exam-aws-certified-devops-engineer-professional-dop-c02/
142	126988 	903485	/discussions/amazon/view/126988-exam-aws-certified-devops-engineer-professional-dop-c02/
143	126989 	903486	/discussions/amazon/view/126989-exam-aws-certified-devops-engineer-professional-dop-c02/
144	126990 	903487	/discussions/amazon/view/126990-exam-aws-certified-devops-engineer-professional-dop-c02/
145	127130 	903488	/discussions/amazon/view/127130-exam-aws-certified-devops-engineer-professional-dop-c02/
146	127013 	903489	/discussions/amazon/view/127013-exam-aws-certified-devops-engineer-professional-dop-c02/
147	126991 	903490	/discussions/amazon/view/126991-exam-aws-certified-devops-engineer-professional-dop-c02/
148	126992 	903491	/discussions/amazon/view/126992-exam-aws-certified-devops-engineer-professional-dop-c02/
149	129671 	907528	/discussions/amazon/view/129671-exam-aws-certified-devops-engineer-professional-dop-c02/
150	129690 	907529	/discussions/amazon/view/129690-exam-aws-certified-devops-engineer-professional-dop-c02/
151	129698 	907530	/discussions/amazon/view/129698-exam-aws-certified-devops-engineer-professional-dop-c02/
152	129672 	907531	/discussions/amazon/view/129672-exam-aws-certified-devops-engineer-professional-dop-c02/
153	129673 	907532	/discussions/amazon/view/129673-exam-aws-certified-devops-engineer-professional-dop-c02/
154	129674 	907533	/discussions/amazon/view/129674-exam-aws-certified-devops-engineer-professional-dop-c02/
155	129675 	907534	/discussions/amazon/view/129675-exam-aws-certified-devops-engineer-professional-dop-c02/
156	129676 	907535	/discussions/amazon/view/129676-exam-aws-certified-devops-engineer-professional-dop-c02/
157	129679 	907536	/discussions/amazon/view/129679-exam-aws-certified-devops-engineer-professional-dop-c02/
158	129680 	907537	/discussions/amazon/view/129680-exam-aws-certified-devops-engineer-professional-dop-c02/
159	129706 	907538	/discussions/amazon/view/129706-exam-aws-certified-devops-engineer-professional-dop-c02/
160	129829 	907539	/discussions/amazon/view/129829-exam-aws-certified-devops-engineer-professional-dop-c02/
161	129708 	907540	/discussions/amazon/view/129708-exam-aws-certified-devops-engineer-professional-dop-c02/
162	129682 	907541	/discussions/amazon/view/129682-exam-aws-certified-devops-engineer-professional-dop-c02/
163	129985 	907542	/discussions/amazon/view/129985-exam-aws-certified-devops-engineer-professional-dop-c02/
164	129710 	907543	/discussions/amazon/view/129710-exam-aws-certified-devops-engineer-professional-dop-c02/
165	129715 	907544	/discussions/amazon/view/129715-exam-aws-certified-devops-engineer-professional-dop-c02/
166	129720 	907545	/discussions/amazon/view/129720-exam-aws-certified-devops-engineer-professional-dop-c02/
167	129727 	907546	/discussions/amazon/view/129727-exam-aws-certified-devops-engineer-professional-dop-c02/
168	129832 	907547	/discussions/amazon/view/129832-exam-aws-certified-devops-engineer-professional-dop-c02/
169	129683 	907548	/discussions/amazon/view/129683-exam-aws-certified-devops-engineer-professional-dop-c02/
170	129732 	907549	/discussions/amazon/view/129732-exam-aws-certified-devops-engineer-professional-dop-c02/
171	129734 	907550	/discussions/amazon/view/129734-exam-aws-certified-devops-engineer-professional-dop-c02/
172	129685 	907551	/discussions/amazon/view/129685-exam-aws-certified-devops-engineer-professional-dop-c02/
173	129833 	907552	/discussions/amazon/view/129833-exam-aws-certified-devops-engineer-professional-dop-c02/
174	129736 	907553	/discussions/amazon/view/129736-exam-aws-certified-devops-engineer-professional-dop-c02/
175	129737 	907554	/discussions/amazon/view/129737-exam-aws-certified-devops-engineer-professional-dop-c02/
176	129686 	907555	/discussions/amazon/view/129686-exam-aws-certified-devops-engineer-professional-dop-c02/
177	129834 	907556	/discussions/amazon/view/129834-exam-aws-certified-devops-engineer-professional-dop-c02/
178	129687 	907557	/discussions/amazon/view/129687-exam-aws-certified-devops-engineer-professional-dop-c02/
179	129688 	907558	/discussions/amazon/view/129688-exam-aws-certified-devops-engineer-professional-dop-c02/
180	129689 	907559	/discussions/amazon/view/129689-exam-aws-certified-devops-engineer-professional-dop-c02/
181	129738 	907560	/discussions/amazon/view/129738-exam-aws-certified-devops-engineer-professional-dop-c02/
182	129692 	907561	/discussions/amazon/view/129692-exam-aws-certified-devops-engineer-professional-dop-c02/
183	129693 	907562	/discussions/amazon/view/129693-exam-aws-certified-devops-engineer-professional-dop-c02/
184	129694 	907563	/discussions/amazon/view/129694-exam-aws-certified-devops-engineer-professional-dop-c02/
185	129696 	907564	/discussions/amazon/view/129696-exam-aws-certified-devops-engineer-professional-dop-c02/
186	129699 	907565	/discussions/amazon/view/129699-exam-aws-certified-devops-engineer-professional-dop-c02/
187	129700 	907566	/discussions/amazon/view/129700-exam-aws-certified-devops-engineer-professional-dop-c02/
188	129701 	907567	/discussions/amazon/view/129701-exam-aws-certified-devops-engineer-professional-dop-c02/
189	129753 	907568	/discussions/amazon/view/129753-exam-aws-certified-devops-engineer-professional-dop-c02/
190	129758 	907569	/discussions/amazon/view/129758-exam-aws-certified-devops-engineer-professional-dop-c02/
191	129762 	907570	/discussions/amazon/view/129762-exam-aws-certified-devops-engineer-professional-dop-c02/
192	129703 	907571	/discussions/amazon/view/129703-exam-aws-certified-devops-engineer-professional-dop-c02/
193	129704 	907572	/discussions/amazon/view/129704-exam-aws-certified-devops-engineer-professional-dop-c02/
194	129705 	907573	/discussions/amazon/view/129705-exam-aws-certified-devops-engineer-professional-dop-c02/
195	133291 	909845	/discussions/amazon/view/133291-exam-aws-certified-devops-engineer-professional-dop-c02/
196	132880 	909846	/discussions/amazon/view/132880-exam-aws-certified-devops-engineer-professional-dop-c02/
197	133261 	909847	/discussions/amazon/view/133261-exam-aws-certified-devops-engineer-professional-dop-c02/
198	132881 	909848	/discussions/amazon/view/132881-exam-aws-certified-devops-engineer-professional-dop-c02/
199	133267 	909849	/discussions/amazon/view/133267-exam-aws-certified-devops-engineer-professional-dop-c02/
200	133298 	910862	/discussions/amazon/view/133298-exam-aws-certified-devops-engineer-professional-dop-c02/
201	133299 	910863	/discussions/amazon/view/133299-exam-aws-certified-devops-engineer-professional-dop-c02/
202	133300 	910864	/discussions/amazon/view/133300-exam-aws-certified-devops-engineer-professional-dop-c02/
203	133301 	910865	/discussions/amazon/view/133301-exam-aws-certified-devops-engineer-professional-dop-c02/
204	133302 	910866	/discussions/amazon/view/133302-exam-aws-certified-devops-engineer-professional-dop-c02/
205	133303 	910867	/discussions/amazon/view/133303-exam-aws-certified-devops-engineer-professional-dop-c02/
206	133304 	910868	/discussions/amazon/view/133304-exam-aws-certified-devops-engineer-professional-dop-c02/
207	133084 	910869	/discussions/amazon/view/133084-exam-aws-certified-devops-engineer-professional-dop-c02/
208	133085 	910870	/discussions/amazon/view/133085-exam-aws-certified-devops-engineer-professional-dop-c02/
209	133293 	910871	/discussions/amazon/view/133293-exam-aws-certified-devops-engineer-professional-dop-c02/
210	135847 	913732	/discussions/amazon/view/135847-exam-aws-certified-devops-engineer-professional-dop-c02/
211	135848 	913733	/discussions/amazon/view/135848-exam-aws-certified-devops-engineer-professional-dop-c02/
212	137360 	913734	/discussions/amazon/view/137360-exam-aws-certified-devops-engineer-professional-dop-c02/
213	136239 	913735	/discussions/amazon/view/136239-exam-aws-certified-devops-engineer-professional-dop-c02/
214	136241 	913736	/discussions/amazon/view/136241-exam-aws-certified-devops-engineer-professional-dop-c02/
215	136243 	913737	/discussions/amazon/view/136243-exam-aws-certified-devops-engineer-professional-dop-c02/
216	137361 	914809	/discussions/amazon/view/137361-exam-aws-certified-devops-engineer-professional-dop-c02/
217	137340 	914810	/discussions/amazon/view/137340-exam-aws-certified-devops-engineer-professional-dop-c02/
218	137362 	914811	/discussions/amazon/view/137362-exam-aws-certified-devops-engineer-professional-dop-c02/
219	137363 	914812	/discussions/amazon/view/137363-exam-aws-certified-devops-engineer-professional-dop-c02/
220	137364 	914813	/discussions/amazon/view/137364-exam-aws-certified-devops-engineer-professional-dop-c02/
221	137342 	914814	/discussions/amazon/view/137342-exam-aws-certified-devops-engineer-professional-dop-c02/
222	137341 	914815	/discussions/amazon/view/137341-exam-aws-certified-devops-engineer-professional-dop-c02/
223	142973 	923181	/discussions/amazon/view/142973-exam-aws-certified-devops-engineer-professional-dop-c02/
224	142990 	923182	/discussions/amazon/view/142990-exam-aws-certified-devops-engineer-professional-dop-c02/
225	143725 	923183	/discussions/amazon/view/143725-exam-aws-certified-devops-engineer-professional-dop-c02/
226	142991 	923184	/discussions/amazon/view/142991-exam-aws-certified-devops-engineer-professional-dop-c02/
227	142992 	923185	/discussions/amazon/view/142992-exam-aws-certified-devops-engineer-professional-dop-c02/
228	143354 	923186	/discussions/amazon/view/143354-exam-aws-certified-devops-engineer-professional-dop-c02/
229	143876 	923187	/discussions/amazon/view/143876-exam-aws-certified-devops-engineer-professional-dop-c02/
230	142993 	923188	/discussions/amazon/view/142993-exam-aws-certified-devops-engineer-professional-dop-c02/
231	142994 	923189	/discussions/amazon/view/142994-exam-aws-certified-devops-engineer-professional-dop-c02/
232	143368 	923190	/discussions/amazon/view/143368-exam-aws-certified-devops-engineer-professional-dop-c02/
233	143365 	923191	/discussions/amazon/view/143365-exam-aws-certified-devops-engineer-professional-dop-c02/
234	143877 	923192	/discussions/amazon/view/143877-exam-aws-certified-devops-engineer-professional-dop-c02/
235	143364 	923193	/discussions/amazon/view/143364-exam-aws-certified-devops-engineer-professional-dop-c02/
236	143475 	923194	/discussions/amazon/view/143475-exam-aws-certified-devops-engineer-professional-dop-c02/
237	143363 	923195	/discussions/amazon/view/143363-exam-aws-certified-devops-engineer-professional-dop-c02/
238	143361 	923196	/discussions/amazon/view/143361-exam-aws-certified-devops-engineer-professional-dop-c02/
239	143360 	923197	/discussions/amazon/view/143360-exam-aws-certified-devops-engineer-professional-dop-c02/
240	143359 	923198	/discussions/amazon/view/143359-exam-aws-certified-devops-engineer-professional-dop-c02/
241	143375 	923199	/discussions/amazon/view/143375-exam-aws-certified-devops-engineer-professional-dop-c02/
242	143374 	923200	/discussions/amazon/view/143374-exam-aws-certified-devops-engineer-professional-dop-c02/
243	143373 	923201	/discussions/amazon/view/143373-exam-aws-certified-devops-engineer-professional-dop-c02/
244	143068 	923202	/discussions/amazon/view/143068-exam-aws-certified-devops-engineer-professional-dop-c02/
245	143070 	923203	/discussions/amazon/view/143070-exam-aws-certified-devops-engineer-professional-dop-c02/
246	143372 	923204	/discussions/amazon/view/143372-exam-aws-certified-devops-engineer-professional-dop-c02/
247	143371 	923205	/discussions/amazon/view/143371-exam-aws-certified-devops-engineer-professional-dop-c02/
248	143518 	923206	/discussions/amazon/view/143518-exam-aws-certified-devops-engineer-professional-dop-c02/
249	143519 	923207	/discussions/amazon/view/143519-exam-aws-certified-devops-engineer-professional-dop-c02/
250	143370 	923208	/discussions/amazon/view/143370-exam-aws-certified-devops-engineer-professional-dop-c02/
251	143395 	923209	/discussions/amazon/view/143395-exam-aws-certified-devops-engineer-professional-dop-c02/
252	143880 	923210	/discussions/amazon/view/143880-exam-aws-certified-devops-engineer-professional-dop-c02/
253	143394 	923211	/discussions/amazon/view/143394-exam-aws-certified-devops-engineer-professional-dop-c02/
254	143393 	923212	/discussions/amazon/view/143393-exam-aws-certified-devops-engineer-professional-dop-c02/
255	143392 	923213	/discussions/amazon/view/143392-exam-aws-certified-devops-engineer-professional-dop-c02/
256	143391 	923214	/discussions/amazon/view/143391-exam-aws-certified-devops-engineer-professional-dop-c02/
257	143792 	923215	/discussions/amazon/view/143792-exam-aws-certified-devops-engineer-professional-dop-c02/
258	143389 	923216	/discussions/amazon/view/143389-exam-aws-certified-devops-engineer-professional-dop-c02/
259	143378 	923217	/discussions/amazon/view/143378-exam-aws-certified-devops-engineer-professional-dop-c02/
260	143377 	923218	/discussions/amazon/view/143377-exam-aws-certified-devops-engineer-professional-dop-c02/
261	143893 	923219	/discussions/amazon/view/143893-exam-aws-certified-devops-engineer-professional-dop-c02/
262	143894 	923220	/discussions/amazon/view/143894-exam-aws-certified-devops-engineer-professional-dop-c02/
263	143406 	923221	/discussions/amazon/view/143406-exam-aws-certified-devops-engineer-professional-dop-c02/
264	143405 	923222	/discussions/amazon/view/143405-exam-aws-certified-devops-engineer-professional-dop-c02/
265	143912 	923223	/discussions/amazon/view/143912-exam-aws-certified-devops-engineer-professional-dop-c02/
266	143404 	923224	/discussions/amazon/view/143404-exam-aws-certified-devops-engineer-professional-dop-c02/
267	143403 	923225	/discussions/amazon/view/143403-exam-aws-certified-devops-engineer-professional-dop-c02/
268	143402 	923501	/discussions/amazon/view/143402-exam-aws-certified-devops-engineer-professional-dop-c02/
269	143401 	923502	/discussions/amazon/view/143401-exam-aws-certified-devops-engineer-professional-dop-c02/
270	143399 	923503	/discussions/amazon/view/143399-exam-aws-certified-devops-engineer-professional-dop-c02/
271	143435 	923504	/discussions/amazon/view/143435-exam-aws-certified-devops-engineer-professional-dop-c02/
272	143418 	923505	/discussions/amazon/view/143418-exam-aws-certified-devops-engineer-professional-dop-c02/
273	143414 	923506	/discussions/amazon/view/143414-exam-aws-certified-devops-engineer-professional-dop-c02/
274	143413 	923507	/discussions/amazon/view/143413-exam-aws-certified-devops-engineer-professional-dop-c02/
275	143412 	923508	/discussions/amazon/view/143412-exam-aws-certified-devops-engineer-professional-dop-c02/
276	143411 	923509	/discussions/amazon/view/143411-exam-aws-certified-devops-engineer-professional-dop-c02/
277	143410 	923510	/discussions/amazon/view/143410-exam-aws-certified-devops-engineer-professional-dop-c02/
278	146254 	926475	/discussions/amazon/view/146254-exam-aws-certified-devops-engineer-professional-dop-c02/
279	146391 	926476	/discussions/amazon/view/146391-exam-aws-certified-devops-engineer-professional-dop-c02/
280	146260 	926477	/discussions/amazon/view/146260-exam-aws-certified-devops-engineer-professional-dop-c02/
281	146217 	926478	/discussions/amazon/view/146217-exam-aws-certified-devops-engineer-professional-dop-c02/
282	153026 	932382	/discussions/amazon/view/153026-exam-aws-certified-devops-engineer-professional-dop-c02/
283	152993 	932383	/discussions/amazon/view/152993-exam-aws-certified-devops-engineer-professional-dop-c02/
284	152994 	932384	/discussions/amazon/view/152994-exam-aws-certified-devops-engineer-professional-dop-c02/
285	153028 	932385	/discussions/amazon/view/153028-exam-aws-certified-devops-engineer-professional-dop-c02/
286	152474 	932386	/discussions/amazon/view/152474-exam-aws-certified-devops-engineer-professional-dop-c02/
287	153424 	932387	/discussions/amazon/view/153424-exam-aws-certified-devops-engineer-professional-dop-c02/
288	153029 	932388	/discussions/amazon/view/153029-exam-aws-certified-devops-engineer-professional-dop-c02/
289	153031 	932389	/discussions/amazon/view/153031-exam-aws-certified-devops-engineer-professional-dop-c02/
290	152995 	932390	/discussions/amazon/view/152995-exam-aws-certified-devops-engineer-professional-dop-c02/
291	151022 	932391	/discussions/amazon/view/151022-exam-aws-certified-devops-engineer-professional-dop-c02/
292	153425 	932392	/discussions/amazon/view/153425-exam-aws-certified-devops-engineer-professional-dop-c02/
293	151064 	932393	/discussions/amazon/view/151064-exam-aws-certified-devops-engineer-professional-dop-c02/
294	152997 	932394	/discussions/amazon/view/152997-exam-aws-certified-devops-engineer-professional-dop-c02/
295	153426 	932395	/discussions/amazon/view/153426-exam-aws-certified-devops-engineer-professional-dop-c02/
296	151838 	932396	/discussions/amazon/view/151838-exam-aws-certified-devops-engineer-professional-dop-c02/
297	153142 	932397	/discussions/amazon/view/153142-exam-aws-certified-devops-engineer-professional-dop-c02/
298	153427 	932398	/discussions/amazon/view/153427-exam-aws-certified-devops-engineer-professional-dop-c02/
299	153428 	932399	/discussions/amazon/view/153428-exam-aws-certified-devops-engineer-professional-dop-c02/
300	151517 	932400	/discussions/amazon/view/151517-exam-aws-certified-devops-engineer-professional-dop-c02/
301	152237 	932401	/discussions/amazon/view/152237-exam-aws-certified-devops-engineer-professional-dop-c02/
302	151700 	932402	/discussions/amazon/view/151700-exam-aws-certified-devops-engineer-professional-dop-c02/
303	151518 	932403	/discussions/amazon/view/151518-exam-aws-certified-devops-engineer-professional-dop-c02/
304	151702 	932404	/discussions/amazon/view/151702-exam-aws-certified-devops-engineer-professional-dop-c02/
305	151704 	932405	/discussions/amazon/view/151704-exam-aws-certified-devops-engineer-professional-dop-c02/
306	152245 	932406	/discussions/amazon/view/152245-exam-aws-certified-devops-engineer-professional-dop-c02/
307	151709 	932407	/discussions/amazon/view/151709-exam-aws-certified-devops-engineer-professional-dop-c02/
308	151655 	932408	/discussions/amazon/view/151655-exam-aws-certified-devops-engineer-professional-dop-c02/
309	152430 	932409	/discussions/amazon/view/152430-exam-aws-certified-devops-engineer-professional-dop-c02/
310	152429 	932410	/discussions/amazon/view/152429-exam-aws-certified-devops-engineer-professional-dop-c02/
311	152094 	932411	/discussions/amazon/view/152094-exam-aws-certified-devops-engineer-professional-dop-c02/
312	152096 	932412	/discussions/amazon/view/152096-exam-aws-certified-devops-engineer-professional-dop-c02/
313	151539 	932413	/discussions/amazon/view/151539-exam-aws-certified-devops-engineer-professional-dop-c02/
314	151840 	932414	/discussions/amazon/view/151840-exam-aws-certified-devops-engineer-professional-dop-c02/
315	153429 	932415	/discussions/amazon/view/153429-exam-aws-certified-devops-engineer-professional-dop-c02/
316	153430 	932416	/discussions/amazon/view/153430-exam-aws-certified-devops-engineer-professional-dop-c02/
317	151540 	932417	/discussions/amazon/view/151540-exam-aws-certified-devops-engineer-professional-dop-c02/
318	151541 	932418	/discussions/amazon/view/151541-exam-aws-certified-devops-engineer-professional-dop-c02/
319	151542 	932419	/discussions/amazon/view/151542-exam-aws-certified-devops-engineer-professional-dop-c02/
320	151748 	932420	/discussions/amazon/view/151748-exam-aws-certified-devops-engineer-professional-dop-c02/
321	151849 	932421	/discussions/amazon/view/151849-exam-aws-certified-devops-engineer-professional-dop-c02/
322	151565 	932422	/discussions/amazon/view/151565-exam-aws-certified-devops-engineer-professional-dop-c02/
323	153128 	932423	/discussions/amazon/view/153128-exam-aws-certified-devops-engineer-professional-dop-c02/
324	151567 	932424	/discussions/amazon/view/151567-exam-aws-certified-devops-engineer-professional-dop-c02/
325	150837 	932425	/discussions/amazon/view/150837-exam-aws-certified-devops-engineer-professional-dop-c02/
326	151850 	932426	/discussions/amazon/view/151850-exam-aws-certified-devops-engineer-professional-dop-c02/
327	151568 	932427	/discussions/amazon/view/151568-exam-aws-certified-devops-engineer-professional-dop-c02/
328	153431 	932428	/discussions/amazon/view/153431-exam-aws-certified-devops-engineer-professional-dop-c02/
329	153432 	932429	/discussions/amazon/view/153432-exam-aws-certified-devops-engineer-professional-dop-c02/
330	152488 	932430	/discussions/amazon/view/152488-exam-aws-certified-devops-engineer-professional-dop-c02/
331	153039 	932431	/discussions/amazon/view/153039-exam-aws-certified-devops-engineer-professional-dop-c02/
332	150569 	932432	/discussions/amazon/view/150569-exam-aws-certified-devops-engineer-professional-dop-c02/
333	151818 	934975	/discussions/amazon/view/151818-exam-aws-certified-devops-engineer-professional-dop-c02/
334	151820 	934976	/discussions/amazon/view/151820-exam-aws-certified-devops-engineer-professional-dop-c02/
335	152811 	934977	/discussions/amazon/view/152811-exam-aws-certified-devops-engineer-professional-dop-c02/
336	151855 	934978	/discussions/amazon/view/151855-exam-aws-certified-devops-engineer-professional-dop-c02/
337	151613 	934979	/discussions/amazon/view/151613-exam-aws-certified-devops-engineer-professional-dop-c02/
338	151614 	934980	/discussions/amazon/view/151614-exam-aws-certified-devops-engineer-professional-dop-c02/
339	151615 	934981	/discussions/amazon/view/151615-exam-aws-certified-devops-engineer-professional-dop-c02/
340	151616 	934982	/discussions/amazon/view/151616-exam-aws-certified-devops-engineer-professional-dop-c02/
341	151617 	934983	/discussions/amazon/view/151617-exam-aws-certified-devops-engineer-professional-dop-c02/
342	151618 	934984	/discussions/amazon/view/151618-exam-aws-certified-devops-engineer-professional-dop-c02/
343	151619 	934985	/discussions/amazon/view/151619-exam-aws-certified-devops-engineer-professional-dop-c02/
344	151620 	934986	/discussions/amazon/view/151620-exam-aws-certified-devops-engineer-professional-dop-c02/
345	151621 	934987	/discussions/amazon/view/151621-exam-aws-certified-devops-engineer-professional-dop-c02/
346	151622 	934988	/discussions/amazon/view/151622-exam-aws-certified-devops-engineer-professional-dop-c02/
347	151623 	934989	/discussions/amazon/view/151623-exam-aws-certified-devops-engineer-professional-dop-c02/
348	151624 	934990	/discussions/amazon/view/151624-exam-aws-certified-devops-engineer-professional-dop-c02/
349	151626 	934991	/discussions/amazon/view/151626-exam-aws-certified-devops-engineer-professional-dop-c02/
350	151628 	934992	/discussions/amazon/view/151628-exam-aws-certified-devops-engineer-professional-dop-c02/
351	151629 	934993	/discussions/amazon/view/151629-exam-aws-certified-devops-engineer-professional-dop-c02/
352	151630 	934994	/discussions/amazon/view/151630-exam-aws-certified-devops-engineer-professional-dop-c02/
353	151631 	934995	/discussions/amazon/view/151631-exam-aws-certified-devops-engineer-professional-dop-c02/
354	0	940809	
355	0	940810	
356	0	940811	
357	0	940812	
358	0	940813	
359	0	940814	
360	0	940815	
361	157101 	940816	/discussions/amazon/view/157101-exam-aws-certified-devops-engineer-professional-dop-c02/
362	0	940817	
363	169071 	940818	/discussions/amazon/view/169071-exam-aws-certified-devops-engineer-professional-dop-c02/
