1	369111	975094	2025-12-07 22:51	/discussions/amazon/view/369111-exam-aws-certified-cloudops-engineer-associate-soa-c03-topic/
2	369113	975095	1900-01-00 0:00	/discussions/amazon/view/369113-exam-aws-certified-cloudops-engineer-associate-soa-c03-topic/
3	369114	975096	1900-01-00 0:00	/discussions/amazon/view/369114-exam-aws-certified-cloudops-engineer-associate-soa-c03-topic/
4	369116	975097	1900-01-00 0:00	/discussions/amazon/view/369116-exam-aws-certified-cloudops-engineer-associate-soa-c03-topic/
5	369115	975098	1900-01-00 0:00	/discussions/amazon/view/369115-exam-aws-certified-cloudops-engineer-associate-soa-c03-topic/
6	369117	975099	2025-12-27 20:34	/discussions/amazon/view/369117-exam-aws-certified-cloudops-engineer-associate-soa-c03-topic/
7	369118	975100	2025-12-14 10:17	/discussions/amazon/view/369118-exam-aws-certified-cloudops-engineer-associate-soa-c03-topic/
8	369119	975101	1900-01-00 0:00	/discussions/amazon/view/369119-exam-aws-certified-cloudops-engineer-associate-soa-c03-topic/
9	369120	975102	1900-01-00 0:00	/discussions/amazon/view/369120-exam-aws-certified-cloudops-engineer-associate-soa-c03-topic/
10	369338	975103	1900-01-00 0:00	/discussions/amazon/view/369338-exam-aws-certified-cloudops-engineer-associate-soa-c03-topic/
11	369121	975104	1900-01-00 0:00	/discussions/amazon/view/369121-exam-aws-certified-cloudops-engineer-associate-soa-c03-topic/
12	369122	975105	1900-01-00 0:00	/discussions/amazon/view/369122-exam-aws-certified-cloudops-engineer-associate-soa-c03-topic/
13	369123	975106	1900-01-00 0:00	/discussions/amazon/view/369123-exam-aws-certified-cloudops-engineer-associate-soa-c03-topic/
14	369124	975107	1900-01-00 0:00	/discussions/amazon/view/369124-exam-aws-certified-cloudops-engineer-associate-soa-c03-topic/
15	369125	975108	1900-01-00 0:00	/discussions/amazon/view/369125-exam-aws-certified-cloudops-engineer-associate-soa-c03-topic/
16	369126	975109	1900-01-00 0:00	/discussions/amazon/view/369126-exam-aws-certified-cloudops-engineer-associate-soa-c03-topic/
17	369127	975110	1900-01-00 0:00	/discussions/amazon/view/369127-exam-aws-certified-cloudops-engineer-associate-soa-c03-topic/
18	369128	975111	1900-01-00 0:00	/discussions/amazon/view/369128-exam-aws-certified-cloudops-engineer-associate-soa-c03-topic/
19	369129	975112	1900-01-00 0:00	/discussions/amazon/view/369129-exam-aws-certified-cloudops-engineer-associate-soa-c03-topic/
20	369130	975113	1900-01-00 0:00	/discussions/amazon/view/369130-exam-aws-certified-cloudops-engineer-associate-soa-c03-topic/
21	369131	975114	1900-01-00 0:00	/discussions/amazon/view/369131-exam-aws-certified-cloudops-engineer-associate-soa-c03-topic/
22	369132	975115	1900-01-00 0:00	/discussions/amazon/view/369132-exam-aws-certified-cloudops-engineer-associate-soa-c03-topic/
23	369133	975116	1900-01-00 0:00	/discussions/amazon/view/369133-exam-aws-certified-cloudops-engineer-associate-soa-c03-topic/
24	369134	975117	1900-01-00 0:00	/discussions/amazon/view/369134-exam-aws-certified-cloudops-engineer-associate-soa-c03-topic/
25	369340	975118	1900-01-00 0:00	/discussions/amazon/view/369340-exam-aws-certified-cloudops-engineer-associate-soa-c03-topic/
26	369135	975119	1900-01-00 0:00	/discussions/amazon/view/369135-exam-aws-certified-cloudops-engineer-associate-soa-c03-topic/
27	369137	975120	1900-01-00 0:00	/discussions/amazon/view/369137-exam-aws-certified-cloudops-engineer-associate-soa-c03-topic/
28	369136	975121	1900-01-00 0:00	/discussions/amazon/view/369136-exam-aws-certified-cloudops-engineer-associate-soa-c03-topic/
29	369138	975122	1900-01-00 0:00	/discussions/amazon/view/369138-exam-aws-certified-cloudops-engineer-associate-soa-c03-topic/
30	369139	975123	1900-01-00 0:00	/discussions/amazon/view/369139-exam-aws-certified-cloudops-engineer-associate-soa-c03-topic/
31	369342	975124	1900-01-00 0:00	/discussions/amazon/view/369342-exam-aws-certified-cloudops-engineer-associate-soa-c03-topic/
32	369140	975125	1900-01-00 0:00	/discussions/amazon/view/369140-exam-aws-certified-cloudops-engineer-associate-soa-c03-topic/
33	369141	975126	1900-01-00 0:00	/discussions/amazon/view/369141-exam-aws-certified-cloudops-engineer-associate-soa-c03-topic/
34	369142	975127	1900-01-00 0:00	/discussions/amazon/view/369142-exam-aws-certified-cloudops-engineer-associate-soa-c03-topic/
35	369143	975128	1900-01-00 0:00	/discussions/amazon/view/369143-exam-aws-certified-cloudops-engineer-associate-soa-c03-topic/
36	369144	975129	1900-01-00 0:00	/discussions/amazon/view/369144-exam-aws-certified-cloudops-engineer-associate-soa-c03-topic/
37	369215	975130	1900-01-00 0:00	/discussions/amazon/view/369215-exam-aws-certified-cloudops-engineer-associate-soa-c03-topic/
38	369147	975131	1900-01-00 0:00	/discussions/amazon/view/369147-exam-aws-certified-cloudops-engineer-associate-soa-c03-topic/
39	369145	975132	1900-01-00 0:00	/discussions/amazon/view/369145-exam-aws-certified-cloudops-engineer-associate-soa-c03-topic/
40	369146	975133	1900-01-00 0:00	/discussions/amazon/view/369146-exam-aws-certified-cloudops-engineer-associate-soa-c03-topic/
41	369341	975134	1900-01-00 0:00	/discussions/amazon/view/369341-exam-aws-certified-cloudops-engineer-associate-soa-c03-topic/
42	369148	975135	1900-01-00 0:00	/discussions/amazon/view/369148-exam-aws-certified-cloudops-engineer-associate-soa-c03-topic/
43	369149	975136	1900-01-00 0:00	/discussions/amazon/view/369149-exam-aws-certified-cloudops-engineer-associate-soa-c03-topic/
44	369150	975137	1900-01-00 0:00	/discussions/amazon/view/369150-exam-aws-certified-cloudops-engineer-associate-soa-c03-topic/
45	369151	975138	1900-01-00 0:00	/discussions/amazon/view/369151-exam-aws-certified-cloudops-engineer-associate-soa-c03-topic/
46	369216	975139	1900-01-00 0:00	/discussions/amazon/view/369216-exam-aws-certified-cloudops-engineer-associate-soa-c03-topic/
47	369217	975140	1900-01-00 0:00	/discussions/amazon/view/369217-exam-aws-certified-cloudops-engineer-associate-soa-c03-topic/
48	369343	975141	1900-01-00 0:00	/discussions/amazon/view/369343-exam-aws-certified-cloudops-engineer-associate-soa-c03-topic/
49	369152	975142	1900-01-00 0:00	/discussions/amazon/view/369152-exam-aws-certified-cloudops-engineer-associate-soa-c03-topic/
50	369153	975143	1900-01-00 0:00	/discussions/amazon/view/369153-exam-aws-certified-cloudops-engineer-associate-soa-c03-topic/
51	369218	975144	1900-01-00 0:00	/discussions/amazon/view/369218-exam-aws-certified-cloudops-engineer-associate-soa-c03-topic/
52	369154	975145	1900-01-00 0:00	/discussions/amazon/view/369154-exam-aws-certified-cloudops-engineer-associate-soa-c03-topic/
53	369155	975146	1900-01-00 0:00	/discussions/amazon/view/369155-exam-aws-certified-cloudops-engineer-associate-soa-c03-topic/
54	369222	975147	1900-01-00 0:00	/discussions/amazon/view/369222-exam-aws-certified-cloudops-engineer-associate-soa-c03-topic/
55	369156	975148	1900-01-00 0:00	/discussions/amazon/view/369156-exam-aws-certified-cloudops-engineer-associate-soa-c03-topic/
56	369157	975149	1900-01-00 0:00	/discussions/amazon/view/369157-exam-aws-certified-cloudops-engineer-associate-soa-c03-topic/
57	369219	975150	1900-01-00 0:00	/discussions/amazon/view/369219-exam-aws-certified-cloudops-engineer-associate-soa-c03-topic/
58	369158	975151	1900-01-00 0:00	/discussions/amazon/view/369158-exam-aws-certified-cloudops-engineer-associate-soa-c03-topic/
59	369159	975152	1900-01-00 0:00	/discussions/amazon/view/369159-exam-aws-certified-cloudops-engineer-associate-soa-c03-topic/
60	369160	975153	1900-01-00 0:00	/discussions/amazon/view/369160-exam-aws-certified-cloudops-engineer-associate-soa-c03-topic/
61	369161	975154	1900-01-00 0:00	/discussions/amazon/view/369161-exam-aws-certified-cloudops-engineer-associate-soa-c03-topic/
62	369220	975155	1900-01-00 0:00	/discussions/amazon/view/369220-exam-aws-certified-cloudops-engineer-associate-soa-c03-topic/
63	369162	975156	1900-01-00 0:00	/discussions/amazon/view/369162-exam-aws-certified-cloudops-engineer-associate-soa-c03-topic/
64	369221	975157	1900-01-00 0:00	/discussions/amazon/view/369221-exam-aws-certified-cloudops-engineer-associate-soa-c03-topic/
65	369163	975158	1900-01-00 0:00	/discussions/amazon/view/369163-exam-aws-certified-cloudops-engineer-associate-soa-c03-topic/
