1	102778	874573	2025-12-04 1:25	/discussions/amazon/view/102778-exam-aws-certified-developer-associate-dva-c02-topic-1/
2	102782	874574	2025-06-17 7:01	/discussions/amazon/view/102782-exam-aws-certified-developer-associate-dva-c02-topic-1/
3	102788	874575	2024-12-20 14:36	/discussions/amazon/view/102788-exam-aws-certified-developer-associate-dva-c02-topic-1/
4	102789	874576	2024-12-20 14:19	/discussions/amazon/view/102789-exam-aws-certified-developer-associate-dva-c02-topic-1/
5	102783	874577	2024-12-20 14:39	/discussions/amazon/view/102783-exam-aws-certified-developer-associate-dva-c02-topic-1/
6	102784	874578	2025-04-16 19:02	/discussions/amazon/view/102784-exam-aws-certified-developer-associate-dva-c02-topic-1/
7	102785	874579	2025-04-14 17:09	/discussions/amazon/view/102785-exam-aws-certified-developer-associate-dva-c02-topic-1/
8	102786	874580	2025-04-16 19:04	/discussions/amazon/view/102786-exam-aws-certified-developer-associate-dva-c02-topic-1/
9	103334	874581	2025-04-16 19:06	/discussions/amazon/view/103334-exam-aws-certified-developer-associate-dva-c02-topic-1/
10	103335	874582	2024-12-20 16:39	/discussions/amazon/view/103335-exam-aws-certified-developer-associate-dva-c02-topic-1/
11	102787	874583	2025-05-23 0:05	/discussions/amazon/view/102787-exam-aws-certified-developer-associate-dva-c02-topic-1/
12	103439	874584	2024-12-20 18:07	/discussions/amazon/view/103439-exam-aws-certified-developer-associate-dva-c02-topic-1/
13	103442	874585	2025-06-02 13:45	/discussions/amazon/view/103442-exam-aws-certified-developer-associate-dva-c02-topic-1/
14	102741	874586	2024-12-21 5:30	/discussions/amazon/view/102741-exam-aws-certified-developer-associate-dva-c02-topic-1/
15	102742	874587	2024-12-21 5:33	/discussions/amazon/view/102742-exam-aws-certified-developer-associate-dva-c02-topic-1/
16	103444	874588	2024-12-21 5:35	/discussions/amazon/view/103444-exam-aws-certified-developer-associate-dva-c02-topic-1/
17	102743	874589	2025-10-22 19:02	/discussions/amazon/view/102743-exam-aws-certified-developer-associate-dva-c02-topic-1/
18	103466	874590	2024-12-21 10:22	/discussions/amazon/view/103466-exam-aws-certified-developer-associate-dva-c02-topic-1/
19	103467	874591	2025-10-22 18:56	/discussions/amazon/view/103467-exam-aws-certified-developer-associate-dva-c02-topic-1/
20	103468	874592	2024-12-21 10:43	/discussions/amazon/view/103468-exam-aws-certified-developer-associate-dva-c02-topic-1/
21	102899	874593	2025-10-22 19:05	/discussions/amazon/view/102899-exam-aws-certified-developer-associate-dva-c02-topic-1/
22	103644	874594	2025-04-17 11:48	/discussions/amazon/view/103644-exam-aws-certified-developer-associate-dva-c02-topic-1/
23	102900	874595	2025-10-22 19:14	/discussions/amazon/view/102900-exam-aws-certified-developer-associate-dva-c02-topic-1/
24	103646	874596	2025-01-30 8:34	/discussions/amazon/view/103646-exam-aws-certified-developer-associate-dva-c02-topic-1/
25	103510	874597	2025-05-25 8:19	/discussions/amazon/view/103510-exam-aws-certified-developer-associate-dva-c02-topic-1/
26	103656	874598	2025-05-25 8:25	/discussions/amazon/view/103656-exam-aws-certified-developer-associate-dva-c02-topic-1/
27	102901	874599	2025-01-30 8:58	/discussions/amazon/view/102901-exam-aws-certified-developer-associate-dva-c02-topic-1/
28	102902	874600	2024-12-22 11:54	/discussions/amazon/view/102902-exam-aws-certified-developer-associate-dva-c02-topic-1/
29	102903	874601	2024-12-22 12:03	/discussions/amazon/view/102903-exam-aws-certified-developer-associate-dva-c02-topic-1/
30	102904	874602	2025-07-09 3:41	/discussions/amazon/view/102904-exam-aws-certified-developer-associate-dva-c02-topic-1/
31	103513	874603	2024-12-22 17:34	/discussions/amazon/view/103513-exam-aws-certified-developer-associate-dva-c02-topic-1/
32	103515	874604	2025-02-01 12:20	/discussions/amazon/view/103515-exam-aws-certified-developer-associate-dva-c02-topic-1/
33	103664	874605	2025-12-25 16:09	/discussions/amazon/view/103664-exam-aws-certified-developer-associate-dva-c02-topic-1/
34	103517	874606	2024-12-22 17:54	/discussions/amazon/view/103517-exam-aws-certified-developer-associate-dva-c02-topic-1/
35	103519	874607	2025-03-17 11:48	/discussions/amazon/view/103519-exam-aws-certified-developer-associate-dva-c02-topic-1/
36	103521	874608	2024-12-22 18:13	/discussions/amazon/view/103521-exam-aws-certified-developer-associate-dva-c02-topic-1/
37	103850	874609	2025-03-17 11:57	/discussions/amazon/view/103850-exam-aws-certified-developer-associate-dva-c02-topic-1/
38	103522	874610	2024-12-25 21:28	/discussions/amazon/view/103522-exam-aws-certified-developer-associate-dva-c02-topic-1/
39	103913	874611	2024-12-22 18:33	/discussions/amazon/view/103913-exam-aws-certified-developer-associate-dva-c02-topic-1/
40	103523	874612	2024-12-22 18:38	/discussions/amazon/view/103523-exam-aws-certified-developer-associate-dva-c02-topic-1/
41	103858	874613	2024-12-23 10:57	/discussions/amazon/view/103858-exam-aws-certified-developer-associate-dva-c02-topic-1/
42	103914	874614	2025-01-01 21:33	/discussions/amazon/view/103914-exam-aws-certified-developer-associate-dva-c02-topic-1/
43	103915	874615	2024-12-23 11:03	/discussions/amazon/view/103915-exam-aws-certified-developer-associate-dva-c02-topic-1/
44	103916	874616	2024-12-23 17:07	/discussions/amazon/view/103916-exam-aws-certified-developer-associate-dva-c02-topic-1/
45	103708	874617	2025-03-16 7:05	/discussions/amazon/view/103708-exam-aws-certified-developer-associate-dva-c02-topic-1/
46	103917	874618	2024-12-23 17:14	/discussions/amazon/view/103917-exam-aws-certified-developer-associate-dva-c02-topic-1/
47	103721	874619	2025-03-06 17:25	/discussions/amazon/view/103721-exam-aws-certified-developer-associate-dva-c02-topic-1/
48	103918	874620	2025-01-24 8:37	/discussions/amazon/view/103918-exam-aws-certified-developer-associate-dva-c02-topic-1/
49	103919	874621	2024-12-23 18:05	/discussions/amazon/view/103919-exam-aws-certified-developer-associate-dva-c02-topic-1/
50	103619	874622	2024-12-23 18:08	/discussions/amazon/view/103619-exam-aws-certified-developer-associate-dva-c02-topic-1/
51	103772	874623	2024-12-24 6:09	/discussions/amazon/view/103772-exam-aws-certified-developer-associate-dva-c02-topic-1/
52	103922	874624	2025-06-25 19:17	/discussions/amazon/view/103922-exam-aws-certified-developer-associate-dva-c02-topic-1/
53	103723	874625	2024-12-24 6:35	/discussions/amazon/view/103723-exam-aws-certified-developer-associate-dva-c02-topic-1/
54	103757	874626	2024-12-24 6:59	/discussions/amazon/view/103757-exam-aws-certified-developer-associate-dva-c02-topic-1/
55	103931	874627	2024-12-24 7:05	/discussions/amazon/view/103931-exam-aws-certified-developer-associate-dva-c02-topic-1/
56	103932	874628	2024-12-24 7:07	/discussions/amazon/view/103932-exam-aws-certified-developer-associate-dva-c02-topic-1/
57	104013	874629	2024-12-24 9:29	/discussions/amazon/view/104013-exam-aws-certified-developer-associate-dva-c02-topic-1/
58	104014	874630	2024-12-24 10:26	/discussions/amazon/view/104014-exam-aws-certified-developer-associate-dva-c02-topic-1/
59	104015	874631	2025-03-02 17:43	/discussions/amazon/view/104015-exam-aws-certified-developer-associate-dva-c02-topic-1/
60	103807	874632	2025-03-02 17:50	/discussions/amazon/view/103807-exam-aws-certified-developer-associate-dva-c02-topic-1/
61	103904	874633	2024-12-24 10:57	/discussions/amazon/view/103904-exam-aws-certified-developer-associate-dva-c02-topic-1/
62	104016	874634	2025-03-07 18:35	/discussions/amazon/view/104016-exam-aws-certified-developer-associate-dva-c02-topic-1/
63	103955	874635	2025-06-30 2:19	/discussions/amazon/view/103955-exam-aws-certified-developer-associate-dva-c02-topic-1/
64	103687	874636	2024-12-24 14:13	/discussions/amazon/view/103687-exam-aws-certified-developer-associate-dva-c02-topic-1/
65	103686	874637	2024-12-24 14:22	/discussions/amazon/view/103686-exam-aws-certified-developer-associate-dva-c02-topic-1/
66	107437	882049	2024-12-24 14:29	/discussions/amazon/view/107437-exam-aws-certified-developer-associate-dva-c02-topic-1/
67	107439	882050	2025-02-03 17:46	/discussions/amazon/view/107439-exam-aws-certified-developer-associate-dva-c02-topic-1/
68	106484	882051	2024-12-24 14:43	/discussions/amazon/view/106484-exam-aws-certified-developer-associate-dva-c02-topic-1/
69	107440	882052	2024-12-24 15:07	/discussions/amazon/view/107440-exam-aws-certified-developer-associate-dva-c02-topic-1/
70	106488	882053	2024-12-24 15:13	/discussions/amazon/view/106488-exam-aws-certified-developer-associate-dva-c02-topic-1/
71	106490	882054	2024-12-25 14:18	/discussions/amazon/view/106490-exam-aws-certified-developer-associate-dva-c02-topic-1/
72	106491	882055	2024-12-25 14:30	/discussions/amazon/view/106491-exam-aws-certified-developer-associate-dva-c02-topic-1/
73	106708	882056	2024-12-25 15:18	/discussions/amazon/view/106708-exam-aws-certified-developer-associate-dva-c02-topic-1/
74	106711	882057	2024-12-25 15:21	/discussions/amazon/view/106711-exam-aws-certified-developer-associate-dva-c02-topic-1/
75	106717	882058	2024-12-25 15:23	/discussions/amazon/view/106717-exam-aws-certified-developer-associate-dva-c02-topic-1/
76	108728	882520	2024-12-25 15:25	/discussions/amazon/view/108728-exam-aws-certified-developer-associate-dva-c02-topic-1/
77	107443	882521	2024-12-25 15:29	/discussions/amazon/view/107443-exam-aws-certified-developer-associate-dva-c02-topic-1/
78	107444	882522	2024-12-25 15:33	/discussions/amazon/view/107444-exam-aws-certified-developer-associate-dva-c02-topic-1/
79	108734	882523	2025-04-06 16:38	/discussions/amazon/view/108734-exam-aws-certified-developer-associate-dva-c02-topic-1/
80	108735	882524	2025-04-06 16:37	/discussions/amazon/view/108735-exam-aws-certified-developer-associate-dva-c02-topic-1/
81	106899	882525	2024-12-26 6:36	/discussions/amazon/view/106899-exam-aws-certified-developer-associate-dva-c02-topic-1/
82	107445	882526	2024-12-26 6:49	/discussions/amazon/view/107445-exam-aws-certified-developer-associate-dva-c02-topic-1/
83	109005	882527	2024-12-26 11:27	/discussions/amazon/view/109005-exam-aws-certified-developer-associate-dva-c02-topic-1/
84	108737	882528	2024-12-26 11:28	/discussions/amazon/view/108737-exam-aws-certified-developer-associate-dva-c02-topic-1/
85	108738	882529	2024-12-26 12:33	/discussions/amazon/view/108738-exam-aws-certified-developer-associate-dva-c02-topic-1/
86	106939	882530	2024-12-26 13:13	/discussions/amazon/view/106939-exam-aws-certified-developer-associate-dva-c02-topic-1/
87	108739	882531	2024-12-26 13:17	/discussions/amazon/view/108739-exam-aws-certified-developer-associate-dva-c02-topic-1/
88	108740	882532	2024-12-26 13:20	/discussions/amazon/view/108740-exam-aws-certified-developer-associate-dva-c02-topic-1/
89	111295	882533	2025-02-08 11:09	/discussions/amazon/view/111295-exam-aws-certified-developer-associate-dva-c02-topic-1/
90	109208	882534	2025-08-16 10:48	/discussions/amazon/view/109208-exam-aws-certified-developer-associate-dva-c02-topic-1/
91	109210	882535	2024-12-26 18:08	/discussions/amazon/view/109210-exam-aws-certified-developer-associate-dva-c02-topic-1/
92	108741	882536	2024-12-26 18:10	/discussions/amazon/view/108741-exam-aws-certified-developer-associate-dva-c02-topic-1/
93	106941	882537	2025-02-08 17:20	/discussions/amazon/view/106941-exam-aws-certified-developer-associate-dva-c02-topic-1/
94	109241	882538	2024-12-26 18:19	/discussions/amazon/view/109241-exam-aws-certified-developer-associate-dva-c02-topic-1/
95	108742	882539	2024-12-27 10:02	/discussions/amazon/view/108742-exam-aws-certified-developer-associate-dva-c02-topic-1/
96	106946	882540	2024-12-27 10:15	/discussions/amazon/view/106946-exam-aws-certified-developer-associate-dva-c02-topic-1/
97	106947	882541	2025-01-24 17:24	/discussions/amazon/view/106947-exam-aws-certified-developer-associate-dva-c02-topic-1/
98	109646	882542	2024-12-27 11:19	/discussions/amazon/view/109646-exam-aws-certified-developer-associate-dva-c02-topic-1/
99	109229	882543	2024-12-27 11:40	/discussions/amazon/view/109229-exam-aws-certified-developer-associate-dva-c02-topic-1/
100	109246	882544	2025-04-06 6:18	/discussions/amazon/view/109246-exam-aws-certified-developer-associate-dva-c02-topic-1/
101	106980	882545	2025-04-06 6:20	/discussions/amazon/view/106980-exam-aws-certified-developer-associate-dva-c02-topic-1/
102	106981	882546	2024-12-27 13:56	/discussions/amazon/view/106981-exam-aws-certified-developer-associate-dva-c02-topic-1/
103	106984	882547	2024-12-27 14:01	/discussions/amazon/view/106984-exam-aws-certified-developer-associate-dva-c02-topic-1/
104	106987	882548	2024-12-27 14:04	/discussions/amazon/view/106987-exam-aws-certified-developer-associate-dva-c02-topic-1/
105	106989	882549	2024-12-27 14:08	/discussions/amazon/view/106989-exam-aws-certified-developer-associate-dva-c02-topic-1/
106	106992	882550	2025-02-08 23:05	/discussions/amazon/view/106992-exam-aws-certified-developer-associate-dva-c02-topic-1/
107	107007	882551	2024-12-27 14:20	/discussions/amazon/view/107007-exam-aws-certified-developer-associate-dva-c02-topic-1/
108	107010	882552	2024-12-27 14:21	/discussions/amazon/view/107010-exam-aws-certified-developer-associate-dva-c02-topic-1/
109	109399	882553	2025-05-11 4:45	/discussions/amazon/view/109399-exam-aws-certified-developer-associate-dva-c02-topic-1/
110	107013	882554	2024-12-27 14:28	/discussions/amazon/view/107013-exam-aws-certified-developer-associate-dva-c02-topic-1/
111	107028	882555	2024-12-27 16:14	/discussions/amazon/view/107028-exam-aws-certified-developer-associate-dva-c02-topic-1/
112	107037	882556	2024-12-27 16:25	/discussions/amazon/view/107037-exam-aws-certified-developer-associate-dva-c02-topic-1/
113	107038	882557	2024-12-27 16:26	/discussions/amazon/view/107038-exam-aws-certified-developer-associate-dva-c02-topic-1/
114	107039	882558	2024-12-27 16:29	/discussions/amazon/view/107039-exam-aws-certified-developer-associate-dva-c02-topic-1/
115	107041	882559	2024-12-27 16:32	/discussions/amazon/view/107041-exam-aws-certified-developer-associate-dva-c02-topic-1/
116	107050	882560	2024-12-28 6:28	/discussions/amazon/view/107050-exam-aws-certified-developer-associate-dva-c02-topic-1/
117	107051	882561	2024-12-28 8:51	/discussions/amazon/view/107051-exam-aws-certified-developer-associate-dva-c02-topic-1/
118	107052	882562	2024-12-28 9:39	/discussions/amazon/view/107052-exam-aws-certified-developer-associate-dva-c02-topic-1/
119	107053	882563	2025-12-26 12:24	/discussions/amazon/view/107053-exam-aws-certified-developer-associate-dva-c02-topic-1/
120	107054	882564	2024-12-28 12:39	/discussions/amazon/view/107054-exam-aws-certified-developer-associate-dva-c02-topic-1/
121	107055	882565	2024-12-28 13:46	/discussions/amazon/view/107055-exam-aws-certified-developer-associate-dva-c02-topic-1/
122	107057	882566	2025-02-09 18:41	/discussions/amazon/view/107057-exam-aws-certified-developer-associate-dva-c02-topic-1/
123	107059	882567	2025-02-09 18:51	/discussions/amazon/view/107059-exam-aws-certified-developer-associate-dva-c02-topic-1/
124	107060	882568	2024-12-28 14:17	/discussions/amazon/view/107060-exam-aws-certified-developer-associate-dva-c02-topic-1/
125	107062	882569	2024-12-28 14:26	/discussions/amazon/view/107062-exam-aws-certified-developer-associate-dva-c02-topic-1/
126	107063	882570	2024-12-28 14:30	/discussions/amazon/view/107063-exam-aws-certified-developer-associate-dva-c02-topic-1/
127	107064	882571	2024-12-28 14:40	/discussions/amazon/view/107064-exam-aws-certified-developer-associate-dva-c02-topic-1/
128	107066	882572	2025-03-14 9:16	/discussions/amazon/view/107066-exam-aws-certified-developer-associate-dva-c02-topic-1/
129	112424	887048	2025-01-25 4:38	/discussions/amazon/view/112424-exam-aws-certified-developer-associate-dva-c02-topic-1/
130	111831	887049	2024-12-28 14:59	/discussions/amazon/view/111831-exam-aws-certified-developer-associate-dva-c02-topic-1/
131	111832	887050	2025-05-19 9:47	/discussions/amazon/view/111832-exam-aws-certified-developer-associate-dva-c02-topic-1/
132	117336	893535	2024-05-23 2:45	/discussions/amazon/view/117336-exam-aws-certified-developer-associate-dva-c02-topic-1/
133	117335	893536	2025-06-08 1:13	/discussions/amazon/view/117335-exam-aws-certified-developer-associate-dva-c02-topic-1/
134	117334	893537	2024-05-23 3:06	/discussions/amazon/view/117334-exam-aws-certified-developer-associate-dva-c02-topic-1/
135	117333	893538	2024-06-17 5:51	/discussions/amazon/view/117333-exam-aws-certified-developer-associate-dva-c02-topic-1/
136	117332	893539	2025-05-19 9:48	/discussions/amazon/view/117332-exam-aws-certified-developer-associate-dva-c02-topic-1/
137	117331	893540	2025-01-25 6:53	/discussions/amazon/view/117331-exam-aws-certified-developer-associate-dva-c02-topic-1/
138	117795	893541	2025-02-05 11:09	/discussions/amazon/view/117795-exam-aws-certified-developer-associate-dva-c02-topic-1/
139	117476	893542	2024-05-23 3:23	/discussions/amazon/view/117476-exam-aws-certified-developer-associate-dva-c02-topic-1/
140	117574	893543	2025-12-09 18:27	/discussions/amazon/view/117574-exam-aws-certified-developer-associate-dva-c02-topic-1/
141	117797	893544	2024-05-23 3:30	/discussions/amazon/view/117797-exam-aws-certified-developer-associate-dva-c02-topic-1/
142	117798	893545	2024-05-23 3:31	/discussions/amazon/view/117798-exam-aws-certified-developer-associate-dva-c02-topic-1/
143	122655	898357	2024-05-23 3:32	/discussions/amazon/view/122655-exam-aws-certified-developer-associate-dva-c02-topic-1/
144	122562	898358	2024-07-23 10:33	/discussions/amazon/view/122562-exam-aws-certified-developer-associate-dva-c02-topic-1/
145	122563	898359	2024-08-08 1:46	/discussions/amazon/view/122563-exam-aws-certified-developer-associate-dva-c02-topic-1/
146	122564	898360	2024-05-23 3:38	/discussions/amazon/view/122564-exam-aws-certified-developer-associate-dva-c02-topic-1/
147	122565	898361	2024-11-04 11:41	/discussions/amazon/view/122565-exam-aws-certified-developer-associate-dva-c02-topic-1/
148	122566	898362	2024-09-26 3:44	/discussions/amazon/view/122566-exam-aws-certified-developer-associate-dva-c02-topic-1/
149	122567	898363	2024-05-23 3:45	/discussions/amazon/view/122567-exam-aws-certified-developer-associate-dva-c02-topic-1/
150	122571	898364	2024-05-23 3:48	/discussions/amazon/view/122571-exam-aws-certified-developer-associate-dva-c02-topic-1/
151	122569	898365	2024-11-04 0:12	/discussions/amazon/view/122569-exam-aws-certified-developer-associate-dva-c02-topic-1/
152	122572	898366	2024-09-26 6:08	/discussions/amazon/view/122572-exam-aws-certified-developer-associate-dva-c02-topic-1/
153	122570	898367	2025-09-20 0:09	/discussions/amazon/view/122570-exam-aws-certified-developer-associate-dva-c02-topic-1/
154	122573	898368	2024-10-27 12:30	/discussions/amazon/view/122573-exam-aws-certified-developer-associate-dva-c02-topic-1/
155	122574	898369	2024-06-17 5:53	/discussions/amazon/view/122574-exam-aws-certified-developer-associate-dva-c02-topic-1/
156	122575	898370	2024-05-23 13:01	/discussions/amazon/view/122575-exam-aws-certified-developer-associate-dva-c02-topic-1/
157	122576	898371	2024-05-23 13:02	/discussions/amazon/view/122576-exam-aws-certified-developer-associate-dva-c02-topic-1/
158	122577	898372	2024-05-23 13:05	/discussions/amazon/view/122577-exam-aws-certified-developer-associate-dva-c02-topic-1/
159	122578	898373	2024-12-21 1:51	/discussions/amazon/view/122578-exam-aws-certified-developer-associate-dva-c02-topic-1/
160	122579	898374	2024-05-23 13:11	/discussions/amazon/view/122579-exam-aws-certified-developer-associate-dva-c02-topic-1/
161	122580	898375	2024-11-06 17:22	/discussions/amazon/view/122580-exam-aws-certified-developer-associate-dva-c02-topic-1/
162	122582	898376	2024-05-23 13:25	/discussions/amazon/view/122582-exam-aws-certified-developer-associate-dva-c02-topic-1/
163	122581	898377	2024-09-27 6:23	/discussions/amazon/view/122581-exam-aws-certified-developer-associate-dva-c02-topic-1/
164	122586	898378	2024-08-30 21:17	/discussions/amazon/view/122586-exam-aws-certified-developer-associate-dva-c02-topic-1/
165	122585	898379	2024-10-31 8:52	/discussions/amazon/view/122585-exam-aws-certified-developer-associate-dva-c02-topic-1/
166	122584	898380	2024-09-13 0:51	/discussions/amazon/view/122584-exam-aws-certified-developer-associate-dva-c02-topic-1/
167	122587	898381	2024-05-23 13:40	/discussions/amazon/view/122587-exam-aws-certified-developer-associate-dva-c02-topic-1/
168	122588	898382	2024-06-17 6:18	/discussions/amazon/view/122588-exam-aws-certified-developer-associate-dva-c02-topic-1/
169	122589	898383	2024-05-23 13:42	/discussions/amazon/view/122589-exam-aws-certified-developer-associate-dva-c02-topic-1/
170	122590	898384	2024-09-27 8:42	/discussions/amazon/view/122590-exam-aws-certified-developer-associate-dva-c02-topic-1/
171	122591	898385	2024-05-23 14:35	/discussions/amazon/view/122591-exam-aws-certified-developer-associate-dva-c02-topic-1/
172	122593	898386	2024-05-23 14:36	/discussions/amazon/view/122593-exam-aws-certified-developer-associate-dva-c02-topic-1/
173	122592	898387	2024-05-23 14:39	/discussions/amazon/view/122592-exam-aws-certified-developer-associate-dva-c02-topic-1/
174	122594	898388	2024-05-23 14:43	/discussions/amazon/view/122594-exam-aws-certified-developer-associate-dva-c02-topic-1/
175	122595	898389	2024-12-10 11:22	/discussions/amazon/view/122595-exam-aws-certified-developer-associate-dva-c02-topic-1/
176	122596	898390	2024-05-23 14:46	/discussions/amazon/view/122596-exam-aws-certified-developer-associate-dva-c02-topic-1/
177	122597	898391	2024-07-25 3:07	/discussions/amazon/view/122597-exam-aws-certified-developer-associate-dva-c02-topic-1/
178	122598	898392	2024-05-23 14:50	/discussions/amazon/view/122598-exam-aws-certified-developer-associate-dva-c02-topic-1/
179	122600	898393	2024-05-23 14:52	/discussions/amazon/view/122600-exam-aws-certified-developer-associate-dva-c02-topic-1/
180	122601	898394	2024-08-26 19:53	/discussions/amazon/view/122601-exam-aws-certified-developer-associate-dva-c02-topic-1/
181	122602	898395	2024-05-23 15:08	/discussions/amazon/view/122602-exam-aws-certified-developer-associate-dva-c02-topic-1/
182	122604	898396	2024-08-04 2:49	/discussions/amazon/view/122604-exam-aws-certified-developer-associate-dva-c02-topic-1/
183	122606	898397	2024-07-18 7:11	/discussions/amazon/view/122606-exam-aws-certified-developer-associate-dva-c02-topic-1/
184	122605	898398	2024-05-23 15:15	/discussions/amazon/view/122605-exam-aws-certified-developer-associate-dva-c02-topic-1/
185	122607	898399	2024-09-28 5:39	/discussions/amazon/view/122607-exam-aws-certified-developer-associate-dva-c02-topic-1/
186	122608	898400	2024-09-28 5:42	/discussions/amazon/view/122608-exam-aws-certified-developer-associate-dva-c02-topic-1/
187	122609	898401	2024-05-23 15:38	/discussions/amazon/view/122609-exam-aws-certified-developer-associate-dva-c02-topic-1/
188	122610	898402	2024-06-17 6:21	/discussions/amazon/view/122610-exam-aws-certified-developer-associate-dva-c02-topic-1/
189	122611	898403	2024-05-23 15:44	/discussions/amazon/view/122611-exam-aws-certified-developer-associate-dva-c02-topic-1/
190	122612	898404	2024-05-23 15:46	/discussions/amazon/view/122612-exam-aws-certified-developer-associate-dva-c02-topic-1/
191	122613	898405	2024-05-23 15:48	/discussions/amazon/view/122613-exam-aws-certified-developer-associate-dva-c02-topic-1/
192	122615	898406	2024-05-23 15:50	/discussions/amazon/view/122615-exam-aws-certified-developer-associate-dva-c02-topic-1/
193	122614	898407	2024-05-23 15:52	/discussions/amazon/view/122614-exam-aws-certified-developer-associate-dva-c02-topic-1/
194	122616	898408	2024-09-28 6:47	/discussions/amazon/view/122616-exam-aws-certified-developer-associate-dva-c02-topic-1/
195	122617	898409	2024-06-17 6:22	/discussions/amazon/view/122617-exam-aws-certified-developer-associate-dva-c02-topic-1/
196	122618	898410	2024-05-23 16:59	/discussions/amazon/view/122618-exam-aws-certified-developer-associate-dva-c02-topic-1/
197	122619	898411	2024-08-27 19:18	/discussions/amazon/view/122619-exam-aws-certified-developer-associate-dva-c02-topic-1/
198	122620	898412	2025-09-03 13:49	/discussions/amazon/view/122620-exam-aws-certified-developer-associate-dva-c02-topic-1/
199	122621	898413	2024-05-23 17:11	/discussions/amazon/view/122621-exam-aws-certified-developer-associate-dva-c02-topic-1/
200	122622	898414	2024-09-28 7:06	/discussions/amazon/view/122622-exam-aws-certified-developer-associate-dva-c02-topic-1/
201	122623	898415	2024-09-28 7:23	/discussions/amazon/view/122623-exam-aws-certified-developer-associate-dva-c02-topic-1/
202	122624	898416	2024-05-23 18:04	/discussions/amazon/view/122624-exam-aws-certified-developer-associate-dva-c02-topic-1/
203	122625	898417	2024-12-11 5:14	/discussions/amazon/view/122625-exam-aws-certified-developer-associate-dva-c02-topic-1/
204	122626	898418	2024-09-28 7:54	/discussions/amazon/view/122626-exam-aws-certified-developer-associate-dva-c02-topic-1/
205	122627	898419	2024-08-14 16:02	/discussions/amazon/view/122627-exam-aws-certified-developer-associate-dva-c02-topic-1/
206	122628	898420	2024-09-28 8:02	/discussions/amazon/view/122628-exam-aws-certified-developer-associate-dva-c02-topic-1/
207	122629	898421	2024-05-23 18:56	/discussions/amazon/view/122629-exam-aws-certified-developer-associate-dva-c02-topic-1/
208	122630	898422	2024-05-23 19:28	/discussions/amazon/view/122630-exam-aws-certified-developer-associate-dva-c02-topic-1/
209	122631	898423	2024-09-28 8:22	/discussions/amazon/view/122631-exam-aws-certified-developer-associate-dva-c02-topic-1/
210	122632	898424	2024-05-23 19:31	/discussions/amazon/view/122632-exam-aws-certified-developer-associate-dva-c02-topic-1/
211	124750	899959	2024-06-17 6:23	/discussions/amazon/view/124750-exam-aws-certified-developer-associate-dva-c02-topic-1/
212	124765	899960	2024-11-01 16:57	/discussions/amazon/view/124765-exam-aws-certified-developer-associate-dva-c02-topic-1/
213	124780	899961	2024-05-23 19:54	/discussions/amazon/view/124780-exam-aws-certified-developer-associate-dva-c02-topic-1/
214	124777	899962	2024-09-29 7:46	/discussions/amazon/view/124777-exam-aws-certified-developer-associate-dva-c02-topic-1/
215	124776	899963	2024-11-01 17:15	/discussions/amazon/view/124776-exam-aws-certified-developer-associate-dva-c02-topic-1/
216	124769	899964	2024-05-23 19:58	/discussions/amazon/view/124769-exam-aws-certified-developer-associate-dva-c02-topic-1/
217	124781	899965	2024-05-23 19:59	/discussions/amazon/view/124781-exam-aws-certified-developer-associate-dva-c02-topic-1/
218	124770	899966	2024-08-28 14:33	/discussions/amazon/view/124770-exam-aws-certified-developer-associate-dva-c02-topic-1/
219	124771	899967	2024-05-23 20:03	/discussions/amazon/view/124771-exam-aws-certified-developer-associate-dva-c02-topic-1/
220	124772	899968	2024-05-23 20:04	/discussions/amazon/view/124772-exam-aws-certified-developer-associate-dva-c02-topic-1/
221	124773	899969	2024-05-23 20:19	/discussions/amazon/view/124773-exam-aws-certified-developer-associate-dva-c02-topic-1/
222	124805	899970	2024-05-23 20:25	/discussions/amazon/view/124805-exam-aws-certified-developer-associate-dva-c02-topic-1/
223	124806	899971	2024-09-29 8:21	/discussions/amazon/view/124806-exam-aws-certified-developer-associate-dva-c02-topic-1/
224	124774	899972	2024-05-23 20:27	/discussions/amazon/view/124774-exam-aws-certified-developer-associate-dva-c02-topic-1/
225	124775	899973	2024-05-23 20:31	/discussions/amazon/view/124775-exam-aws-certified-developer-associate-dva-c02-topic-1/
226	124817	899974	2024-05-23 20:32	/discussions/amazon/view/124817-exam-aws-certified-developer-associate-dva-c02-topic-1/
227	124816	899975	2024-10-12 2:19	/discussions/amazon/view/124816-exam-aws-certified-developer-associate-dva-c02-topic-1/
228	124778	899976	2025-03-20 11:12	/discussions/amazon/view/124778-exam-aws-certified-developer-associate-dva-c02-topic-1/
229	124815	899977	2024-05-23 20:40	/discussions/amazon/view/124815-exam-aws-certified-developer-associate-dva-c02-topic-1/
230	124818	899978	2024-09-22 9:13	/discussions/amazon/view/124818-exam-aws-certified-developer-associate-dva-c02-topic-1/
231	124819	899979	2024-05-23 20:50	/discussions/amazon/view/124819-exam-aws-certified-developer-associate-dva-c02-topic-1/
232	124820	899980	2024-05-23 20:53	/discussions/amazon/view/124820-exam-aws-certified-developer-associate-dva-c02-topic-1/
233	126181	899981	2024-09-22 10:27	/discussions/amazon/view/126181-exam-aws-certified-developer-associate-dva-c02-topic-1/
234	124821	899982	2024-06-17 13:13	/discussions/amazon/view/124821-exam-aws-certified-developer-associate-dva-c02-topic-1/
235	124822	899983	2024-05-23 21:06	/discussions/amazon/view/124822-exam-aws-certified-developer-associate-dva-c02-topic-1/
236	124825	899984	2024-05-23 21:14	/discussions/amazon/view/124825-exam-aws-certified-developer-associate-dva-c02-topic-1/
237	124824	899985	2024-11-02 11:39	/discussions/amazon/view/124824-exam-aws-certified-developer-associate-dva-c02-topic-1/
238	124783	899986	2025-03-10 18:42	/discussions/amazon/view/124783-exam-aws-certified-developer-associate-dva-c02-topic-1/
239	124826	899987	2024-09-22 18:37	/discussions/amazon/view/124826-exam-aws-certified-developer-associate-dva-c02-topic-1/
240	124827	899988	2024-05-23 21:43	/discussions/amazon/view/124827-exam-aws-certified-developer-associate-dva-c02-topic-1/
241	124828	899989	2024-05-23 21:56	/discussions/amazon/view/124828-exam-aws-certified-developer-associate-dva-c02-topic-1/
242	124830	899990	2024-05-23 22:04	/discussions/amazon/view/124830-exam-aws-certified-developer-associate-dva-c02-topic-1/
243	124747	899991	2024-11-05 9:22	/discussions/amazon/view/124747-exam-aws-certified-developer-associate-dva-c02-topic-1/
244	124787	899992	2024-05-23 22:15	/discussions/amazon/view/124787-exam-aws-certified-developer-associate-dva-c02-topic-1/
245	124831	899993	2024-05-23 22:19	/discussions/amazon/view/124831-exam-aws-certified-developer-associate-dva-c02-topic-1/
246	124748	899994	2024-05-23 22:20	/discussions/amazon/view/124748-exam-aws-certified-developer-associate-dva-c02-topic-1/
247	124858	899995	2024-10-02 3:54	/discussions/amazon/view/124858-exam-aws-certified-developer-associate-dva-c02-topic-1/
248	124859	899996	2025-03-23 16:43	/discussions/amazon/view/124859-exam-aws-certified-developer-associate-dva-c02-topic-1/
249	124860	899997	2024-11-02 13:16	/discussions/amazon/view/124860-exam-aws-certified-developer-associate-dva-c02-topic-1/
250	124861	899998	2024-05-23 22:36	/discussions/amazon/view/124861-exam-aws-certified-developer-associate-dva-c02-topic-1/
251	124862	899999	2025-05-12 10:18	/discussions/amazon/view/124862-exam-aws-certified-developer-associate-dva-c02-topic-1/
252	124863	900000	2024-11-16 6:53	/discussions/amazon/view/124863-exam-aws-certified-developer-associate-dva-c02-topic-1/
253	124864	900001	2024-06-17 6:28	/discussions/amazon/view/124864-exam-aws-certified-developer-associate-dva-c02-topic-1/
254	124865	900002	2024-07-15 7:05	/discussions/amazon/view/124865-exam-aws-certified-developer-associate-dva-c02-topic-1/
255	134248	910872	2024-05-24 1:09	/discussions/amazon/view/134248-exam-aws-certified-developer-associate-dva-c02-topic-1/
256	134067	910873	2024-05-24 3:27	/discussions/amazon/view/134067-exam-aws-certified-developer-associate-dva-c02-topic-1/
257	134068	910874	2024-05-24 3:31	/discussions/amazon/view/134068-exam-aws-certified-developer-associate-dva-c02-topic-1/
258	134259	910875	2024-05-24 3:34	/discussions/amazon/view/134259-exam-aws-certified-developer-associate-dva-c02-topic-1/
259	134260	910876	2024-05-24 3:42	/discussions/amazon/view/134260-exam-aws-certified-developer-associate-dva-c02-topic-1/
260	134261	910877	2025-08-16 11:10	/discussions/amazon/view/134261-exam-aws-certified-developer-associate-dva-c02-topic-1/
261	133069	910878	2024-08-29 18:32	/discussions/amazon/view/133069-exam-aws-certified-developer-associate-dva-c02-topic-1/
262	134262	910879	2025-11-29 8:25	/discussions/amazon/view/134262-exam-aws-certified-developer-associate-dva-c02-topic-1/
263	134263	910880	2024-05-24 8:41	/discussions/amazon/view/134263-exam-aws-certified-developer-associate-dva-c02-topic-1/
264	134264	910881	2024-05-24 8:44	/discussions/amazon/view/134264-exam-aws-certified-developer-associate-dva-c02-topic-1/
265	134265	910882	2024-05-24 8:47	/discussions/amazon/view/134265-exam-aws-certified-developer-associate-dva-c02-topic-1/
266	134266	910883	2024-05-24 8:59	/discussions/amazon/view/134266-exam-aws-certified-developer-associate-dva-c02-topic-1/
267	134267	910884	2024-05-24 9:05	/discussions/amazon/view/134267-exam-aws-certified-developer-associate-dva-c02-topic-1/
268	134268	910885	2024-08-12 9:48	/discussions/amazon/view/134268-exam-aws-certified-developer-associate-dva-c02-topic-1/
269	134269	910886	2025-06-17 9:05	/discussions/amazon/view/134269-exam-aws-certified-developer-associate-dva-c02-topic-1/
270	134270	910887	2024-05-24 9:28	/discussions/amazon/view/134270-exam-aws-certified-developer-associate-dva-c02-topic-1/
271	134271	910888	2024-08-29 19:09	/discussions/amazon/view/134271-exam-aws-certified-developer-associate-dva-c02-topic-1/
272	134272	910889	2024-05-24 9:39	/discussions/amazon/view/134272-exam-aws-certified-developer-associate-dva-c02-topic-1/
273	134273	910890	2024-05-24 9:42	/discussions/amazon/view/134273-exam-aws-certified-developer-associate-dva-c02-topic-1/
274	134274	910891	2024-08-29 19:21	/discussions/amazon/view/134274-exam-aws-certified-developer-associate-dva-c02-topic-1/
275	134275	910892	2024-05-24 10:04	/discussions/amazon/view/134275-exam-aws-certified-developer-associate-dva-c02-topic-1/
276	134276	910893	2024-09-25 14:40	/discussions/amazon/view/134276-exam-aws-certified-developer-associate-dva-c02-topic-1/
277	134277	910894	2024-05-24 10:10	/discussions/amazon/view/134277-exam-aws-certified-developer-associate-dva-c02-topic-1/
278	133406	910895	2024-06-17 6:30	/discussions/amazon/view/133406-exam-aws-certified-developer-associate-dva-c02-topic-1/
279	134278	910896	2025-05-25 19:55	/discussions/amazon/view/134278-exam-aws-certified-developer-associate-dva-c02-topic-1/
280	134279	910897	2024-11-02 17:23	/discussions/amazon/view/134279-exam-aws-certified-developer-associate-dva-c02-topic-1/
281	134280	910898	2024-12-23 17:14	/discussions/amazon/view/134280-exam-aws-certified-developer-associate-dva-c02-topic-1/
282	134281	910899	2024-11-02 17:55	/discussions/amazon/view/134281-exam-aws-certified-developer-associate-dva-c02-topic-1/
283	134282	910900	2024-11-02 17:57	/discussions/amazon/view/134282-exam-aws-certified-developer-associate-dva-c02-topic-1/
284	134283	910901	2024-08-15 5:59	/discussions/amazon/view/134283-exam-aws-certified-developer-associate-dva-c02-topic-1/
285	134284	910902	2024-05-24 10:57	/discussions/amazon/view/134284-exam-aws-certified-developer-associate-dva-c02-topic-1/
286	134285	910903	2024-05-24 14:15	/discussions/amazon/view/134285-exam-aws-certified-developer-associate-dva-c02-topic-1/
287	134286	910904	2024-10-02 8:36	/discussions/amazon/view/134286-exam-aws-certified-developer-associate-dva-c02-topic-1/
288	134287	910905	2024-11-17 3:01	/discussions/amazon/view/134287-exam-aws-certified-developer-associate-dva-c02-topic-1/
289	134288	910906	2024-05-24 14:28	/discussions/amazon/view/134288-exam-aws-certified-developer-associate-dva-c02-topic-1/
290	134289	910907	2024-11-17 3:16	/discussions/amazon/view/134289-exam-aws-certified-developer-associate-dva-c02-topic-1/
291	134290	910908	2024-05-24 14:39	/discussions/amazon/view/134290-exam-aws-certified-developer-associate-dva-c02-topic-1/
292	134291	910909	2024-06-26 12:50	/discussions/amazon/view/134291-exam-aws-certified-developer-associate-dva-c02-topic-1/
293	134292	910910	2024-11-02 20:22	/discussions/amazon/view/134292-exam-aws-certified-developer-associate-dva-c02-topic-1/
294	134293	910911	2025-09-20 11:35	/discussions/amazon/view/134293-exam-aws-certified-developer-associate-dva-c02-topic-1/
295	134294	910912	2024-05-24 15:14	/discussions/amazon/view/134294-exam-aws-certified-developer-associate-dva-c02-topic-1/
296	134295	910913	2024-05-24 15:17	/discussions/amazon/view/134295-exam-aws-certified-developer-associate-dva-c02-topic-1/
297	134296	910914	2024-05-24 15:21	/discussions/amazon/view/134296-exam-aws-certified-developer-associate-dva-c02-topic-1/
298	134297	910915	2024-05-24 15:24	/discussions/amazon/view/134297-exam-aws-certified-developer-associate-dva-c02-topic-1/
299	134298	910916	2024-05-24 15:28	/discussions/amazon/view/134298-exam-aws-certified-developer-associate-dva-c02-topic-1/
300	134336	910917	2024-05-24 15:34	/discussions/amazon/view/134336-exam-aws-certified-developer-associate-dva-c02-topic-1/
301	134337	910918	2024-10-03 2:33	/discussions/amazon/view/134337-exam-aws-certified-developer-associate-dva-c02-topic-1/
302	134124	910919	2025-09-27 16:44	/discussions/amazon/view/134124-exam-aws-certified-developer-associate-dva-c02-topic-1/
303	134339	910920	2025-06-17 12:29	/discussions/amazon/view/134339-exam-aws-certified-developer-associate-dva-c02-topic-1/
304	134340	910921	2024-05-24 15:53	/discussions/amazon/view/134340-exam-aws-certified-developer-associate-dva-c02-topic-1/
305	134341	910922	2024-10-03 3:11	/discussions/amazon/view/134341-exam-aws-certified-developer-associate-dva-c02-topic-1/
306	134125	910923	2024-05-24 16:01	/discussions/amazon/view/134125-exam-aws-certified-developer-associate-dva-c02-topic-1/
307	134126	910924	2024-11-17 3:56	/discussions/amazon/view/134126-exam-aws-certified-developer-associate-dva-c02-topic-1/
308	134342	910925	2024-09-15 8:36	/discussions/amazon/view/134342-exam-aws-certified-developer-associate-dva-c02-topic-1/
309	133607	910926	2024-10-03 3:22	/discussions/amazon/view/133607-exam-aws-certified-developer-associate-dva-c02-topic-1/
310	133608	910927	2024-05-24 16:25	/discussions/amazon/view/133608-exam-aws-certified-developer-associate-dva-c02-topic-1/
311	133609	910928	2024-05-24 16:45	/discussions/amazon/view/133609-exam-aws-certified-developer-associate-dva-c02-topic-1/
312	133610	910929	2024-08-13 1:46	/discussions/amazon/view/133610-exam-aws-certified-developer-associate-dva-c02-topic-1/
313	133611	910930	2025-03-14 8:09	/discussions/amazon/view/133611-exam-aws-certified-developer-associate-dva-c02-topic-1/
314	133612	910931	2024-08-15 8:32	/discussions/amazon/view/133612-exam-aws-certified-developer-associate-dva-c02-topic-1/
315	134133	910932	2024-12-07 20:14	/discussions/amazon/view/134133-exam-aws-certified-developer-associate-dva-c02-topic-1/
316	134135	910933	2024-11-22 2:07	/discussions/amazon/view/134135-exam-aws-certified-developer-associate-dva-c02-topic-1/
317	134136	910934	2024-05-24 17:31	/discussions/amazon/view/134136-exam-aws-certified-developer-associate-dva-c02-topic-1/
318	134343	910935	2024-11-04 5:15	/discussions/amazon/view/134343-exam-aws-certified-developer-associate-dva-c02-topic-1/
319	134344	910936	2024-11-04 5:18	/discussions/amazon/view/134344-exam-aws-certified-developer-associate-dva-c02-topic-1/
320	134139	910937	2024-11-04 5:20	/discussions/amazon/view/134139-exam-aws-certified-developer-associate-dva-c02-topic-1/
321	133631	910938	2024-07-27 5:29	/discussions/amazon/view/133631-exam-aws-certified-developer-associate-dva-c02-topic-1/
322	133632	910939	2024-07-27 5:30	/discussions/amazon/view/133632-exam-aws-certified-developer-associate-dva-c02-topic-1/
323	133633	910940	2024-07-17 22:43	/discussions/amazon/view/133633-exam-aws-certified-developer-associate-dva-c02-topic-1/
324	133634	910941	2024-05-24 21:46	/discussions/amazon/view/133634-exam-aws-certified-developer-associate-dva-c02-topic-1/
325	134141	910942	2024-10-03 6:09	/discussions/amazon/view/134141-exam-aws-certified-developer-associate-dva-c02-topic-1/
326	133636	910943	2024-11-04 5:43	/discussions/amazon/view/133636-exam-aws-certified-developer-associate-dva-c02-topic-1/
327	134142	910944	2024-05-24 21:58	/discussions/amazon/view/134142-exam-aws-certified-developer-associate-dva-c02-topic-1/
328	134345	910945	2024-10-22 10:46	/discussions/amazon/view/134345-exam-aws-certified-developer-associate-dva-c02-topic-1/
329	136628	914288	2024-07-01 13:07	/discussions/amazon/view/136628-exam-aws-certified-developer-associate-dva-c02-topic-1/
330	136632	914289	2024-10-03 6:20	/discussions/amazon/view/136632-exam-aws-certified-developer-associate-dva-c02-topic-1/
331	136633	914290	2024-09-30 12:24	/discussions/amazon/view/136633-exam-aws-certified-developer-associate-dva-c02-topic-1/
332	136634	914291	2024-11-04 5:59	/discussions/amazon/view/136634-exam-aws-certified-developer-associate-dva-c02-topic-1/
333	136958	914292	2024-12-24 15:32	/discussions/amazon/view/136958-exam-aws-certified-developer-associate-dva-c02-topic-1/
334	136640	914293	2024-12-24 15:34	/discussions/amazon/view/136640-exam-aws-certified-developer-associate-dva-c02-topic-1/
335	136644	914294	2024-07-21 2:54	/discussions/amazon/view/136644-exam-aws-certified-developer-associate-dva-c02-topic-1/
336	136959	914295	2024-12-24 15:46	/discussions/amazon/view/136959-exam-aws-certified-developer-associate-dva-c02-topic-1/
337	136961	914296	2024-05-24 23:20	/discussions/amazon/view/136961-exam-aws-certified-developer-associate-dva-c02-topic-1/
338	136645	914297	2024-07-05 16:14	/discussions/amazon/view/136645-exam-aws-certified-developer-associate-dva-c02-topic-1/
339	136962	914298	2024-05-25 1:30	/discussions/amazon/view/136962-exam-aws-certified-developer-associate-dva-c02-topic-1/
340	136964	914299	2024-05-25 5:17	/discussions/amazon/view/136964-exam-aws-certified-developer-associate-dva-c02-topic-1/
341	136965	914300	2025-03-20 2:22	/discussions/amazon/view/136965-exam-aws-certified-developer-associate-dva-c02-topic-1/
342	136966	914301	2024-05-25 5:20	/discussions/amazon/view/136966-exam-aws-certified-developer-associate-dva-c02-topic-1/
343	136967	914302	2024-12-24 16:54	/discussions/amazon/view/136967-exam-aws-certified-developer-associate-dva-c02-topic-1/
344	136968	914303	2024-08-14 1:35	/discussions/amazon/view/136968-exam-aws-certified-developer-associate-dva-c02-topic-1/
345	136969	914304	2024-07-01 0:17	/discussions/amazon/view/136969-exam-aws-certified-developer-associate-dva-c02-topic-1/
346	136970	914305	2024-10-03 8:04	/discussions/amazon/view/136970-exam-aws-certified-developer-associate-dva-c02-topic-1/
347	136971	914306	2024-07-01 0:26	/discussions/amazon/view/136971-exam-aws-certified-developer-associate-dva-c02-topic-1/
348	141193	914307	2024-10-03 18:11	/discussions/amazon/view/141193-exam-aws-certified-developer-associate-dva-c02-topic-1/
349	137947	914308	2024-05-25 5:29	/discussions/amazon/view/137947-exam-aws-certified-developer-associate-dva-c02-topic-1/
350	141194	914309	2024-12-24 17:17	/discussions/amazon/view/141194-exam-aws-certified-developer-associate-dva-c02-topic-1/
351	136972	914310	2024-11-06 8:17	/discussions/amazon/view/136972-exam-aws-certified-developer-associate-dva-c02-topic-1/
352	136973	914311	2024-05-25 20:24	/discussions/amazon/view/136973-exam-aws-certified-developer-associate-dva-c02-topic-1/
353	140014	914312	2024-10-03 18:44	/discussions/amazon/view/140014-exam-aws-certified-developer-associate-dva-c02-topic-1/
354	140015	914313	2024-08-21 15:31	/discussions/amazon/view/140015-exam-aws-certified-developer-associate-dva-c02-topic-1/
355	136974	914314	2024-11-06 8:24	/discussions/amazon/view/136974-exam-aws-certified-developer-associate-dva-c02-topic-1/
356	139677	914315	2024-12-26 17:37	/discussions/amazon/view/139677-exam-aws-certified-developer-associate-dva-c02-topic-1/
357	136975	914316	2024-06-30 23:40	/discussions/amazon/view/136975-exam-aws-certified-developer-associate-dva-c02-topic-1/
358	143129	923511	2024-11-06 8:35	/discussions/amazon/view/143129-exam-aws-certified-developer-associate-dva-c02-topic-1/
359	143121	923512	2025-06-18 10:08	/discussions/amazon/view/143121-exam-aws-certified-developer-associate-dva-c02-topic-1/
360	143366	923513	2024-07-27 8:48	/discussions/amazon/view/143366-exam-aws-certified-developer-associate-dva-c02-topic-1/
361	143107	923514	2024-10-04 5:08	/discussions/amazon/view/143107-exam-aws-certified-developer-associate-dva-c02-topic-1/
362	143367	923515	2024-07-18 7:37	/discussions/amazon/view/143367-exam-aws-certified-developer-associate-dva-c02-topic-1/
363	143747	923516	2024-12-26 22:17	/discussions/amazon/view/143747-exam-aws-certified-developer-associate-dva-c02-topic-1/
364	143369	923517	2024-10-04 21:01	/discussions/amazon/view/143369-exam-aws-certified-developer-associate-dva-c02-topic-1/
365	143748	923518	2024-11-07 19:24	/discussions/amazon/view/143748-exam-aws-certified-developer-associate-dva-c02-topic-1/
366	143749	923519	2024-08-21 15:54	/discussions/amazon/view/143749-exam-aws-certified-developer-associate-dva-c02-topic-1/
367	143750	923520	2024-10-05 9:28	/discussions/amazon/view/143750-exam-aws-certified-developer-associate-dva-c02-topic-1/
368	143751	923521	2024-10-05 10:09	/discussions/amazon/view/143751-exam-aws-certified-developer-associate-dva-c02-topic-1/
369	143752	923522	2024-07-12 5:32	/discussions/amazon/view/143752-exam-aws-certified-developer-associate-dva-c02-topic-1/
370	143753	923523	2024-10-05 11:07	/discussions/amazon/view/143753-exam-aws-certified-developer-associate-dva-c02-topic-1/
371	143754	923524	2024-08-21 16:02	/discussions/amazon/view/143754-exam-aws-certified-developer-associate-dva-c02-topic-1/
372	143755	923525	2024-07-12 5:38	/discussions/amazon/view/143755-exam-aws-certified-developer-associate-dva-c02-topic-1/
373	143069	923526	2024-07-28 2:59	/discussions/amazon/view/143069-exam-aws-certified-developer-associate-dva-c02-topic-1/
374	143756	923527	2024-07-12 5:41	/discussions/amazon/view/143756-exam-aws-certified-developer-associate-dva-c02-topic-1/
375	143757	923528	2024-12-31 11:50	/discussions/amazon/view/143757-exam-aws-certified-developer-associate-dva-c02-topic-1/
376	143758	923529	2024-10-05 14:51	/discussions/amazon/view/143758-exam-aws-certified-developer-associate-dva-c02-topic-1/
377	143759	923530	2024-10-05 15:21	/discussions/amazon/view/143759-exam-aws-certified-developer-associate-dva-c02-topic-1/
378	143767	923531	2024-11-14 16:34	/discussions/amazon/view/143767-exam-aws-certified-developer-associate-dva-c02-topic-1/
379	143760	923592	2024-07-21 12:04	/discussions/amazon/view/143760-exam-aws-certified-developer-associate-dva-c02-topic-1/
380	143761	923593	2024-07-28 3:16	/discussions/amazon/view/143761-exam-aws-certified-developer-associate-dva-c02-topic-1/
381	143721	923594	2024-07-12 5:56	/discussions/amazon/view/143721-exam-aws-certified-developer-associate-dva-c02-topic-1/
382	143722	923648	2025-05-31 19:21	/discussions/amazon/view/143722-exam-aws-certified-developer-associate-dva-c02-topic-1/
383	143762	923649	2024-11-06 17:12	/discussions/amazon/view/143762-exam-aws-certified-developer-associate-dva-c02-topic-1/
384	144606	923650	2024-10-06 8:30	/discussions/amazon/view/144606-exam-aws-certified-developer-associate-dva-c02-topic-1/
385	143353	923651	2024-12-03 15:57	/discussions/amazon/view/143353-exam-aws-certified-developer-associate-dva-c02-topic-1/
386	143763	923652	2024-12-31 12:05	/discussions/amazon/view/143763-exam-aws-certified-developer-associate-dva-c02-topic-1/
387	143764	923653	2024-07-12 6:09	/discussions/amazon/view/143764-exam-aws-certified-developer-associate-dva-c02-topic-1/
388	143799	923654	2024-07-12 15:25	/discussions/amazon/view/143799-exam-aws-certified-developer-associate-dva-c02-topic-1/
389	143067	923655	2024-07-28 3:40	/discussions/amazon/view/143067-exam-aws-certified-developer-associate-dva-c02-topic-1/
390	143800	923656	2024-10-06 17:14	/discussions/amazon/view/143800-exam-aws-certified-developer-associate-dva-c02-topic-1/
391	143081	923657	2024-08-21 16:37	/discussions/amazon/view/143081-exam-aws-certified-developer-associate-dva-c02-topic-1/
392	143082	923658	2024-10-06 17:57	/discussions/amazon/view/143082-exam-aws-certified-developer-associate-dva-c02-topic-1/
393	143072	923659	2024-07-28 7:20	/discussions/amazon/view/143072-exam-aws-certified-developer-associate-dva-c02-topic-1/
394	143083	923660	2024-07-21 2:46	/discussions/amazon/view/143083-exam-aws-certified-developer-associate-dva-c02-topic-1/
395	143801	923661	2024-07-28 7:26	/discussions/amazon/view/143801-exam-aws-certified-developer-associate-dva-c02-topic-1/
396	144607	923662	2024-07-29 7:00	/discussions/amazon/view/144607-exam-aws-certified-developer-associate-dva-c02-topic-1/
397	143073	923663	2024-08-08 7:30	/discussions/amazon/view/143073-exam-aws-certified-developer-associate-dva-c02-topic-1/
398	143357	923664	2024-11-04 18:40	/discussions/amazon/view/143357-exam-aws-certified-developer-associate-dva-c02-topic-1/
399	143802	923665	2024-10-07 19:41	/discussions/amazon/view/143802-exam-aws-certified-developer-associate-dva-c02-topic-1/
400	143803	923666	2024-07-13 1:10	/discussions/amazon/view/143803-exam-aws-certified-developer-associate-dva-c02-topic-1/
401	143029	923667	2024-08-15 15:37	/discussions/amazon/view/143029-exam-aws-certified-developer-associate-dva-c02-topic-1/
402	143030	923668	2024-07-02 9:20	/discussions/amazon/view/143030-exam-aws-certified-developer-associate-dva-c02-topic-1/
403	144455	925153	2024-07-23 20:07	/discussions/amazon/view/144455-exam-aws-certified-developer-associate-dva-c02-topic-1/
404	144274	925154	2025-03-09 15:43	/discussions/amazon/view/144274-exam-aws-certified-developer-associate-dva-c02-topic-1/
405	144673	925155	2024-10-06 3:03	/discussions/amazon/view/144673-exam-aws-certified-developer-associate-dva-c02-topic-1/
406	144456	925156	2024-08-21 15:09	/discussions/amazon/view/144456-exam-aws-certified-developer-associate-dva-c02-topic-1/
407	144295	925157	2024-11-17 14:19	/discussions/amazon/view/144295-exam-aws-certified-developer-associate-dva-c02-topic-1/
408	143936	925158	2025-03-09 16:07	/discussions/amazon/view/143936-exam-aws-certified-developer-associate-dva-c02-topic-1/
409	144297	925159	2025-03-10 9:27	/discussions/amazon/view/144297-exam-aws-certified-developer-associate-dva-c02-topic-1/
410	143937	925160	2024-07-28 17:43	/discussions/amazon/view/143937-exam-aws-certified-developer-associate-dva-c02-topic-1/
411	144464	925161	2024-07-24 5:29	/discussions/amazon/view/144464-exam-aws-certified-developer-associate-dva-c02-topic-1/
412	144608	925162	2024-07-28 17:45	/discussions/amazon/view/144608-exam-aws-certified-developer-associate-dva-c02-topic-1/
413	144609	925163	2024-08-21 15:24	/discussions/amazon/view/144609-exam-aws-certified-developer-associate-dva-c02-topic-1/
414	144610	925164	2024-08-27 19:39	/discussions/amazon/view/144610-exam-aws-certified-developer-associate-dva-c02-topic-1/
415	148595	928350	2024-11-07 9:12	/discussions/amazon/view/148595-exam-aws-certified-developer-associate-dva-c02-topic-1/
416	150175	928351	2024-11-07 8:13	/discussions/amazon/view/150175-exam-aws-certified-developer-associate-dva-c02-topic-1/
417	146743	928352	2024-09-04 20:59	/discussions/amazon/view/146743-exam-aws-certified-developer-associate-dva-c02-topic-1/
418	148935	928353	2024-10-11 6:41	/discussions/amazon/view/148935-exam-aws-certified-developer-associate-dva-c02-topic-1/
419	148936	928354	2025-01-13 15:56	/discussions/amazon/view/148936-exam-aws-certified-developer-associate-dva-c02-topic-1/
420	146857	928355	2025-01-13 16:01	/discussions/amazon/view/146857-exam-aws-certified-developer-associate-dva-c02-topic-1/
421	146859	928356	2024-09-10 7:00	/discussions/amazon/view/146859-exam-aws-certified-developer-associate-dva-c02-topic-1/
422	150944	928357	2025-01-13 16:21	/discussions/amazon/view/150944-exam-aws-certified-developer-associate-dva-c02-topic-1/
423	146861	928358	2025-01-13 16:23	/discussions/amazon/view/146861-exam-aws-certified-developer-associate-dva-c02-topic-1/
424	148937	928359	2024-11-07 15:38	/discussions/amazon/view/148937-exam-aws-certified-developer-associate-dva-c02-topic-1/
425	148938	928360	2025-01-13 16:27	/discussions/amazon/view/148938-exam-aws-certified-developer-associate-dva-c02-topic-1/
426	148955	928361	2024-11-07 15:33	/discussions/amazon/view/148955-exam-aws-certified-developer-associate-dva-c02-topic-1/
427	150694	928362	2025-01-02 16:26	/discussions/amazon/view/150694-exam-aws-certified-developer-associate-dva-c02-topic-1/
428	146862	928363	2025-01-13 16:48	/discussions/amazon/view/146862-exam-aws-certified-developer-associate-dva-c02-topic-1/
429	150695	928364	2025-01-02 16:32	/discussions/amazon/view/150695-exam-aws-certified-developer-associate-dva-c02-topic-1/
430	146863	928365	2024-11-07 15:21	/discussions/amazon/view/146863-exam-aws-certified-developer-associate-dva-c02-topic-1/
431	148103	928366	2024-11-07 15:18	/discussions/amazon/view/148103-exam-aws-certified-developer-associate-dva-c02-topic-1/
432	147042	928367	2025-01-13 16:57	/discussions/amazon/view/147042-exam-aws-certified-developer-associate-dva-c02-topic-1/
433	148956	928368	2025-01-02 17:34	/discussions/amazon/view/148956-exam-aws-certified-developer-associate-dva-c02-topic-1/
434	156702	928369	2025-02-17 12:13	/discussions/amazon/view/156702-exam-aws-certified-developer-associate-dva-c02-topic-1/
435	150942	928370	2025-01-02 17:39	/discussions/amazon/view/150942-exam-aws-certified-developer-associate-dva-c02-topic-1/
436	151546	928371	2025-01-14 14:06	/discussions/amazon/view/151546-exam-aws-certified-developer-associate-dva-c02-topic-1/
437	303051	928372	2025-04-27 20:17	/discussions/amazon/view/303051-exam-aws-certified-developer-associate-dva-c02-topic-1/
438	150938	928373	2024-11-07 14:17	/discussions/amazon/view/150938-exam-aws-certified-developer-associate-dva-c02-topic-1/
439	148957	928374	2025-05-20 4:35	/discussions/amazon/view/148957-exam-aws-certified-developer-associate-dva-c02-topic-1/
440	148958	928375	2024-10-10 8:04	/discussions/amazon/view/148958-exam-aws-certified-developer-associate-dva-c02-topic-1/
441	148959	928376	2025-01-02 17:55	/discussions/amazon/view/148959-exam-aws-certified-developer-associate-dva-c02-topic-1/
442	153821	928377	2025-01-02 17:58	/discussions/amazon/view/153821-exam-aws-certified-developer-associate-dva-c02-topic-1/
443	148960	928378	2024-10-20 7:20	/discussions/amazon/view/148960-exam-aws-certified-developer-associate-dva-c02-topic-1/
444	149825	928379	2024-11-04 1:43	/discussions/amazon/view/149825-exam-aws-certified-developer-associate-dva-c02-topic-1/
445	148536	928380	2025-12-28 10:56	/discussions/amazon/view/148536-exam-aws-certified-developer-associate-dva-c02-topic-1/
446	303078	933682	2025-04-28 14:45	/discussions/amazon/view/303078-exam-aws-certified-developer-associate-dva-c02-topic-1/
447	156844	933683	2025-02-20 6:43	/discussions/amazon/view/156844-exam-aws-certified-developer-associate-dva-c02-topic-1/
448	150940	933684	2024-11-07 13:32	/discussions/amazon/view/150940-exam-aws-certified-developer-associate-dva-c02-topic-1/
449	303080	933685	2025-04-28 14:54	/discussions/amazon/view/303080-exam-aws-certified-developer-associate-dva-c02-topic-1/
450	150773	933686	2025-01-13 0:26	/discussions/amazon/view/150773-exam-aws-certified-developer-associate-dva-c02-topic-1/
451	150775	933687	2025-08-02 18:00	/discussions/amazon/view/150775-exam-aws-certified-developer-associate-dva-c02-topic-1/
452	150946	933688	2024-11-07 16:03	/discussions/amazon/view/150946-exam-aws-certified-developer-associate-dva-c02-topic-1/
453	151333	933689	2025-05-20 5:02	/discussions/amazon/view/151333-exam-aws-certified-developer-associate-dva-c02-topic-1/
454	157514	933690	2025-08-16 10:21	/discussions/amazon/view/157514-exam-aws-certified-developer-associate-dva-c02-topic-1/
455	151627	933691	2025-01-24 11:47	/discussions/amazon/view/151627-exam-aws-certified-developer-associate-dva-c02-topic-1/
456	151547	933692	2024-12-23 4:02	/discussions/amazon/view/151547-exam-aws-certified-developer-associate-dva-c02-topic-1/
457	152886	933693	2025-05-20 5:11	/discussions/amazon/view/152886-exam-aws-certified-developer-associate-dva-c02-topic-1/
458	150781	933694	2024-12-27 17:22	/discussions/amazon/view/150781-exam-aws-certified-developer-associate-dva-c02-topic-1/
459	153505	935934	2025-02-20 22:23	/discussions/amazon/view/153505-exam-aws-certified-developer-associate-dva-c02-topic-1/
460	152916	935935	2025-03-16 6:27	/discussions/amazon/view/152916-exam-aws-certified-developer-associate-dva-c02-topic-1/
461	156669	935936	2025-02-17 10:22	/discussions/amazon/view/156669-exam-aws-certified-developer-associate-dva-c02-topic-1/
462	152918	935937	2024-12-12 19:21	/discussions/amazon/view/152918-exam-aws-certified-developer-associate-dva-c02-topic-1/
463	156670	935938	2025-06-19 10:07	/discussions/amazon/view/156670-exam-aws-certified-developer-associate-dva-c02-topic-1/
464	152922	935939	2024-12-12 19:46	/discussions/amazon/view/152922-exam-aws-certified-developer-associate-dva-c02-topic-1/
465	152923	935940	2025-06-19 10:14	/discussions/amazon/view/152923-exam-aws-certified-developer-associate-dva-c02-topic-1/
466	156644	935941	2025-02-17 9:40	/discussions/amazon/view/156644-exam-aws-certified-developer-associate-dva-c02-topic-1/
467	156645	935942	2025-02-17 9:42	/discussions/amazon/view/156645-exam-aws-certified-developer-associate-dva-c02-topic-1/
468	156646	935943	2025-02-17 9:43	/discussions/amazon/view/156646-exam-aws-certified-developer-associate-dva-c02-topic-1/
469	153145	935944	2024-12-18 3:16	/discussions/amazon/view/153145-exam-aws-certified-developer-associate-dva-c02-topic-1/
470	156647	935945	2025-02-17 9:44	/discussions/amazon/view/156647-exam-aws-certified-developer-associate-dva-c02-topic-1/
471	152946	935946	2024-12-13 2:51	/discussions/amazon/view/152946-exam-aws-certified-developer-associate-dva-c02-topic-1/
472	156648	935947	2025-02-17 9:45	/discussions/amazon/view/156648-exam-aws-certified-developer-associate-dva-c02-topic-1/
473	152947	935948	2025-02-17 9:45	/discussions/amazon/view/152947-exam-aws-certified-developer-associate-dva-c02-topic-1/
474	156649	935949	2025-02-17 9:46	/discussions/amazon/view/156649-exam-aws-certified-developer-associate-dva-c02-topic-1/
475	152950	935950	2025-02-17 9:48	/discussions/amazon/view/152950-exam-aws-certified-developer-associate-dva-c02-topic-1/
476	153146	935951	2024-12-27 20:56	/discussions/amazon/view/153146-exam-aws-certified-developer-associate-dva-c02-topic-1/
477	152952	935952	2025-02-17 9:48	/discussions/amazon/view/152952-exam-aws-certified-developer-associate-dva-c02-topic-1/
478	156650	935953	2025-02-17 9:49	/discussions/amazon/view/156650-exam-aws-certified-developer-associate-dva-c02-topic-1/
479	156651	935954	2025-02-17 22:54	/discussions/amazon/view/156651-exam-aws-certified-developer-associate-dva-c02-topic-1/
480	152955	935955	2024-12-27 21:23	/discussions/amazon/view/152955-exam-aws-certified-developer-associate-dva-c02-topic-1/
481	156652	935956	2025-02-17 9:53	/discussions/amazon/view/156652-exam-aws-certified-developer-associate-dva-c02-topic-1/
482	156653	935957	2025-02-17 9:53	/discussions/amazon/view/156653-exam-aws-certified-developer-associate-dva-c02-topic-1/
483	156656	935958	2025-05-20 7:13	/discussions/amazon/view/156656-exam-aws-certified-developer-associate-dva-c02-topic-1/
484	156654	935959	2025-03-06 9:43	/discussions/amazon/view/156654-exam-aws-certified-developer-associate-dva-c02-topic-1/
485	156655	935960	2025-02-17 9:59	/discussions/amazon/view/156655-exam-aws-certified-developer-associate-dva-c02-topic-1/
486	154337	935961	2025-08-16 10:09	/discussions/amazon/view/154337-exam-aws-certified-developer-associate-dva-c02-topic-1/
487	156657	935962	2025-02-17 10:03	/discussions/amazon/view/156657-exam-aws-certified-developer-associate-dva-c02-topic-1/
488	156658	935963	2025-05-20 7:26	/discussions/amazon/view/156658-exam-aws-certified-developer-associate-dva-c02-topic-1/
489	156659	935964	2025-08-16 10:14	/discussions/amazon/view/156659-exam-aws-certified-developer-associate-dva-c02-topic-1/
490	153147	935965	2025-06-05 11:05	/discussions/amazon/view/153147-exam-aws-certified-developer-associate-dva-c02-topic-1/
491	156660	936033	2025-02-17 10:08	/discussions/amazon/view/156660-exam-aws-certified-developer-associate-dva-c02-topic-1/
492	156661	936034	2025-02-17 10:09	/discussions/amazon/view/156661-exam-aws-certified-developer-associate-dva-c02-topic-1/
493	156662	936035	2025-03-06 10:41	/discussions/amazon/view/156662-exam-aws-certified-developer-associate-dva-c02-topic-1/
494	156663	936036	2025-02-17 10:11	/discussions/amazon/view/156663-exam-aws-certified-developer-associate-dva-c02-topic-1/
495	156664	936037	2025-02-17 10:12	/discussions/amazon/view/156664-exam-aws-certified-developer-associate-dva-c02-topic-1/
496	153523	936038	2025-02-17 10:13	/discussions/amazon/view/153523-exam-aws-certified-developer-associate-dva-c02-topic-1/
497	156665	936039	2025-02-17 10:15	/discussions/amazon/view/156665-exam-aws-certified-developer-associate-dva-c02-topic-1/
498	156666	936040	2025-02-17 10:16	/discussions/amazon/view/156666-exam-aws-certified-developer-associate-dva-c02-topic-1/
499	156667	936041	2025-08-16 10:01	/discussions/amazon/view/156667-exam-aws-certified-developer-associate-dva-c02-topic-1/
500	156668	936042	2025-02-17 10:18	/discussions/amazon/view/156668-exam-aws-certified-developer-associate-dva-c02-topic-1/
501	152773	936043	2024-12-13 15:46	/discussions/amazon/view/152773-exam-aws-certified-developer-associate-dva-c02-topic-1/
502	152774	936044	2025-06-09 12:31	/discussions/amazon/view/152774-exam-aws-certified-developer-associate-dva-c02-topic-1/
503	152775	936045	2024-12-21 13:49	/discussions/amazon/view/152775-exam-aws-certified-developer-associate-dva-c02-topic-1/
504	152776	936046	2025-02-06 8:41	/discussions/amazon/view/152776-exam-aws-certified-developer-associate-dva-c02-topic-1/
505	152777	936047	2025-05-21 7:57	/discussions/amazon/view/152777-exam-aws-certified-developer-associate-dva-c02-topic-1/
506	152778	936048	2024-12-16 7:26	/discussions/amazon/view/152778-exam-aws-certified-developer-associate-dva-c02-topic-1/
507	156018	936049	2025-08-16 9:39	/discussions/amazon/view/156018-exam-aws-certified-developer-associate-dva-c02-topic-1/
508	156019	936050	2025-02-06 9:20	/discussions/amazon/view/156019-exam-aws-certified-developer-associate-dva-c02-topic-1/
509	153213	936051	2025-01-14 17:53	/discussions/amazon/view/153213-exam-aws-certified-developer-associate-dva-c02-topic-1/
510	152782	936052	2024-12-13 18:18	/discussions/amazon/view/152782-exam-aws-certified-developer-associate-dva-c02-topic-1/
511	156672	936053	2025-02-17 10:33	/discussions/amazon/view/156672-exam-aws-certified-developer-associate-dva-c02-topic-1/
512	153149	936054	2024-12-18 4:56	/discussions/amazon/view/153149-exam-aws-certified-developer-associate-dva-c02-topic-1/
513	156673	936055	2025-02-17 10:34	/discussions/amazon/view/156673-exam-aws-certified-developer-associate-dva-c02-topic-1/
514	152781	936056	2025-05-20 11:38	/discussions/amazon/view/152781-exam-aws-certified-developer-associate-dva-c02-topic-1/
515	156674	936057	2025-02-17 10:40	/discussions/amazon/view/156674-exam-aws-certified-developer-associate-dva-c02-topic-1/
516	153024	936058	2025-05-20 10:05	/discussions/amazon/view/153024-exam-aws-certified-developer-associate-dva-c02-topic-1/
517	157450	936059	2025-04-30 15:30	/discussions/amazon/view/157450-exam-aws-certified-developer-associate-dva-c02-topic-1/
518	156675	936060	2025-03-03 10:56	/discussions/amazon/view/156675-exam-aws-certified-developer-associate-dva-c02-topic-1/
519	152780	936061	2025-08-16 9:12	/discussions/amazon/view/152780-exam-aws-certified-developer-associate-dva-c02-topic-1/
520	156676	936062	2025-02-17 10:43	/discussions/amazon/view/156676-exam-aws-certified-developer-associate-dva-c02-topic-1/
521	153503	936063	2025-02-06 12:58	/discussions/amazon/view/153503-exam-aws-certified-developer-associate-dva-c02-topic-1/
522	156020	936064	2025-02-06 9:38	/discussions/amazon/view/156020-exam-aws-certified-developer-associate-dva-c02-topic-1/
523	156021	936065	2025-02-06 9:41	/discussions/amazon/view/156021-exam-aws-certified-developer-associate-dva-c02-topic-1/
524	156677	936066	2025-02-17 10:44	/discussions/amazon/view/156677-exam-aws-certified-developer-associate-dva-c02-topic-1/
525	157451	936067	2025-08-16 9:06	/discussions/amazon/view/157451-exam-aws-certified-developer-associate-dva-c02-topic-1/
526	153619	936068	2024-12-29 18:30	/discussions/amazon/view/153619-exam-aws-certified-developer-associate-dva-c02-topic-1/
527	156678	936069	2025-02-17 10:46	/discussions/amazon/view/156678-exam-aws-certified-developer-associate-dva-c02-topic-1/
528	152779	936070	2024-12-27 16:33	/discussions/amazon/view/152779-exam-aws-certified-developer-associate-dva-c02-topic-1/
529	156680	937627	2025-04-30 16:05	/discussions/amazon/view/156680-exam-aws-certified-developer-associate-dva-c02-topic-1/
530	156681	937628	2025-04-30 16:08	/discussions/amazon/view/156681-exam-aws-certified-developer-associate-dva-c02-topic-1/
531	157496	937629	2025-04-04 11:13	/discussions/amazon/view/157496-exam-aws-certified-developer-associate-dva-c02-topic-1/
532	156682	937630	2025-02-17 10:50	/discussions/amazon/view/156682-exam-aws-certified-developer-associate-dva-c02-topic-1/
533	156683	937631	2025-08-16 8:47	/discussions/amazon/view/156683-exam-aws-certified-developer-associate-dva-c02-topic-1/
534	156684	937632	2025-08-16 8:40	/discussions/amazon/view/156684-exam-aws-certified-developer-associate-dva-c02-topic-1/
535	156695	937633	2025-08-16 8:58	/discussions/amazon/view/156695-exam-aws-certified-developer-associate-dva-c02-topic-1/
536	156696	937634	2025-05-20 11:55	/discussions/amazon/view/156696-exam-aws-certified-developer-associate-dva-c02-topic-1/
537	156697	937635	2025-08-03 9:39	/discussions/amazon/view/156697-exam-aws-certified-developer-associate-dva-c02-topic-1/
538	156029	937636	2025-07-03 14:40	/discussions/amazon/view/156029-exam-aws-certified-developer-associate-dva-c02-topic-1/
539	157497	937637	2025-05-29 9:23	/discussions/amazon/view/157497-exam-aws-certified-developer-associate-dva-c02-topic-1/
540	156698	937638	2025-02-17 11:45	/discussions/amazon/view/156698-exam-aws-certified-developer-associate-dva-c02-topic-1/
541	153933	937639	2025-02-22 8:42	/discussions/amazon/view/153933-exam-aws-certified-developer-associate-dva-c02-topic-1/
542	156699	937640	2025-02-17 11:47	/discussions/amazon/view/156699-exam-aws-certified-developer-associate-dva-c02-topic-1/
543	157498	937641	2025-08-16 10:37	/discussions/amazon/view/157498-exam-aws-certified-developer-associate-dva-c02-topic-1/
544	156700	937642	2025-02-20 9:25	/discussions/amazon/view/156700-exam-aws-certified-developer-associate-dva-c02-topic-1/
545	156701	937643	2025-02-17 11:53	/discussions/amazon/view/156701-exam-aws-certified-developer-associate-dva-c02-topic-1/
546	154507	937644	2025-02-22 9:00	/discussions/amazon/view/154507-exam-aws-certified-developer-associate-dva-c02-topic-1/
547	157499	937645	2025-08-16 10:30	/discussions/amazon/view/157499-exam-aws-certified-developer-associate-dva-c02-topic-1/
548	154460	937646	2025-06-19 14:29	/discussions/amazon/view/154460-exam-aws-certified-developer-associate-dva-c02-topic-1/
549	157490	937647	2025-05-20 12:16	/discussions/amazon/view/157490-exam-aws-certified-developer-associate-dva-c02-topic-1/
550	157510	937648	2025-05-29 10:01	/discussions/amazon/view/157510-exam-aws-certified-developer-associate-dva-c02-topic-1/
551	156015	937649	2025-02-06 8:22	/discussions/amazon/view/156015-exam-aws-certified-developer-associate-dva-c02-topic-1/
552	157448	937650	2025-05-04 17:59	/discussions/amazon/view/157448-exam-aws-certified-developer-associate-dva-c02-topic-1/
553	157447	937651	2025-05-04 18:02	/discussions/amazon/view/157447-exam-aws-certified-developer-associate-dva-c02-topic-1/
554	157446	937652	2025-08-16 9:02	/discussions/amazon/view/157446-exam-aws-certified-developer-associate-dva-c02-topic-1/
555	154534	937653	2025-05-20 11:25	/discussions/amazon/view/154534-exam-aws-certified-developer-associate-dva-c02-topic-1/
556	303273	937654	2025-06-15 6:19	/discussions/amazon/view/303273-exam-aws-certified-developer-associate-dva-c02-topic-1/
557	156016	937655	2025-05-04 18:14	/discussions/amazon/view/156016-exam-aws-certified-developer-associate-dva-c02-topic-1/
