1	43814	781931	2025-10-17 11:19	/discussions/amazon/view/43814-exam-aws-certified-machine-learning-specialty-topic-1/
2	11248	781932	2025-09-19 21:31	/discussions/amazon/view/11248-exam-aws-certified-machine-learning-specialty-topic-1/
3	8303	781933	2025-09-24 8:56	/discussions/amazon/view/8303-exam-aws-certified-machine-learning-specialty-topic-1/
4	12382	781934	2025-05-07 23:33	/discussions/amazon/view/12382-exam-aws-certified-machine-learning-specialty-topic-1/
5	9818	781935	2025-02-26 1:48	/discussions/amazon/view/9818-exam-aws-certified-machine-learning-specialty-topic-1/
6	11559	781936	2025-02-15 22:09	/discussions/amazon/view/11559-exam-aws-certified-machine-learning-specialty-topic-1/
7	11560	781937	2025-09-20 14:27	/discussions/amazon/view/11560-exam-aws-certified-machine-learning-specialty-topic-1/
8	11771	781938	2025-02-15 22:19	/discussions/amazon/view/11771-exam-aws-certified-machine-learning-specialty-topic-1/
9	9656	781939	2025-09-20 19:55	/discussions/amazon/view/9656-exam-aws-certified-machine-learning-specialty-topic-1/
10	11376	781940	2025-05-19 22:08	/discussions/amazon/view/11376-exam-aws-certified-machine-learning-specialty-topic-1/
11	8304	781941	2025-09-20 20:44	/discussions/amazon/view/8304-exam-aws-certified-machine-learning-specialty-topic-1/
12	10005	781942	2025-09-20 20:48	/discussions/amazon/view/10005-exam-aws-certified-machine-learning-specialty-topic-1/
13	45385	781943	2025-08-17 4:58	/discussions/amazon/view/45385-exam-aws-certified-machine-learning-specialty-topic-1/
14	43907	781944	2025-02-15 22:35	/discussions/amazon/view/43907-exam-aws-certified-machine-learning-specialty-topic-1/
15	11279	781945	2025-02-15 22:37	/discussions/amazon/view/11279-exam-aws-certified-machine-learning-specialty-topic-1/
16	12378	781946	2025-02-16 19:22	/discussions/amazon/view/12378-exam-aws-certified-machine-learning-specialty-topic-1/
17	8306	781947	2025-02-16 19:52	/discussions/amazon/view/8306-exam-aws-certified-machine-learning-specialty-topic-1/
18	9805	781948	2025-02-17 1:43	/discussions/amazon/view/9805-exam-aws-certified-machine-learning-specialty-topic-1/
19	10011	781949	2025-02-17 1:46	/discussions/amazon/view/10011-exam-aws-certified-machine-learning-specialty-topic-1/
20	9825	781950	2025-02-17 23:55	/discussions/amazon/view/9825-exam-aws-certified-machine-learning-specialty-topic-1/
21	10012	781951	2026-01-01 0:00	/discussions/amazon/view/10012-exam-aws-certified-machine-learning-specialty-topic-1/
22	9826	781952	2025-02-18 0:00	/discussions/amazon/view/9826-exam-aws-certified-machine-learning-specialty-topic-1/
23	8307	781953	2025-02-18 0:04	/discussions/amazon/view/8307-exam-aws-certified-machine-learning-specialty-topic-1/
24	8308	781954	2025-02-18 0:06	/discussions/amazon/view/8308-exam-aws-certified-machine-learning-specialty-topic-1/
25	43910	781955	2025-02-18 0:10	/discussions/amazon/view/43910-exam-aws-certified-machine-learning-specialty-topic-1/
26	10264	781956	2025-02-18 0:19	/discussions/amazon/view/10264-exam-aws-certified-machine-learning-specialty-topic-1/
27	11820	781957	2025-02-18 0:32	/discussions/amazon/view/11820-exam-aws-certified-machine-learning-specialty-topic-1/
28	10014	781958	2025-02-18 0:34	/discussions/amazon/view/10014-exam-aws-certified-machine-learning-specialty-topic-1/
29	10037	781959	2025-02-18 0:37	/discussions/amazon/view/10037-exam-aws-certified-machine-learning-specialty-topic-1/
30	8316	781960	2025-02-18 0:40	/discussions/amazon/view/8316-exam-aws-certified-machine-learning-specialty-topic-1/
31	14807	781961	2025-02-18 1:07	/discussions/amazon/view/14807-exam-aws-certified-machine-learning-specialty-topic-1/
32	46347	781962	2023-10-17 5:58	/discussions/amazon/view/46347-exam-aws-certified-machine-learning-specialty-topic-1/
33	10409	781963	2025-02-18 1:12	/discussions/amazon/view/10409-exam-aws-certified-machine-learning-specialty-topic-1/
34	10054	781964	2025-06-02 21:55	/discussions/amazon/view/10054-exam-aws-certified-machine-learning-specialty-topic-1/
35	10056	781965	2025-02-18 1:24	/discussions/amazon/view/10056-exam-aws-certified-machine-learning-specialty-topic-1/
36	10057	781966	2025-02-18 1:27	/discussions/amazon/view/10057-exam-aws-certified-machine-learning-specialty-topic-1/
37	10058	781967	2023-09-13 14:34	/discussions/amazon/view/10058-exam-aws-certified-machine-learning-specialty-topic-1/
38	8317	781968	2023-02-28 2:50	/discussions/amazon/view/8317-exam-aws-certified-machine-learning-specialty-topic-1/
39	8318	781969	2024-04-12 4:28	/discussions/amazon/view/8318-exam-aws-certified-machine-learning-specialty-topic-1/
40	8319	781970	2025-02-18 1:34	/discussions/amazon/view/8319-exam-aws-certified-machine-learning-specialty-topic-1/
41	11851	781971	2023-07-31 13:24	/discussions/amazon/view/11851-exam-aws-certified-machine-learning-specialty-topic-1/
42	8339	781972	2025-02-02 16:38	/discussions/amazon/view/8339-exam-aws-certified-machine-learning-specialty-topic-1/
43	8343	781973	2023-09-13 15:00	/discussions/amazon/view/8343-exam-aws-certified-machine-learning-specialty-topic-1/
44	8348	781974	2024-07-09 5:04	/discussions/amazon/view/8348-exam-aws-certified-machine-learning-specialty-topic-1/
45	8351	781975	2025-02-18 1:46	/discussions/amazon/view/8351-exam-aws-certified-machine-learning-specialty-topic-1/
46	10080	781976	2023-10-29 16:20	/discussions/amazon/view/10080-exam-aws-certified-machine-learning-specialty-topic-1/
47	8370	781977	2025-02-18 1:49	/discussions/amazon/view/8370-exam-aws-certified-machine-learning-specialty-topic-1/
48	10081	781978	2025-02-18 1:51	/discussions/amazon/view/10081-exam-aws-certified-machine-learning-specialty-topic-1/
49	8374	781979	2025-02-18 1:55	/discussions/amazon/view/8374-exam-aws-certified-machine-learning-specialty-topic-1/
50	8376	781980	2024-11-02 12:38	/discussions/amazon/view/8376-exam-aws-certified-machine-learning-specialty-topic-1/
51	8379	781981	2025-02-18 1:59	/discussions/amazon/view/8379-exam-aws-certified-machine-learning-specialty-topic-1/
52	8382	781982	2023-09-14 8:27	/discussions/amazon/view/8382-exam-aws-certified-machine-learning-specialty-topic-1/
53	10082	781983	2024-06-22 15:42	/discussions/amazon/view/10082-exam-aws-certified-machine-learning-specialty-topic-1/
54	8384	781984	2024-05-15 14:36	/discussions/amazon/view/8384-exam-aws-certified-machine-learning-specialty-topic-1/
55	10083	781985	2024-10-25 22:30	/discussions/amazon/view/10083-exam-aws-certified-machine-learning-specialty-topic-1/
56	10084	781986	2023-08-28 15:45	/discussions/amazon/view/10084-exam-aws-certified-machine-learning-specialty-topic-1/
57	8386	781987	2024-01-09 1:46	/discussions/amazon/view/8386-exam-aws-certified-machine-learning-specialty-topic-1/
58	10085	781988	2024-08-16 12:06	/discussions/amazon/view/10085-exam-aws-certified-machine-learning-specialty-topic-1/
59	74274	781989	2024-08-13 17:29	/discussions/amazon/view/74274-exam-aws-certified-machine-learning-specialty-topic-1/
60	8392	781990	2025-04-01 7:14	/discussions/amazon/view/8392-exam-aws-certified-machine-learning-specialty-topic-1/
61	8394	781991	2024-12-14 22:16	/discussions/amazon/view/8394-exam-aws-certified-machine-learning-specialty-topic-1/
62	11384	781992	2025-04-01 7:16	/discussions/amazon/view/11384-exam-aws-certified-machine-learning-specialty-topic-1/
63	10089	781993	2023-10-29 20:39	/discussions/amazon/view/10089-exam-aws-certified-machine-learning-specialty-topic-1/
64	8395	781994	2024-02-20 13:26	/discussions/amazon/view/8395-exam-aws-certified-machine-learning-specialty-topic-1/
65	10090	781995	2023-08-28 18:21	/discussions/amazon/view/10090-exam-aws-certified-machine-learning-specialty-topic-1/
66	19369	781996	2023-08-28 18:18	/discussions/amazon/view/19369-exam-aws-certified-machine-learning-specialty-topic-1/
67	26038	781997	2023-08-28 18:17	/discussions/amazon/view/26038-exam-aws-certified-machine-learning-specialty-topic-1/
68	17281	781998	2024-11-12 17:32	/discussions/amazon/view/17281-exam-aws-certified-machine-learning-specialty-topic-1/
69	17280	781999	2025-08-30 23:26	/discussions/amazon/view/17280-exam-aws-certified-machine-learning-specialty-topic-1/
70	43708	782000	2024-03-07 8:36	/discussions/amazon/view/43708-exam-aws-certified-machine-learning-specialty-topic-1/
71	43716	782001	2024-09-27 21:33	/discussions/amazon/view/43716-exam-aws-certified-machine-learning-specialty-topic-1/
72	74983	782002	2024-12-09 6:45	/discussions/amazon/view/74983-exam-aws-certified-machine-learning-specialty-topic-1/
73	43717	782003	2024-09-27 21:49	/discussions/amazon/view/43717-exam-aws-certified-machine-learning-specialty-topic-1/
74	43916	782004	2024-09-24 12:50	/discussions/amazon/view/43916-exam-aws-certified-machine-learning-specialty-topic-1/
75	43915	782005	2023-08-27 17:46	/discussions/amazon/view/43915-exam-aws-certified-machine-learning-specialty-topic-1/
76	43874	782006	2024-09-27 22:07	/discussions/amazon/view/43874-exam-aws-certified-machine-learning-specialty-topic-1/
77	43721	782007	2024-02-20 17:25	/discussions/amazon/view/43721-exam-aws-certified-machine-learning-specialty-topic-1/
78	43938	782008	2023-11-27 16:25	/discussions/amazon/view/43938-exam-aws-certified-machine-learning-specialty-topic-1/
79	43940	782009	2024-09-27 22:23	/discussions/amazon/view/43940-exam-aws-certified-machine-learning-specialty-topic-1/
80	43919	782010	2024-09-27 22:46	/discussions/amazon/view/43919-exam-aws-certified-machine-learning-specialty-topic-1/
81	43921	782011	2023-08-27 19:31	/discussions/amazon/view/43921-exam-aws-certified-machine-learning-specialty-topic-1/
82	43922	782012	2024-11-07 0:57	/discussions/amazon/view/43922-exam-aws-certified-machine-learning-specialty-topic-1/
83	43923	782013	2023-08-27 19:35	/discussions/amazon/view/43923-exam-aws-certified-machine-learning-specialty-topic-1/
84	43942	782014	2023-08-27 19:36	/discussions/amazon/view/43942-exam-aws-certified-machine-learning-specialty-topic-1/
85	44056	782015	2023-08-23 20:14	/discussions/amazon/view/44056-exam-aws-certified-machine-learning-specialty-topic-1/
86	43943	782016	2024-02-05 22:57	/discussions/amazon/view/43943-exam-aws-certified-machine-learning-specialty-topic-1/
87	43728	782017	2025-04-09 10:09	/discussions/amazon/view/43728-exam-aws-certified-machine-learning-specialty-topic-1/
88	73881	782018	2024-12-15 1:09	/discussions/amazon/view/73881-exam-aws-certified-machine-learning-specialty-topic-1/
89	43864	782019	2023-10-02 16:49	/discussions/amazon/view/43864-exam-aws-certified-machine-learning-specialty-topic-1/
90	43866	782020	2023-08-26 22:37	/discussions/amazon/view/43866-exam-aws-certified-machine-learning-specialty-topic-1/
91	43867	782021	2023-09-15 10:19	/discussions/amazon/view/43867-exam-aws-certified-machine-learning-specialty-topic-1/
92	43930	782022	2023-11-18 23:56	/discussions/amazon/view/43930-exam-aws-certified-machine-learning-specialty-topic-1/
93	43870	782023	2025-04-05 20:54	/discussions/amazon/view/43870-exam-aws-certified-machine-learning-specialty-topic-1/
94	43931	782024	2024-01-16 14:01	/discussions/amazon/view/43931-exam-aws-certified-machine-learning-specialty-topic-1/
95	43932	782025	2024-02-16 21:32	/discussions/amazon/view/43932-exam-aws-certified-machine-learning-specialty-topic-1/
96	43948	782026	2023-11-13 23:48	/discussions/amazon/view/43948-exam-aws-certified-machine-learning-specialty-topic-1/
97	43962	782027	2024-07-07 12:35	/discussions/amazon/view/43962-exam-aws-certified-machine-learning-specialty-topic-1/
98	73977	782028	2025-01-12 21:07	/discussions/amazon/view/73977-exam-aws-certified-machine-learning-specialty-topic-1/
99	73978	782029	2023-10-16 11:25	/discussions/amazon/view/73978-exam-aws-certified-machine-learning-specialty-topic-1/
100	45178	782030	2024-10-26 0:01	/discussions/amazon/view/45178-exam-aws-certified-machine-learning-specialty-topic-1/
101	44886	782031	2024-09-24 13:02	/discussions/amazon/view/44886-exam-aws-certified-machine-learning-specialty-topic-1/
102	44105	782032	2023-11-27 23:14	/discussions/amazon/view/44105-exam-aws-certified-machine-learning-specialty-topic-1/
103	44106	782033	2024-06-26 5:50	/discussions/amazon/view/44106-exam-aws-certified-machine-learning-specialty-topic-1/
104	43964	782034	2024-03-07 9:12	/discussions/amazon/view/43964-exam-aws-certified-machine-learning-specialty-topic-1/
105	43965	782035	2023-08-24 19:03	/discussions/amazon/view/43965-exam-aws-certified-machine-learning-specialty-topic-1/
106	44249	782036	2024-02-17 21:49	/discussions/amazon/view/44249-exam-aws-certified-machine-learning-specialty-topic-1/
107	44289	782037	2023-08-24 19:17	/discussions/amazon/view/44289-exam-aws-certified-machine-learning-specialty-topic-1/
108	44530	782038	2023-10-16 12:20	/discussions/amazon/view/44530-exam-aws-certified-machine-learning-specialty-topic-1/
109	44290	782039	2023-08-26 14:40	/discussions/amazon/view/44290-exam-aws-certified-machine-learning-specialty-topic-1/
110	44917	782040	2024-02-21 14:39	/discussions/amazon/view/44917-exam-aws-certified-machine-learning-specialty-topic-1/
111	44063	782041	2024-09-24 13:08	/discussions/amazon/view/44063-exam-aws-certified-machine-learning-specialty-topic-1/
112	44064	782042	2023-08-26 15:41	/discussions/amazon/view/44064-exam-aws-certified-machine-learning-specialty-topic-1/
113	44065	782043	2024-09-24 13:12	/discussions/amazon/view/44065-exam-aws-certified-machine-learning-specialty-topic-1/
114	45463	782044	2024-06-22 21:04	/discussions/amazon/view/45463-exam-aws-certified-machine-learning-specialty-topic-1/
115	45464	782045	2023-08-26 15:53	/discussions/amazon/view/45464-exam-aws-certified-machine-learning-specialty-topic-1/
116	44301	782046	2023-09-16 10:14	/discussions/amazon/view/44301-exam-aws-certified-machine-learning-specialty-topic-1/
117	44073	782047	2024-12-21 10:55	/discussions/amazon/view/44073-exam-aws-certified-machine-learning-specialty-topic-1/
118	45611	782048	2023-09-18 10:48	/discussions/amazon/view/45611-exam-aws-certified-machine-learning-specialty-topic-1/
119	44077	782049	2024-02-19 21:26	/discussions/amazon/view/44077-exam-aws-certified-machine-learning-specialty-topic-1/
120	44078	782050	2025-03-29 22:13	/discussions/amazon/view/44078-exam-aws-certified-machine-learning-specialty-topic-1/
121	44080	782051	2023-11-17 10:16	/discussions/amazon/view/44080-exam-aws-certified-machine-learning-specialty-topic-1/
122	44079	782052	2023-08-26 16:53	/discussions/amazon/view/44079-exam-aws-certified-machine-learning-specialty-topic-1/
123	75336	782053	2024-10-03 2:35	/discussions/amazon/view/75336-exam-aws-certified-machine-learning-specialty-topic-1/
124	44186	782054	2024-02-20 2:04	/discussions/amazon/view/44186-exam-aws-certified-machine-learning-specialty-topic-1/
125	44081	782055	2023-09-18 13:54	/discussions/amazon/view/44081-exam-aws-certified-machine-learning-specialty-topic-1/
126	46341	782056	2024-03-07 9:23	/discussions/amazon/view/46341-exam-aws-certified-machine-learning-specialty-topic-1/
127	44091	782057	2023-09-16 2:11	/discussions/amazon/view/44091-exam-aws-certified-machine-learning-specialty-topic-1/
128	44092	782058	2023-05-04 0:17	/discussions/amazon/view/44092-exam-aws-certified-machine-learning-specialty-topic-1/
129	45615	782059	2024-05-18 2:30	/discussions/amazon/view/45615-exam-aws-certified-machine-learning-specialty-topic-1/
130	44093	782060	2024-05-24 22:53	/discussions/amazon/view/44093-exam-aws-certified-machine-learning-specialty-topic-1/
131	44155	782061	2025-03-31 6:38	/discussions/amazon/view/44155-exam-aws-certified-machine-learning-specialty-topic-1/
132	74067	782062	2024-09-29 17:53	/discussions/amazon/view/74067-exam-aws-certified-machine-learning-specialty-topic-1/
133	76354	782063	2024-04-01 23:30	/discussions/amazon/view/76354-exam-aws-certified-machine-learning-specialty-topic-1/
134	74974	782064	2025-09-15 11:45	/discussions/amazon/view/74974-exam-aws-certified-machine-learning-specialty-topic-1/
135	74279	782065	2023-08-27 9:23	/discussions/amazon/view/74279-exam-aws-certified-machine-learning-specialty-topic-1/
136	74070	782066	2025-03-15 8:56	/discussions/amazon/view/74070-exam-aws-certified-machine-learning-specialty-topic-1/
137	74926	782067	2025-02-16 12:05	/discussions/amazon/view/74926-exam-aws-certified-machine-learning-specialty-topic-1/
138	74280	782068	2023-10-18 7:44	/discussions/amazon/view/74280-exam-aws-certified-machine-learning-specialty-topic-1/
139	74921	782069	2025-06-13 22:36	/discussions/amazon/view/74921-exam-aws-certified-machine-learning-specialty-topic-1/
140	74071	782070	2024-02-05 14:39	/discussions/amazon/view/74071-exam-aws-certified-machine-learning-specialty-topic-1/
141	74993	782071	2023-08-27 11:09	/discussions/amazon/view/74993-exam-aws-certified-machine-learning-specialty-topic-1/
142	74388	782072	2025-03-28 18:49	/discussions/amazon/view/74388-exam-aws-certified-machine-learning-specialty-topic-1/
143	76355	782073	2024-01-08 6:31	/discussions/amazon/view/76355-exam-aws-certified-machine-learning-specialty-topic-1/
144	74392	782074	2023-10-18 13:11	/discussions/amazon/view/74392-exam-aws-certified-machine-learning-specialty-topic-1/
145	74394	782075	2025-03-31 7:56	/discussions/amazon/view/74394-exam-aws-certified-machine-learning-specialty-topic-1/
146	74078	782076	2023-10-25 18:41	/discussions/amazon/view/74078-exam-aws-certified-machine-learning-specialty-topic-1/
147	74395	782077	2025-12-28 21:01	/discussions/amazon/view/74395-exam-aws-certified-machine-learning-specialty-topic-1/
148	75091	782078	2024-05-18 14:00	/discussions/amazon/view/75091-exam-aws-certified-machine-learning-specialty-topic-1/
149	74079	782079	2023-08-31 11:36	/discussions/amazon/view/74079-exam-aws-certified-machine-learning-specialty-topic-1/
150	74996	782080	2025-03-04 13:34	/discussions/amazon/view/74996-exam-aws-certified-machine-learning-specialty-topic-1/
151	75436	782081	2025-01-13 22:55	/discussions/amazon/view/75436-exam-aws-certified-machine-learning-specialty-topic-1/
152	75321	782082	2023-08-26 23:17	/discussions/amazon/view/75321-exam-aws-certified-machine-learning-specialty-topic-1/
153	75020	782083	2024-04-01 1:11	/discussions/amazon/view/75020-exam-aws-certified-machine-learning-specialty-topic-1/
154	74991	782084	2025-09-07 4:34	/discussions/amazon/view/74991-exam-aws-certified-machine-learning-specialty-topic-1/
155	75415	782085	2024-02-23 19:38	/discussions/amazon/view/75415-exam-aws-certified-machine-learning-specialty-topic-1/
156	74397	782086	2024-10-27 14:54	/discussions/amazon/view/74397-exam-aws-certified-machine-learning-specialty-topic-1/
157	74934	782087	2025-07-21 20:13	/discussions/amazon/view/74934-exam-aws-certified-machine-learning-specialty-topic-1/
158	75080	782088	2024-12-11 10:33	/discussions/amazon/view/75080-exam-aws-certified-machine-learning-specialty-topic-1/
159	74806	782089	2023-12-17 17:00	/discussions/amazon/view/74806-exam-aws-certified-machine-learning-specialty-topic-1/
160	74920	782090	2024-09-24 15:31	/discussions/amazon/view/74920-exam-aws-certified-machine-learning-specialty-topic-1/
161	75078	782091	2025-04-05 6:34	/discussions/amazon/view/75078-exam-aws-certified-machine-learning-specialty-topic-1/
162	74919	782092	2024-12-09 21:23	/discussions/amazon/view/74919-exam-aws-certified-machine-learning-specialty-topic-1/
163	75059	782093	2024-10-19 8:22	/discussions/amazon/view/75059-exam-aws-certified-machine-learning-specialty-topic-1/
164	77501	782094	2023-10-18 13:16	/discussions/amazon/view/77501-exam-aws-certified-machine-learning-specialty-topic-1/
165	76486	782095	2023-08-09 16:30	/discussions/amazon/view/76486-exam-aws-certified-machine-learning-specialty-topic-1/
166	75399	782096	2023-11-28 11:59	/discussions/amazon/view/75399-exam-aws-certified-machine-learning-specialty-topic-1/
167	74997	782097	2025-05-01 1:47	/discussions/amazon/view/74997-exam-aws-certified-machine-learning-specialty-topic-1/
168	75262	782098	2024-09-24 15:45	/discussions/amazon/view/75262-exam-aws-certified-machine-learning-specialty-topic-1/
169	74998	782099	2024-02-28 9:18	/discussions/amazon/view/74998-exam-aws-certified-machine-learning-specialty-topic-1/
170	74809	782100	2023-08-10 17:03	/discussions/amazon/view/74809-exam-aws-certified-machine-learning-specialty-topic-1/
171	74810	782101	2025-03-23 15:21	/discussions/amazon/view/74810-exam-aws-certified-machine-learning-specialty-topic-1/
172	74877	782102	2024-03-19 12:22	/discussions/amazon/view/74877-exam-aws-certified-machine-learning-specialty-topic-1/
173	76292	782103	2025-09-07 4:21	/discussions/amazon/view/76292-exam-aws-certified-machine-learning-specialty-topic-1/
174	74922	782104	2024-02-25 21:25	/discussions/amazon/view/74922-exam-aws-certified-machine-learning-specialty-topic-1/
175	74994	782105	2024-02-08 10:14	/discussions/amazon/view/74994-exam-aws-certified-machine-learning-specialty-topic-1/
176	75431	782106	2025-06-07 1:30	/discussions/amazon/view/75431-exam-aws-certified-machine-learning-specialty-topic-1/
177	74871	782107	2023-09-08 7:47	/discussions/amazon/view/74871-exam-aws-certified-machine-learning-specialty-topic-1/
178	75200	782108	2024-12-25 23:16	/discussions/amazon/view/75200-exam-aws-certified-machine-learning-specialty-topic-1/
179	74972	782109	2023-09-20 7:39	/discussions/amazon/view/74972-exam-aws-certified-machine-learning-specialty-topic-1/
180	75022	782110	2024-06-13 8:06	/discussions/amazon/view/75022-exam-aws-certified-machine-learning-specialty-topic-1/
181	74970	782111	2023-09-08 8:08	/discussions/amazon/view/74970-exam-aws-certified-machine-learning-specialty-topic-1/
182	75045	782112	2023-09-08 8:36	/discussions/amazon/view/75045-exam-aws-certified-machine-learning-specialty-topic-1/
183	75279	782113	2023-10-18 14:17	/discussions/amazon/view/75279-exam-aws-certified-machine-learning-specialty-topic-1/
184	75149	782114	2023-09-08 8:47	/discussions/amazon/view/75149-exam-aws-certified-machine-learning-specialty-topic-1/
185	74925	782115	2023-09-08 8:52	/discussions/amazon/view/74925-exam-aws-certified-machine-learning-specialty-topic-1/
186	74999	782116	2024-12-25 23:47	/discussions/amazon/view/74999-exam-aws-certified-machine-learning-specialty-topic-1/
187	89019	850710	2025-03-11 14:54	/discussions/amazon/view/89019-exam-aws-certified-machine-learning-specialty-topic-1/
188	88925	850711	2024-02-27 2:14	/discussions/amazon/view/88925-exam-aws-certified-machine-learning-specialty-topic-1/
189	88731	850712	2024-09-24 16:03	/discussions/amazon/view/88731-exam-aws-certified-machine-learning-specialty-topic-1/
190	89092	850713	2024-02-08 21:44	/discussions/amazon/view/89092-exam-aws-certified-machine-learning-specialty-topic-1/
191	89093	850714	2025-05-12 7:39	/discussions/amazon/view/89093-exam-aws-certified-machine-learning-specialty-topic-1/
192	88927	850715	2023-09-08 9:53	/discussions/amazon/view/88927-exam-aws-certified-machine-learning-specialty-topic-1/
193	88928	850716	2023-09-08 9:58	/discussions/amazon/view/88928-exam-aws-certified-machine-learning-specialty-topic-1/
194	89135	850717	2023-09-08 10:01	/discussions/amazon/view/89135-exam-aws-certified-machine-learning-specialty-topic-1/
195	89137	850718	2023-08-24 14:12	/discussions/amazon/view/89137-exam-aws-certified-machine-learning-specialty-topic-1/
196	88943	850719	2023-09-17 16:47	/discussions/amazon/view/88943-exam-aws-certified-machine-learning-specialty-topic-1/
197	89148	850720	2024-10-31 22:47	/discussions/amazon/view/89148-exam-aws-certified-machine-learning-specialty-topic-1/
198	89150	850721	2024-04-01 18:03	/discussions/amazon/view/89150-exam-aws-certified-machine-learning-specialty-topic-1/
199	89151	850722	2023-10-11 21:53	/discussions/amazon/view/89151-exam-aws-certified-machine-learning-specialty-topic-1/
200	88924	850723	2023-09-11 13:19	/discussions/amazon/view/88924-exam-aws-certified-machine-learning-specialty-topic-1/
201	89262	850724	2023-09-14 15:42	/discussions/amazon/view/89262-exam-aws-certified-machine-learning-specialty-topic-1/
202	89051	850725	2023-09-11 13:34	/discussions/amazon/view/89051-exam-aws-certified-machine-learning-specialty-topic-1/
203	89213	850726	2023-09-11 13:38	/discussions/amazon/view/89213-exam-aws-certified-machine-learning-specialty-topic-1/
204	88838	850727	2023-09-11 13:43	/discussions/amazon/view/88838-exam-aws-certified-machine-learning-specialty-topic-1/
205	89266	850728	2025-03-25 9:23	/discussions/amazon/view/89266-exam-aws-certified-machine-learning-specialty-topic-1/
206	89069	850729	2025-05-13 2:50	/discussions/amazon/view/89069-exam-aws-certified-machine-learning-specialty-topic-1/
207	89267	850730	2023-11-04 17:54	/discussions/amazon/view/89267-exam-aws-certified-machine-learning-specialty-topic-1/
208	88837	850731	2025-05-03 19:31	/discussions/amazon/view/88837-exam-aws-certified-machine-learning-specialty-topic-1/
209	98541	867523	2023-09-11 14:31	/discussions/amazon/view/98541-exam-aws-certified-machine-learning-specialty-topic-1/
210	98527	867524	2023-09-11 15:15	/discussions/amazon/view/98527-exam-aws-certified-machine-learning-specialty-topic-1/
211	99688	867525	2023-09-11 15:30	/discussions/amazon/view/99688-exam-aws-certified-machine-learning-specialty-topic-1/
212	98756	867526	2023-09-17 20:46	/discussions/amazon/view/98756-exam-aws-certified-machine-learning-specialty-topic-1/
213	99814	867527	2023-09-11 15:43	/discussions/amazon/view/99814-exam-aws-certified-machine-learning-specialty-topic-1/
214	99689	867528	2023-11-01 11:11	/discussions/amazon/view/99689-exam-aws-certified-machine-learning-specialty-topic-1/
215	99696	867529	2025-05-09 0:22	/discussions/amazon/view/99696-exam-aws-certified-machine-learning-specialty-topic-1/
216	98990	867530	2024-11-23 22:42	/discussions/amazon/view/98990-exam-aws-certified-machine-learning-specialty-topic-1/
217	97866	867531	2023-11-28 19:20	/discussions/amazon/view/97866-exam-aws-certified-machine-learning-specialty-topic-1/
218	98762	867532	2024-06-14 2:59	/discussions/amazon/view/98762-exam-aws-certified-machine-learning-specialty-topic-1/
219	98763	867533	2023-08-19 22:13	/discussions/amazon/view/98763-exam-aws-certified-machine-learning-specialty-topic-1/
220	98764	867534	2023-09-11 16:42	/discussions/amazon/view/98764-exam-aws-certified-machine-learning-specialty-topic-1/
221	98201	867535	2023-08-21 11:29	/discussions/amazon/view/98201-exam-aws-certified-machine-learning-specialty-topic-1/
222	98765	867536	2023-09-11 16:55	/discussions/amazon/view/98765-exam-aws-certified-machine-learning-specialty-topic-1/
223	100146	867537	2023-09-11 18:26	/discussions/amazon/view/100146-exam-aws-certified-machine-learning-specialty-topic-1/
224	98308	867538	2025-02-18 2:45	/discussions/amazon/view/98308-exam-aws-certified-machine-learning-specialty-topic-1/
225	98200	867539	2023-08-21 15:29	/discussions/amazon/view/98200-exam-aws-certified-machine-learning-specialty-topic-1/
226	103014	875380	2024-11-03 13:30	/discussions/amazon/view/103014-exam-aws-certified-machine-learning-specialty-topic-1/
227	103018	875381	2025-09-07 3:19	/discussions/amazon/view/103018-exam-aws-certified-machine-learning-specialty-topic-1/
228	103021	875382	2025-05-08 7:38	/discussions/amazon/view/103021-exam-aws-certified-machine-learning-specialty-topic-1/
229	103024	875383	2025-09-17 6:51	/discussions/amazon/view/103024-exam-aws-certified-machine-learning-specialty-topic-1/
230	103027	875384	2023-12-01 17:05	/discussions/amazon/view/103027-exam-aws-certified-machine-learning-specialty-topic-1/
231	103028	875385	2024-11-03 13:47	/discussions/amazon/view/103028-exam-aws-certified-machine-learning-specialty-topic-1/
232	103029	875386	2024-03-14 14:45	/discussions/amazon/view/103029-exam-aws-certified-machine-learning-specialty-topic-1/
233	103030	875387	2023-09-12 9:20	/discussions/amazon/view/103030-exam-aws-certified-machine-learning-specialty-topic-1/
234	103032	875388	2023-09-12 9:23	/discussions/amazon/view/103032-exam-aws-certified-machine-learning-specialty-topic-1/
235	103033	875389	2024-04-06 15:08	/discussions/amazon/view/103033-exam-aws-certified-machine-learning-specialty-topic-1/
236	103035	875390	2024-01-17 14:01	/discussions/amazon/view/103035-exam-aws-certified-machine-learning-specialty-topic-1/
237	103036	875391	2025-09-21 11:02	/discussions/amazon/view/103036-exam-aws-certified-machine-learning-specialty-topic-1/
238	112449	887262	2023-11-28 20:23	/discussions/amazon/view/112449-exam-aws-certified-machine-learning-specialty-topic-1/
239	112450	887263	2024-04-01 0:40	/discussions/amazon/view/112450-exam-aws-certified-machine-learning-specialty-topic-1/
240	112451	887264	2024-03-03 17:15	/discussions/amazon/view/112451-exam-aws-certified-machine-learning-specialty-topic-1/
241	112452	887265	2023-09-12 13:28	/discussions/amazon/view/112452-exam-aws-certified-machine-learning-specialty-topic-1/
242	112453	887266	2023-10-25 9:59	/discussions/amazon/view/112453-exam-aws-certified-machine-learning-specialty-topic-1/
243	112159	887267	2023-09-17 1:04	/discussions/amazon/view/112159-exam-aws-certified-machine-learning-specialty-topic-1/
244	112454	887268	2023-08-17 15:57	/discussions/amazon/view/112454-exam-aws-certified-machine-learning-specialty-topic-1/
245	112455	887269	2023-08-30 0:26	/discussions/amazon/view/112455-exam-aws-certified-machine-learning-specialty-topic-1/
246	112456	887270	2024-04-01 0:53	/discussions/amazon/view/112456-exam-aws-certified-machine-learning-specialty-topic-1/
247	112457	887271	2024-05-04 20:18	/discussions/amazon/view/112457-exam-aws-certified-machine-learning-specialty-topic-1/
248	112600	887272	2024-04-01 0:59	/discussions/amazon/view/112600-exam-aws-certified-machine-learning-specialty-topic-1/
249	113070	887273	2023-11-28 21:52	/discussions/amazon/view/113070-exam-aws-certified-machine-learning-specialty-topic-1/
250	111690	887274	2024-05-04 20:25	/discussions/amazon/view/111690-exam-aws-certified-machine-learning-specialty-topic-1/
251	111704	887275	2023-11-28 21:58	/discussions/amazon/view/111704-exam-aws-certified-machine-learning-specialty-topic-1/
252	111706	887276	2023-09-12 14:25	/discussions/amazon/view/111706-exam-aws-certified-machine-learning-specialty-topic-1/
253	111710	887277	2025-04-16 11:36	/discussions/amazon/view/111710-exam-aws-certified-machine-learning-specialty-topic-1/
254	111711	887278	2024-03-31 0:03	/discussions/amazon/view/111711-exam-aws-certified-machine-learning-specialty-topic-1/
255	112460	887279	2025-02-20 4:56	/discussions/amazon/view/112460-exam-aws-certified-machine-learning-specialty-topic-1/
256	112462	887280	2025-05-04 1:25	/discussions/amazon/view/112462-exam-aws-certified-machine-learning-specialty-topic-1/
257	112605	887281	2024-03-18 17:06	/discussions/amazon/view/112605-exam-aws-certified-machine-learning-specialty-topic-1/
258	112719	887282	2025-05-04 1:32	/discussions/amazon/view/112719-exam-aws-certified-machine-learning-specialty-topic-1/
259	112463	887283	2024-03-31 0:41	/discussions/amazon/view/112463-exam-aws-certified-machine-learning-specialty-topic-1/
260	114475	887284	2025-09-11 11:13	/discussions/amazon/view/114475-exam-aws-certified-machine-learning-specialty-topic-1/
261	113104	887285	2024-03-05 5:35	/discussions/amazon/view/113104-exam-aws-certified-machine-learning-specialty-topic-1/
262	114477	887286	2024-04-05 8:51	/discussions/amazon/view/114477-exam-aws-certified-machine-learning-specialty-topic-1/
263	114030	887287	2023-11-28 22:50	/discussions/amazon/view/114030-exam-aws-certified-machine-learning-specialty-topic-1/
264	114427	887288	2023-10-24 16:03	/discussions/amazon/view/114427-exam-aws-certified-machine-learning-specialty-topic-1/
265	111820	887289	2024-12-24 13:20	/discussions/amazon/view/111820-exam-aws-certified-machine-learning-specialty-topic-1/
266	114478	889630	2024-02-17 6:35	/discussions/amazon/view/114478-exam-aws-certified-machine-learning-specialty-topic-1/
267	114479	889631	2025-07-27 16:44	/discussions/amazon/view/114479-exam-aws-certified-machine-learning-specialty-topic-1/
268	114480	889632	2025-09-06 21:43	/discussions/amazon/view/114480-exam-aws-certified-machine-learning-specialty-topic-1/
269	114481	889633	2023-12-17 12:34	/discussions/amazon/view/114481-exam-aws-certified-machine-learning-specialty-topic-1/
270	114482	889634	2023-11-28 23:23	/discussions/amazon/view/114482-exam-aws-certified-machine-learning-specialty-topic-1/
271	114483	889635	2025-11-14 17:24	/discussions/amazon/view/114483-exam-aws-certified-machine-learning-specialty-topic-1/
272	114426	889636	2024-03-31 1:49	/discussions/amazon/view/114426-exam-aws-certified-machine-learning-specialty-topic-1/
273	114425	889637	2023-11-23 15:43	/discussions/amazon/view/114425-exam-aws-certified-machine-learning-specialty-topic-1/
274	128599	906373	2025-09-18 4:22	/discussions/amazon/view/128599-exam-aws-certified-machine-learning-specialty-topic-1/
275	128589	906374	2025-02-27 12:25	/discussions/amazon/view/128589-exam-aws-certified-machine-learning-specialty-topic-1/
276	128591	906375	2025-05-18 19:44	/discussions/amazon/view/128591-exam-aws-certified-machine-learning-specialty-topic-1/
277	128608	906376	2025-09-06 15:31	/discussions/amazon/view/128608-exam-aws-certified-machine-learning-specialty-topic-1/
278	128794	906377	2023-12-19 1:53	/discussions/amazon/view/128794-exam-aws-certified-machine-learning-specialty-topic-1/
279	128943	906378	2024-03-07 1:55	/discussions/amazon/view/128943-exam-aws-certified-machine-learning-specialty-topic-1/
280	128947	906379	2024-06-28 5:39	/discussions/amazon/view/128947-exam-aws-certified-machine-learning-specialty-topic-1/
281	128795	906380	2025-07-27 19:11	/discussions/amazon/view/128795-exam-aws-certified-machine-learning-specialty-topic-1/
282	128796	906381	2025-04-08 7:16	/discussions/amazon/view/128796-exam-aws-certified-machine-learning-specialty-topic-1/
283	128797	906382	2025-07-27 19:23	/discussions/amazon/view/128797-exam-aws-certified-machine-learning-specialty-topic-1/
284	128798	906383	2024-03-04 2:19	/discussions/amazon/view/128798-exam-aws-certified-machine-learning-specialty-topic-1/
285	128799	906384	2023-12-23 21:32	/discussions/amazon/view/128799-exam-aws-certified-machine-learning-specialty-topic-1/
286	128698	906385	2025-03-26 8:38	/discussions/amazon/view/128698-exam-aws-certified-machine-learning-specialty-topic-1/
287	128699	906386	2024-11-02 22:35	/discussions/amazon/view/128699-exam-aws-certified-machine-learning-specialty-topic-1/
288	133244	910946	2025-05-13 9:23	/discussions/amazon/view/133244-exam-aws-certified-machine-learning-specialty-topic-1/
289	133242	910947	2024-03-07 6:32	/discussions/amazon/view/133242-exam-aws-certified-machine-learning-specialty-topic-1/
290	133245	910948	2024-03-04 2:45	/discussions/amazon/view/133245-exam-aws-certified-machine-learning-specialty-topic-1/
291	133249	910949	2024-03-04 2:48	/discussions/amazon/view/133249-exam-aws-certified-machine-learning-specialty-topic-1/
292	133519	910950	2025-03-06 8:35	/discussions/amazon/view/133519-exam-aws-certified-machine-learning-specialty-topic-1/
293	133250	910951	2025-09-12 6:53	/discussions/amazon/view/133250-exam-aws-certified-machine-learning-specialty-topic-1/
294	133253	910952	2024-09-24 20:44	/discussions/amazon/view/133253-exam-aws-certified-machine-learning-specialty-topic-1/
295	133248	910953	2025-09-06 4:14	/discussions/amazon/view/133248-exam-aws-certified-machine-learning-specialty-topic-1/
296	134301	910954	2024-03-07 22:16	/discussions/amazon/view/134301-exam-aws-certified-machine-learning-specialty-topic-1/
297	133265	910955	2024-03-31 13:16	/discussions/amazon/view/133265-exam-aws-certified-machine-learning-specialty-topic-1/
298	133096	910956	2024-05-02 14:13	/discussions/amazon/view/133096-exam-aws-certified-machine-learning-specialty-topic-1/
299	133097	910957	2025-09-06 4:18	/discussions/amazon/view/133097-exam-aws-certified-machine-learning-specialty-topic-1/
300	133098	910958	2025-09-06 4:19	/discussions/amazon/view/133098-exam-aws-certified-machine-learning-specialty-topic-1/
301	133266	910959	2024-05-01 9:43	/discussions/amazon/view/133266-exam-aws-certified-machine-learning-specialty-topic-1/
302	133089	910960	2024-12-11 7:53	/discussions/amazon/view/133089-exam-aws-certified-machine-learning-specialty-topic-1/
303	134338	910961	2024-05-01 8:53	/discussions/amazon/view/134338-exam-aws-certified-machine-learning-specialty-topic-1/
304	133268	910962	2025-11-13 8:17	/discussions/amazon/view/133268-exam-aws-certified-machine-learning-specialty-topic-1/
305	133269	910963	2025-08-03 9:38	/discussions/amazon/view/133269-exam-aws-certified-machine-learning-specialty-topic-1/
306	133255	910964	2024-06-23 12:12	/discussions/amazon/view/133255-exam-aws-certified-machine-learning-specialty-topic-1/
307	133256	910965	2025-05-25 4:09	/discussions/amazon/view/133256-exam-aws-certified-machine-learning-specialty-topic-1/
308	133088	910966	2025-09-06 3:37	/discussions/amazon/view/133088-exam-aws-certified-machine-learning-specialty-topic-1/
309	133087	910967	2024-08-09 23:40	/discussions/amazon/view/133087-exam-aws-certified-machine-learning-specialty-topic-1/
310	135608	913117	2024-04-30 14:40	/discussions/amazon/view/135608-exam-aws-certified-machine-learning-specialty-topic-1/
311	135610	913118	2025-04-05 14:00	/discussions/amazon/view/135610-exam-aws-certified-machine-learning-specialty-topic-1/
312	135611	913119	2024-09-23 14:34	/discussions/amazon/view/135611-exam-aws-certified-machine-learning-specialty-topic-1/
313	135612	913120	2024-04-26 17:10	/discussions/amazon/view/135612-exam-aws-certified-machine-learning-specialty-topic-1/
314	135662	913121	2025-04-08 8:11	/discussions/amazon/view/135662-exam-aws-certified-machine-learning-specialty-topic-1/
315	135663	913122	2024-04-30 13:12	/discussions/amazon/view/135663-exam-aws-certified-machine-learning-specialty-topic-1/
316	135664	913123	2024-04-30 13:05	/discussions/amazon/view/135664-exam-aws-certified-machine-learning-specialty-topic-1/
317	135665	913124	2024-04-30 12:49	/discussions/amazon/view/135665-exam-aws-certified-machine-learning-specialty-topic-1/
318	135988	913125	2024-04-30 12:31	/discussions/amazon/view/135988-exam-aws-certified-machine-learning-specialty-topic-1/
319	135990	913126	2025-03-28 14:30	/discussions/amazon/view/135990-exam-aws-certified-machine-learning-specialty-topic-1/
320	135991	913127	2024-04-01 16:58	/discussions/amazon/view/135991-exam-aws-certified-machine-learning-specialty-topic-1/
321	135994	913128	2024-04-01 16:50	/discussions/amazon/view/135994-exam-aws-certified-machine-learning-specialty-topic-1/
322	136022	913129	2024-09-23 14:53	/discussions/amazon/view/136022-exam-aws-certified-machine-learning-specialty-topic-1/
323	136023	913130	2024-10-20 10:51	/discussions/amazon/view/136023-exam-aws-certified-machine-learning-specialty-topic-1/
324	136015	913131	2024-03-18 2:33	/discussions/amazon/view/136015-exam-aws-certified-machine-learning-specialty-topic-1/
325	136025	913132	2024-09-23 14:58	/discussions/amazon/view/136025-exam-aws-certified-machine-learning-specialty-topic-1/
326	136011	913133	2024-03-30 14:01	/discussions/amazon/view/136011-exam-aws-certified-machine-learning-specialty-topic-1/
327	136010	913134	2024-03-30 14:03	/discussions/amazon/view/136010-exam-aws-certified-machine-learning-specialty-topic-1/
328	136002	913135	2025-08-30 19:08	/discussions/amazon/view/136002-exam-aws-certified-machine-learning-specialty-topic-1/
329	135917	913136	2025-03-19 11:10	/discussions/amazon/view/135917-exam-aws-certified-machine-learning-specialty-topic-1/
330	136026	913137	2024-12-25 9:46	/discussions/amazon/view/136026-exam-aws-certified-machine-learning-specialty-topic-1/
331	136031	913138	2024-03-30 14:12	/discussions/amazon/view/136031-exam-aws-certified-machine-learning-specialty-topic-1/
332	136027	913139	2024-10-20 11:27	/discussions/amazon/view/136027-exam-aws-certified-machine-learning-specialty-topic-1/
333	147149	928326	2025-05-05 18:38	/discussions/amazon/view/147149-exam-aws-certified-machine-learning-specialty-topic-1/
334	147148	928327	2025-06-03 13:19	/discussions/amazon/view/147148-exam-aws-certified-machine-learning-specialty-topic-1/
335	146687	928328	2024-10-20 11:36	/discussions/amazon/view/146687-exam-aws-certified-machine-learning-specialty-topic-1/
336	147146	928329	2024-10-28 19:23	/discussions/amazon/view/147146-exam-aws-certified-machine-learning-specialty-topic-1/
337	146689	928330	2024-10-18 8:05	/discussions/amazon/view/146689-exam-aws-certified-machine-learning-specialty-topic-1/
338	147147	928331	2024-09-19 6:44	/discussions/amazon/view/147147-exam-aws-certified-machine-learning-specialty-topic-1/
339	146688	928332	2024-10-20 11:45	/discussions/amazon/view/146688-exam-aws-certified-machine-learning-specialty-topic-1/
340	146705	928333	2025-03-19 11:34	/discussions/amazon/view/146705-exam-aws-certified-machine-learning-specialty-topic-1/
341	147369	928334	2024-09-19 7:05	/discussions/amazon/view/147369-exam-aws-certified-machine-learning-specialty-topic-1/
342	147150	928335	2025-04-26 0:01	/discussions/amazon/view/147150-exam-aws-certified-machine-learning-specialty-topic-1/
343	147978	928336	2025-03-27 16:06	/discussions/amazon/view/147978-exam-aws-certified-machine-learning-specialty-topic-1/
344	147979	928337	2024-11-02 16:50	/discussions/amazon/view/147979-exam-aws-certified-machine-learning-specialty-topic-1/
345	147980	928338	2024-10-26 17:38	/discussions/amazon/view/147980-exam-aws-certified-machine-learning-specialty-topic-1/
346	147981	928339	2025-03-21 8:59	/discussions/amazon/view/147981-exam-aws-certified-machine-learning-specialty-topic-1/
347	147603	928340	2025-04-17 8:31	/discussions/amazon/view/147603-exam-aws-certified-machine-learning-specialty-topic-1/
348	147689	928341	2025-03-03 3:51	/discussions/amazon/view/147689-exam-aws-certified-machine-learning-specialty-topic-1/
349	147151	928342	2024-09-22 18:33	/discussions/amazon/view/147151-exam-aws-certified-machine-learning-specialty-topic-1/
350	147984	928343	2025-02-18 22:20	/discussions/amazon/view/147984-exam-aws-certified-machine-learning-specialty-topic-1/
351	147155	928344	2024-09-22 18:45	/discussions/amazon/view/147155-exam-aws-certified-machine-learning-specialty-topic-1/
352	147037	928345	2025-04-24 13:58	/discussions/amazon/view/147037-exam-aws-certified-machine-learning-specialty-topic-1/
353	147154	928346	2024-10-26 18:10	/discussions/amazon/view/147154-exam-aws-certified-machine-learning-specialty-topic-1/
354	147153	928347	2025-03-21 10:01	/discussions/amazon/view/147153-exam-aws-certified-machine-learning-specialty-topic-1/
355	147152	928348	2024-09-22 18:59	/discussions/amazon/view/147152-exam-aws-certified-machine-learning-specialty-topic-1/
356	147156	928349	2024-09-22 19:04	/discussions/amazon/view/147156-exam-aws-certified-machine-learning-specialty-topic-1/
357	150532	933122	2025-06-23 0:23	/discussions/amazon/view/150532-exam-aws-certified-machine-learning-specialty-topic-1/
358	150533	933123	2025-02-18 17:46	/discussions/amazon/view/150533-exam-aws-certified-machine-learning-specialty-topic-1/
359	150534	933124	2025-09-13 12:00	/discussions/amazon/view/150534-exam-aws-certified-machine-learning-specialty-topic-1/
360	150535	933125	2025-06-23 0:30	/discussions/amazon/view/150535-exam-aws-certified-machine-learning-specialty-topic-1/
361	150536	933126	2024-11-02 16:01	/discussions/amazon/view/150536-exam-aws-certified-machine-learning-specialty-topic-1/
362	150537	933127	2025-09-13 12:10	/discussions/amazon/view/150537-exam-aws-certified-machine-learning-specialty-topic-1/
363	150538	933128	2025-03-21 10:46	/discussions/amazon/view/150538-exam-aws-certified-machine-learning-specialty-topic-1/
364	150539	933129	2025-09-26 7:31	/discussions/amazon/view/150539-exam-aws-certified-machine-learning-specialty-topic-1/
365	150540	933130	2025-02-18 17:42	/discussions/amazon/view/150540-exam-aws-certified-machine-learning-specialty-topic-1/
366	150542	933131	2025-09-21 1:59	/discussions/amazon/view/150542-exam-aws-certified-machine-learning-specialty-topic-1/
367	150544	933132	2025-09-20 1:47	/discussions/amazon/view/150544-exam-aws-certified-machine-learning-specialty-topic-1/
368	156769	940913	2025-08-30 23:30	/discussions/amazon/view/156769-exam-aws-certified-machine-learning-specialty-topic-1/
369	156768	940914	2025-08-30 23:27	/discussions/amazon/view/156768-exam-aws-certified-machine-learning-specialty-topic-1/
