1	123345	898791	2025-12-05 21:56	/discussions/amazon/view/123345-exam-aws-certified-cloud-practitioner-clf-c02-topic-1/
2	123348	898792	2025-11-26 10:05	/discussions/amazon/view/123348-exam-aws-certified-cloud-practitioner-clf-c02-topic-1/
3	123447	898793	2025-11-26 10:08	/discussions/amazon/view/123447-exam-aws-certified-cloud-practitioner-clf-c02-topic-1/
4	123448	898794	2025-11-26 10:09	/discussions/amazon/view/123448-exam-aws-certified-cloud-practitioner-clf-c02-topic-1/
5	123449	898795	2025-09-29 8:59	/discussions/amazon/view/123449-exam-aws-certified-cloud-practitioner-clf-c02-topic-1/
6	123349	898796	2025-12-07 8:46	/discussions/amazon/view/123349-exam-aws-certified-cloud-practitioner-clf-c02-topic-1/
7	123499	898797	2025-09-06 19:34	/discussions/amazon/view/123499-exam-aws-certified-cloud-practitioner-clf-c02-topic-1/
8	123538	898798	2025-09-06 19:35	/discussions/amazon/view/123538-exam-aws-certified-cloud-practitioner-clf-c02-topic-1/
9	123553	898799	2025-11-26 10:12	/discussions/amazon/view/123553-exam-aws-certified-cloud-practitioner-clf-c02-topic-1/
10	123456	898800	2025-11-26 10:11	/discussions/amazon/view/123456-exam-aws-certified-cloud-practitioner-clf-c02-topic-1/
11	123455	898801	2025-09-07 12:51	/discussions/amazon/view/123455-exam-aws-certified-cloud-practitioner-clf-c02-topic-1/
12	123350	898802	2025-07-21 13:28	/discussions/amazon/view/123350-exam-aws-certified-cloud-practitioner-clf-c02-topic-1/
13	123457	898803	2025-10-05 20:29	/discussions/amazon/view/123457-exam-aws-certified-cloud-practitioner-clf-c02-topic-1/
14	123610	898804	2025-09-06 19:42	/discussions/amazon/view/123610-exam-aws-certified-cloud-practitioner-clf-c02-topic-1/
15	123458	898805	2025-09-06 19:42	/discussions/amazon/view/123458-exam-aws-certified-cloud-practitioner-clf-c02-topic-1/
16	123459	898806	2025-09-06 19:43	/discussions/amazon/view/123459-exam-aws-certified-cloud-practitioner-clf-c02-topic-1/
17	123460	898807	2025-09-14 19:55	/discussions/amazon/view/123460-exam-aws-certified-cloud-practitioner-clf-c02-topic-1/
18	123462	898808	2025-10-05 21:04	/discussions/amazon/view/123462-exam-aws-certified-cloud-practitioner-clf-c02-topic-1/
19	123464	898809	2025-09-14 19:56	/discussions/amazon/view/123464-exam-aws-certified-cloud-practitioner-clf-c02-topic-1/
20	123674	898810	2025-09-24 5:50	/discussions/amazon/view/123674-exam-aws-certified-cloud-practitioner-clf-c02-topic-1/
21	123613	898811	2025-12-22 1:25	/discussions/amazon/view/123613-exam-aws-certified-cloud-practitioner-clf-c02-topic-1/
22	123678	898812	2025-12-22 1:26	/discussions/amazon/view/123678-exam-aws-certified-cloud-practitioner-clf-c02-topic-1/
23	123679	898813	2025-12-23 5:48	/discussions/amazon/view/123679-exam-aws-certified-cloud-practitioner-clf-c02-topic-1/
24	123467	898814	2025-12-22 1:28	/discussions/amazon/view/123467-exam-aws-certified-cloud-practitioner-clf-c02-topic-1/
25	123680	898815	2025-09-29 9:17	/discussions/amazon/view/123680-exam-aws-certified-cloud-practitioner-clf-c02-topic-1/
26	123614	898816	2025-09-29 9:18	/discussions/amazon/view/123614-exam-aws-certified-cloud-practitioner-clf-c02-topic-1/
27	123563	898817	2025-09-29 9:26	/discussions/amazon/view/123563-exam-aws-certified-cloud-practitioner-clf-c02-topic-1/
28	123440	898818	2025-12-27 15:44	/discussions/amazon/view/123440-exam-aws-certified-cloud-practitioner-clf-c02-topic-1/
29	123758	898819	2025-09-29 9:22	/discussions/amazon/view/123758-exam-aws-certified-cloud-practitioner-clf-c02-topic-1/
30	123564	898820	2025-09-29 9:24	/discussions/amazon/view/123564-exam-aws-certified-cloud-practitioner-clf-c02-topic-1/
31	123480	898821	2025-02-26 4:30	/discussions/amazon/view/123480-exam-aws-certified-cloud-practitioner-clf-c02-topic-1/
32	123691	898822	2024-12-30 12:07	/discussions/amazon/view/123691-exam-aws-certified-cloud-practitioner-clf-c02-topic-1/
33	123847	898823	2025-02-26 4:57	/discussions/amazon/view/123847-exam-aws-certified-cloud-practitioner-clf-c02-topic-1/
34	123423	898824	2025-02-26 5:00	/discussions/amazon/view/123423-exam-aws-certified-cloud-practitioner-clf-c02-topic-1/
35	123632	898825	2025-02-26 5:03	/discussions/amazon/view/123632-exam-aws-certified-cloud-practitioner-clf-c02-topic-1/
36	123692	898826	2025-02-26 5:05	/discussions/amazon/view/123692-exam-aws-certified-cloud-practitioner-clf-c02-topic-1/
37	123693	898827	2025-02-26 5:08	/discussions/amazon/view/123693-exam-aws-certified-cloud-practitioner-clf-c02-topic-1/
38	123694	898828	2025-02-26 5:10	/discussions/amazon/view/123694-exam-aws-certified-cloud-practitioner-clf-c02-topic-1/
39	123695	898829	2025-02-26 5:13	/discussions/amazon/view/123695-exam-aws-certified-cloud-practitioner-clf-c02-topic-1/
40	123412	898830	2025-02-26 5:16	/discussions/amazon/view/123412-exam-aws-certified-cloud-practitioner-clf-c02-topic-1/
41	123877	898831	2025-02-26 5:19	/discussions/amazon/view/123877-exam-aws-certified-cloud-practitioner-clf-c02-topic-1/
42	123716	898832	2025-02-26 5:21	/discussions/amazon/view/123716-exam-aws-certified-cloud-practitioner-clf-c02-topic-1/
43	123715	898833	2025-02-26 5:25	/discussions/amazon/view/123715-exam-aws-certified-cloud-practitioner-clf-c02-topic-1/
44	123717	898834	2025-02-26 5:27	/discussions/amazon/view/123717-exam-aws-certified-cloud-practitioner-clf-c02-topic-1/
45	123718	898835	2025-02-26 5:30	/discussions/amazon/view/123718-exam-aws-certified-cloud-practitioner-clf-c02-topic-1/
46	123719	898836	2025-09-08 14:55	/discussions/amazon/view/123719-exam-aws-certified-cloud-practitioner-clf-c02-topic-1/
47	123785	898837	2025-09-08 15:02	/discussions/amazon/view/123785-exam-aws-certified-cloud-practitioner-clf-c02-topic-1/
48	123720	898838	2025-02-26 5:40	/discussions/amazon/view/123720-exam-aws-certified-cloud-practitioner-clf-c02-topic-1/
49	124319	898839	2025-02-26 5:56	/discussions/amazon/view/124319-exam-aws-certified-cloud-practitioner-clf-c02-topic-1/
50	123959	898840	2024-11-14 20:07	/discussions/amazon/view/123959-exam-aws-certified-cloud-practitioner-clf-c02-topic-1/
51	123762	898841	2025-02-26 6:03	/discussions/amazon/view/123762-exam-aws-certified-cloud-practitioner-clf-c02-topic-1/
52	123721	898842	2025-02-26 7:24	/discussions/amazon/view/123721-exam-aws-certified-cloud-practitioner-clf-c02-topic-1/
53	123550	898843	2025-02-26 7:31	/discussions/amazon/view/123550-exam-aws-certified-cloud-practitioner-clf-c02-topic-1/
54	123551	898844	2025-02-26 7:33	/discussions/amazon/view/123551-exam-aws-certified-cloud-practitioner-clf-c02-topic-1/
55	123552	898845	2025-02-26 7:36	/discussions/amazon/view/123552-exam-aws-certified-cloud-practitioner-clf-c02-topic-1/
56	124402	898846	2025-02-26 7:39	/discussions/amazon/view/124402-exam-aws-certified-cloud-practitioner-clf-c02-topic-1/
57	124403	898847	2025-02-26 7:41	/discussions/amazon/view/124403-exam-aws-certified-cloud-practitioner-clf-c02-topic-1/
58	123736	898848	2025-02-26 7:43	/discussions/amazon/view/123736-exam-aws-certified-cloud-practitioner-clf-c02-topic-1/
59	123965	898849	2025-02-26 7:47	/discussions/amazon/view/123965-exam-aws-certified-cloud-practitioner-clf-c02-topic-1/
60	123966	898850	2025-02-26 7:49	/discussions/amazon/view/123966-exam-aws-certified-cloud-practitioner-clf-c02-topic-1/
61	123969	898851	2025-02-26 7:53	/discussions/amazon/view/123969-exam-aws-certified-cloud-practitioner-clf-c02-topic-1/
62	123971	898852	2025-02-26 7:56	/discussions/amazon/view/123971-exam-aws-certified-cloud-practitioner-clf-c02-topic-1/
63	123972	898853	2025-02-26 7:59	/discussions/amazon/view/123972-exam-aws-certified-cloud-practitioner-clf-c02-topic-1/
64	123973	898854	2025-03-02 6:30	/discussions/amazon/view/123973-exam-aws-certified-cloud-practitioner-clf-c02-topic-1/
65	123528	898855	2025-05-25 18:53	/discussions/amazon/view/123528-exam-aws-certified-cloud-practitioner-clf-c02-topic-1/
66	123282	898856	2024-12-30 13:32	/discussions/amazon/view/123282-exam-aws-certified-cloud-practitioner-clf-c02-topic-1/
67	123450	898857	2025-03-16 9:05	/discussions/amazon/view/123450-exam-aws-certified-cloud-practitioner-clf-c02-topic-1/
68	123975	898858	2024-12-30 13:38	/discussions/amazon/view/123975-exam-aws-certified-cloud-practitioner-clf-c02-topic-1/
69	125683	898859	2025-07-14 22:14	/discussions/amazon/view/125683-exam-aws-certified-cloud-practitioner-clf-c02-topic-1/
70	123722	898860	2024-12-30 13:43	/discussions/amazon/view/123722-exam-aws-certified-cloud-practitioner-clf-c02-topic-1/
71	125425	898861	2024-12-30 13:46	/discussions/amazon/view/125425-exam-aws-certified-cloud-practitioner-clf-c02-topic-1/
72	125684	898862	2024-03-19 20:02	/discussions/amazon/view/125684-exam-aws-certified-cloud-practitioner-clf-c02-topic-1/
73	123418	898863	2025-02-15 3:50	/discussions/amazon/view/123418-exam-aws-certified-cloud-practitioner-clf-c02-topic-1/
74	123723	898864	2024-12-30 13:54	/discussions/amazon/view/123723-exam-aws-certified-cloud-practitioner-clf-c02-topic-1/
75	125685	898865	2024-12-30 13:55	/discussions/amazon/view/125685-exam-aws-certified-cloud-practitioner-clf-c02-topic-1/
76	124444	898866	2024-12-30 13:57	/discussions/amazon/view/124444-exam-aws-certified-cloud-practitioner-clf-c02-topic-1/
77	123529	898867	2024-12-30 13:58	/discussions/amazon/view/123529-exam-aws-certified-cloud-practitioner-clf-c02-topic-1/
78	124445	898868	2024-12-30 13:59	/discussions/amazon/view/124445-exam-aws-certified-cloud-practitioner-clf-c02-topic-1/
79	125689	898869	2025-01-20 5:34	/discussions/amazon/view/125689-exam-aws-certified-cloud-practitioner-clf-c02-topic-1/
80	123611	898870	2024-12-30 14:02	/discussions/amazon/view/123611-exam-aws-certified-cloud-practitioner-clf-c02-topic-1/
81	125690	898871	2024-12-30 14:04	/discussions/amazon/view/125690-exam-aws-certified-cloud-practitioner-clf-c02-topic-1/
82	124496	898872	2024-12-30 14:06	/discussions/amazon/view/124496-exam-aws-certified-cloud-practitioner-clf-c02-topic-1/
83	123420	898873	2024-12-30 14:08	/discussions/amazon/view/123420-exam-aws-certified-cloud-practitioner-clf-c02-topic-1/
84	123615	898874	2024-12-30 14:09	/discussions/amazon/view/123615-exam-aws-certified-cloud-practitioner-clf-c02-topic-1/
85	123616	898875	2024-12-30 14:10	/discussions/amazon/view/123616-exam-aws-certified-cloud-practitioner-clf-c02-topic-1/
86	123617	898876	2024-12-30 14:12	/discussions/amazon/view/123617-exam-aws-certified-cloud-practitioner-clf-c02-topic-1/
87	123618	898877	2024-12-30 14:13	/discussions/amazon/view/123618-exam-aws-certified-cloud-practitioner-clf-c02-topic-1/
88	125691	898878	2025-07-10 10:58	/discussions/amazon/view/125691-exam-aws-certified-cloud-practitioner-clf-c02-topic-1/
89	125692	898879	2024-12-30 14:18	/discussions/amazon/view/125692-exam-aws-certified-cloud-practitioner-clf-c02-topic-1/
90	124497	898880	2024-12-30 14:20	/discussions/amazon/view/124497-exam-aws-certified-cloud-practitioner-clf-c02-topic-1/
91	123620	898881	2024-12-30 14:23	/discussions/amazon/view/123620-exam-aws-certified-cloud-practitioner-clf-c02-topic-1/
92	125693	898882	2024-12-30 14:25	/discussions/amazon/view/125693-exam-aws-certified-cloud-practitioner-clf-c02-topic-1/
93	124504	898883	2024-12-30 14:27	/discussions/amazon/view/124504-exam-aws-certified-cloud-practitioner-clf-c02-topic-1/
94	125694	898884	2024-12-30 14:28	/discussions/amazon/view/125694-exam-aws-certified-cloud-practitioner-clf-c02-topic-1/
95	123621	898885	2025-03-28 11:06	/discussions/amazon/view/123621-exam-aws-certified-cloud-practitioner-clf-c02-topic-1/
96	123622	898886	2024-12-30 14:32	/discussions/amazon/view/123622-exam-aws-certified-cloud-practitioner-clf-c02-topic-1/
97	125700	898887	2024-12-30 14:34	/discussions/amazon/view/125700-exam-aws-certified-cloud-practitioner-clf-c02-topic-1/
98	125809	898888	2024-12-30 14:36	/discussions/amazon/view/125809-exam-aws-certified-cloud-practitioner-clf-c02-topic-1/
99	123623	898889	2024-12-30 14:38	/discussions/amazon/view/123623-exam-aws-certified-cloud-practitioner-clf-c02-topic-1/
100	123624	898890	2024-12-30 14:40	/discussions/amazon/view/123624-exam-aws-certified-cloud-practitioner-clf-c02-topic-1/
101	123729	898891	2025-02-05 14:11	/discussions/amazon/view/123729-exam-aws-certified-cloud-practitioner-clf-c02-topic-1/
102	124553	898892	2024-12-31 3:27	/discussions/amazon/view/124553-exam-aws-certified-cloud-practitioner-clf-c02-topic-1/
103	124134	898893	2024-12-31 3:29	/discussions/amazon/view/124134-exam-aws-certified-cloud-practitioner-clf-c02-topic-1/
104	123681	898894	2024-12-31 3:31	/discussions/amazon/view/123681-exam-aws-certified-cloud-practitioner-clf-c02-topic-1/
105	125703	898895	2024-12-31 3:33	/discussions/amazon/view/125703-exam-aws-certified-cloud-practitioner-clf-c02-topic-1/
106	124048	898896	2024-12-31 3:37	/discussions/amazon/view/124048-exam-aws-certified-cloud-practitioner-clf-c02-topic-1/
107	123730	898897	2025-03-24 21:23	/discussions/amazon/view/123730-exam-aws-certified-cloud-practitioner-clf-c02-topic-1/
108	123731	898898	2024-12-31 3:42	/discussions/amazon/view/123731-exam-aws-certified-cloud-practitioner-clf-c02-topic-1/
109	124131	898899	2024-12-31 3:43	/discussions/amazon/view/124131-exam-aws-certified-cloud-practitioner-clf-c02-topic-1/
110	123798	898900	2024-12-31 3:45	/discussions/amazon/view/123798-exam-aws-certified-cloud-practitioner-clf-c02-topic-1/
111	123799	898901	2025-04-08 21:30	/discussions/amazon/view/123799-exam-aws-certified-cloud-practitioner-clf-c02-topic-1/
112	123576	898902	2025-03-16 9:33	/discussions/amazon/view/123576-exam-aws-certified-cloud-practitioner-clf-c02-topic-1/
113	123800	898903	2024-12-31 3:54	/discussions/amazon/view/123800-exam-aws-certified-cloud-practitioner-clf-c02-topic-1/
114	123916	898904	2024-12-31 3:59	/discussions/amazon/view/123916-exam-aws-certified-cloud-practitioner-clf-c02-topic-1/
115	123917	898905	2025-04-08 21:47	/discussions/amazon/view/123917-exam-aws-certified-cloud-practitioner-clf-c02-topic-1/
116	123919	898906	2025-04-08 21:54	/discussions/amazon/view/123919-exam-aws-certified-cloud-practitioner-clf-c02-topic-1/
117	123920	898907	2025-04-08 22:01	/discussions/amazon/view/123920-exam-aws-certified-cloud-practitioner-clf-c02-topic-1/
118	123896	898908	2024-12-31 4:11	/discussions/amazon/view/123896-exam-aws-certified-cloud-practitioner-clf-c02-topic-1/
119	123732	898909	2025-04-08 22:12	/discussions/amazon/view/123732-exam-aws-certified-cloud-practitioner-clf-c02-topic-1/
120	123897	898910	2025-01-26 11:59	/discussions/amazon/view/123897-exam-aws-certified-cloud-practitioner-clf-c02-topic-1/
121	125718	898911	2025-03-28 9:10	/discussions/amazon/view/125718-exam-aws-certified-cloud-practitioner-clf-c02-topic-1/
122	123921	898912	2025-03-19 4:50	/discussions/amazon/view/123921-exam-aws-certified-cloud-practitioner-clf-c02-topic-1/
123	123922	898913	2025-04-08 22:35	/discussions/amazon/view/123922-exam-aws-certified-cloud-practitioner-clf-c02-topic-1/
124	123923	898914	2025-04-08 22:39	/discussions/amazon/view/123923-exam-aws-certified-cloud-practitioner-clf-c02-topic-1/
125	123924	898915	2025-04-08 22:43	/discussions/amazon/view/123924-exam-aws-certified-cloud-practitioner-clf-c02-topic-1/
126	125802	898916	2025-04-08 22:46	/discussions/amazon/view/125802-exam-aws-certified-cloud-practitioner-clf-c02-topic-1/
127	123925	898917	2024-12-31 4:40	/discussions/amazon/view/123925-exam-aws-certified-cloud-practitioner-clf-c02-topic-1/
128	123425	898918	2024-12-31 4:41	/discussions/amazon/view/123425-exam-aws-certified-cloud-practitioner-clf-c02-topic-1/
129	123424	898919	2024-12-31 4:49	/discussions/amazon/view/123424-exam-aws-certified-cloud-practitioner-clf-c02-topic-1/
130	123930	898920	2025-06-23 10:44	/discussions/amazon/view/123930-exam-aws-certified-cloud-practitioner-clf-c02-topic-1/
131	125983	898921	2024-12-31 4:55	/discussions/amazon/view/125983-exam-aws-certified-cloud-practitioner-clf-c02-topic-1/
132	123931	898922	2024-08-11 1:57	/discussions/amazon/view/123931-exam-aws-certified-cloud-practitioner-clf-c02-topic-1/
133	123426	898923	2024-12-31 4:57	/discussions/amazon/view/123426-exam-aws-certified-cloud-practitioner-clf-c02-topic-1/
134	123427	898924	2024-12-31 5:00	/discussions/amazon/view/123427-exam-aws-certified-cloud-practitioner-clf-c02-topic-1/
135	125792	898925	2025-03-02 19:15	/discussions/amazon/view/125792-exam-aws-certified-cloud-practitioner-clf-c02-topic-1/
136	125804	898926	2024-12-31 5:07	/discussions/amazon/view/125804-exam-aws-certified-cloud-practitioner-clf-c02-topic-1/
137	125805	898927	2024-12-31 5:09	/discussions/amazon/view/125805-exam-aws-certified-cloud-practitioner-clf-c02-topic-1/
138	126182	901866	2024-12-31 5:11	/discussions/amazon/view/126182-exam-aws-certified-cloud-practitioner-clf-c02-topic-1/
139	126207	901867	2025-04-09 20:16	/discussions/amazon/view/126207-exam-aws-certified-cloud-practitioner-clf-c02-topic-1/
140	126046	901868	2025-04-09 20:21	/discussions/amazon/view/126046-exam-aws-certified-cloud-practitioner-clf-c02-topic-1/
141	126205	901869	2025-04-09 20:25	/discussions/amazon/view/126205-exam-aws-certified-cloud-practitioner-clf-c02-topic-1/
142	126183	901870	2024-12-31 5:25	/discussions/amazon/view/126183-exam-aws-certified-cloud-practitioner-clf-c02-topic-1/
143	126184	901871	2024-12-31 5:30	/discussions/amazon/view/126184-exam-aws-certified-cloud-practitioner-clf-c02-topic-1/
144	126185	901872	2025-06-23 20:23	/discussions/amazon/view/126185-exam-aws-certified-cloud-practitioner-clf-c02-topic-1/
145	126186	901873	2024-12-31 5:38	/discussions/amazon/view/126186-exam-aws-certified-cloud-practitioner-clf-c02-topic-1/
146	126187	901874	2024-12-31 5:38	/discussions/amazon/view/126187-exam-aws-certified-cloud-practitioner-clf-c02-topic-1/
147	126188	901875	2024-12-31 5:41	/discussions/amazon/view/126188-exam-aws-certified-cloud-practitioner-clf-c02-topic-1/
148	126189	901876	2024-12-31 5:46	/discussions/amazon/view/126189-exam-aws-certified-cloud-practitioner-clf-c02-topic-1/
149	126190	901877	2024-12-31 5:50	/discussions/amazon/view/126190-exam-aws-certified-cloud-practitioner-clf-c02-topic-1/
150	128037	901878	2025-04-09 20:38	/discussions/amazon/view/128037-exam-aws-certified-cloud-practitioner-clf-c02-topic-1/
151	126191	901879	2024-12-31 6:02	/discussions/amazon/view/126191-exam-aws-certified-cloud-practitioner-clf-c02-topic-1/
152	126192	901880	2025-04-09 20:59	/discussions/amazon/view/126192-exam-aws-certified-cloud-practitioner-clf-c02-topic-1/
153	127169	901881	2024-12-31 6:07	/discussions/amazon/view/127169-exam-aws-certified-cloud-practitioner-clf-c02-topic-1/
154	126343	901882	2025-02-07 16:46	/discussions/amazon/view/126343-exam-aws-certified-cloud-practitioner-clf-c02-topic-1/
155	127331	901883	2025-04-09 21:06	/discussions/amazon/view/127331-exam-aws-certified-cloud-practitioner-clf-c02-topic-1/
156	128052	901884	2025-02-07 16:48	/discussions/amazon/view/128052-exam-aws-certified-cloud-practitioner-clf-c02-topic-1/
157	126193	901885	2024-12-31 6:18	/discussions/amazon/view/126193-exam-aws-certified-cloud-practitioner-clf-c02-topic-1/
158	126194	901886	2025-04-09 21:55	/discussions/amazon/view/126194-exam-aws-certified-cloud-practitioner-clf-c02-topic-1/
159	126195	901887	2024-12-31 6:22	/discussions/amazon/view/126195-exam-aws-certified-cloud-practitioner-clf-c02-topic-1/
160	126196	901888	2024-12-31 6:25	/discussions/amazon/view/126196-exam-aws-certified-cloud-practitioner-clf-c02-topic-1/
161	126197	901889	2024-12-31 13:22	/discussions/amazon/view/126197-exam-aws-certified-cloud-practitioner-clf-c02-topic-1/
162	126198	901890	2025-01-14 10:04	/discussions/amazon/view/126198-exam-aws-certified-cloud-practitioner-clf-c02-topic-1/
163	126199	901891	2024-12-31 13:27	/discussions/amazon/view/126199-exam-aws-certified-cloud-practitioner-clf-c02-topic-1/
164	126200	901892	2024-12-31 13:29	/discussions/amazon/view/126200-exam-aws-certified-cloud-practitioner-clf-c02-topic-1/
165	126201	901893	2024-12-31 13:31	/discussions/amazon/view/126201-exam-aws-certified-cloud-practitioner-clf-c02-topic-1/
166	126202	901894	2024-12-31 13:34	/discussions/amazon/view/126202-exam-aws-certified-cloud-practitioner-clf-c02-topic-1/
167	128063	901895	2024-12-31 13:34	/discussions/amazon/view/128063-exam-aws-certified-cloud-practitioner-clf-c02-topic-1/
168	126203	901896	2025-01-16 6:12	/discussions/amazon/view/126203-exam-aws-certified-cloud-practitioner-clf-c02-topic-1/
169	127933	901897	2025-04-12 16:06	/discussions/amazon/view/127933-exam-aws-certified-cloud-practitioner-clf-c02-topic-1/
170	126204	901898	2025-06-04 15:48	/discussions/amazon/view/126204-exam-aws-certified-cloud-practitioner-clf-c02-topic-1/
171	126217	901899	2025-04-12 16:14	/discussions/amazon/view/126217-exam-aws-certified-cloud-practitioner-clf-c02-topic-1/
172	127173	901900	2024-03-13 22:19	/discussions/amazon/view/127173-exam-aws-certified-cloud-practitioner-clf-c02-topic-1/
173	126319	901901	2024-01-19 2:27	/discussions/amazon/view/126319-exam-aws-certified-cloud-practitioner-clf-c02-topic-1/
174	127176	901902	2025-04-12 16:17	/discussions/amazon/view/127176-exam-aws-certified-cloud-practitioner-clf-c02-topic-1/
175	126320	901903	2024-01-19 2:47	/discussions/amazon/view/126320-exam-aws-certified-cloud-practitioner-clf-c02-topic-1/
176	126211	901904	2025-04-12 16:20	/discussions/amazon/view/126211-exam-aws-certified-cloud-practitioner-clf-c02-topic-1/
177	127398	901905	2023-12-11 6:36	/discussions/amazon/view/127398-exam-aws-certified-cloud-practitioner-clf-c02-topic-1/
178	126209	901906	2025-04-12 16:23	/discussions/amazon/view/126209-exam-aws-certified-cloud-practitioner-clf-c02-topic-1/
179	127399	901907	2023-12-08 6:45	/discussions/amazon/view/127399-exam-aws-certified-cloud-practitioner-clf-c02-topic-1/
180	127400	901908	2024-03-23 14:54	/discussions/amazon/view/127400-exam-aws-certified-cloud-practitioner-clf-c02-topic-1/
181	126220	901909	2024-01-23 9:31	/discussions/amazon/view/126220-exam-aws-certified-cloud-practitioner-clf-c02-topic-1/
182	126722	901910	2024-10-05 2:57	/discussions/amazon/view/126722-exam-aws-certified-cloud-practitioner-clf-c02-topic-1/
183	126723	901911	2024-11-13 13:48	/discussions/amazon/view/126723-exam-aws-certified-cloud-practitioner-clf-c02-topic-1/
184	126222	901912	2025-10-07 20:21	/discussions/amazon/view/126222-exam-aws-certified-cloud-practitioner-clf-c02-topic-1/
185	126223	901913	2024-11-13 13:50	/discussions/amazon/view/126223-exam-aws-certified-cloud-practitioner-clf-c02-topic-1/
186	126744	901914	2025-01-30 3:26	/discussions/amazon/view/126744-exam-aws-certified-cloud-practitioner-clf-c02-topic-1/
187	126224	901915	2024-08-04 0:14	/discussions/amazon/view/126224-exam-aws-certified-cloud-practitioner-clf-c02-topic-1/
188	127193	901916	2025-04-12 16:32	/discussions/amazon/view/127193-exam-aws-certified-cloud-practitioner-clf-c02-topic-1/
189	126225	901917	2024-01-08 3:29	/discussions/amazon/view/126225-exam-aws-certified-cloud-practitioner-clf-c02-topic-1/
190	126226	901918	2023-12-05 1:02	/discussions/amazon/view/126226-exam-aws-certified-cloud-practitioner-clf-c02-topic-1/
191	126227	901919	2023-12-05 1:08	/discussions/amazon/view/126227-exam-aws-certified-cloud-practitioner-clf-c02-topic-1/
192	127402	901920	2025-04-12 16:37	/discussions/amazon/view/127402-exam-aws-certified-cloud-practitioner-clf-c02-topic-1/
193	126354	901921	2023-11-28 11:20	/discussions/amazon/view/126354-exam-aws-certified-cloud-practitioner-clf-c02-topic-1/
194	128024	901922	2025-03-09 17:59	/discussions/amazon/view/128024-exam-aws-certified-cloud-practitioner-clf-c02-topic-1/
195	128065	901923	2025-03-09 18:02	/discussions/amazon/view/128065-exam-aws-certified-cloud-practitioner-clf-c02-topic-1/
196	126229	901924	2024-12-08 23:24	/discussions/amazon/view/126229-exam-aws-certified-cloud-practitioner-clf-c02-topic-1/
197	126230	901925	2025-03-27 11:31	/discussions/amazon/view/126230-exam-aws-certified-cloud-practitioner-clf-c02-topic-1/
198	126231	901926	2024-12-25 14:28	/discussions/amazon/view/126231-exam-aws-certified-cloud-practitioner-clf-c02-topic-1/
199	126232	901927	2024-11-13 14:04	/discussions/amazon/view/126232-exam-aws-certified-cloud-practitioner-clf-c02-topic-1/
200	126234	901928	2024-12-25 14:30	/discussions/amazon/view/126234-exam-aws-certified-cloud-practitioner-clf-c02-topic-1/
201	126235	901929	2025-06-19 15:32	/discussions/amazon/view/126235-exam-aws-certified-cloud-practitioner-clf-c02-topic-1/
202	126237	901930	2024-01-11 1:08	/discussions/amazon/view/126237-exam-aws-certified-cloud-practitioner-clf-c02-topic-1/
203	126238	901931	2024-12-09 22:12	/discussions/amazon/view/126238-exam-aws-certified-cloud-practitioner-clf-c02-topic-1/
204	126239	901932	2025-03-16 4:42	/discussions/amazon/view/126239-exam-aws-certified-cloud-practitioner-clf-c02-topic-1/
205	126241	901933	2024-11-13 14:15	/discussions/amazon/view/126241-exam-aws-certified-cloud-practitioner-clf-c02-topic-1/
206	128514	901934	2025-03-16 4:56	/discussions/amazon/view/128514-exam-aws-certified-cloud-practitioner-clf-c02-topic-1/
207	126242	901935	2025-03-16 5:00	/discussions/amazon/view/126242-exam-aws-certified-cloud-practitioner-clf-c02-topic-1/
208	126244	901936	2024-12-09 14:43	/discussions/amazon/view/126244-exam-aws-certified-cloud-practitioner-clf-c02-topic-1/
209	126245	901937	2025-01-06 18:32	/discussions/amazon/view/126245-exam-aws-certified-cloud-practitioner-clf-c02-topic-1/
210	126247	901938	2024-12-25 16:03	/discussions/amazon/view/126247-exam-aws-certified-cloud-practitioner-clf-c02-topic-1/
211	126248	901939	2025-03-16 5:12	/discussions/amazon/view/126248-exam-aws-certified-cloud-practitioner-clf-c02-topic-1/
212	127409	901940	2025-04-12 17:36	/discussions/amazon/view/127409-exam-aws-certified-cloud-practitioner-clf-c02-topic-1/
213	126252	901941	2025-03-16 5:21	/discussions/amazon/view/126252-exam-aws-certified-cloud-practitioner-clf-c02-topic-1/
214	126253	901942	2024-12-25 16:06	/discussions/amazon/view/126253-exam-aws-certified-cloud-practitioner-clf-c02-topic-1/
215	128426	901943	2024-11-13 14:27	/discussions/amazon/view/128426-exam-aws-certified-cloud-practitioner-clf-c02-topic-1/
216	126504	901944	2025-12-28 20:35	/discussions/amazon/view/126504-exam-aws-certified-cloud-practitioner-clf-c02-topic-1/
217	126254	901945	2025-03-16 6:21	/discussions/amazon/view/126254-exam-aws-certified-cloud-practitioner-clf-c02-topic-1/
218	126255	901946	2024-04-18 22:22	/discussions/amazon/view/126255-exam-aws-certified-cloud-practitioner-clf-c02-topic-1/
219	126325	901947	2025-06-26 14:37	/discussions/amazon/view/126325-exam-aws-certified-cloud-practitioner-clf-c02-topic-1/
220	127428	901948	2024-11-13 14:34	/discussions/amazon/view/127428-exam-aws-certified-cloud-practitioner-clf-c02-topic-1/
221	126256	901949	2024-04-18 22:30	/discussions/amazon/view/126256-exam-aws-certified-cloud-practitioner-clf-c02-topic-1/
222	126258	901950	2025-07-19 18:41	/discussions/amazon/view/126258-exam-aws-certified-cloud-practitioner-clf-c02-topic-1/
223	129691	901951	2024-04-18 22:47	/discussions/amazon/view/129691-exam-aws-certified-cloud-practitioner-clf-c02-topic-1/
224	127411	901952	2024-03-26 14:54	/discussions/amazon/view/127411-exam-aws-certified-cloud-practitioner-clf-c02-topic-1/
225	127623	901953	2023-12-05 2:02	/discussions/amazon/view/127623-exam-aws-certified-cloud-practitioner-clf-c02-topic-1/
226	127483	901954	2024-03-26 14:56	/discussions/amazon/view/127483-exam-aws-certified-cloud-practitioner-clf-c02-topic-1/
227	127413	901955	2024-12-11 2:48	/discussions/amazon/view/127413-exam-aws-certified-cloud-practitioner-clf-c02-topic-1/
228	126261	901956	2024-09-17 1:41	/discussions/amazon/view/126261-exam-aws-certified-cloud-practitioner-clf-c02-topic-1/
229	128167	901957	2024-04-18 23:06	/discussions/amazon/view/128167-exam-aws-certified-cloud-practitioner-clf-c02-topic-1/
230	127624	901958	2024-04-18 23:09	/discussions/amazon/view/127624-exam-aws-certified-cloud-practitioner-clf-c02-topic-1/
231	126262	901959	2024-12-13 16:37	/discussions/amazon/view/126262-exam-aws-certified-cloud-practitioner-clf-c02-topic-1/
232	130356	901960	2024-11-13 14:45	/discussions/amazon/view/130356-exam-aws-certified-cloud-practitioner-clf-c02-topic-1/
233	130357	901961	2024-01-08 3:43	/discussions/amazon/view/130357-exam-aws-certified-cloud-practitioner-clf-c02-topic-1/
234	126263	901962	2024-11-13 14:46	/discussions/amazon/view/126263-exam-aws-certified-cloud-practitioner-clf-c02-topic-1/
235	130358	901963	2024-01-08 3:47	/discussions/amazon/view/130358-exam-aws-certified-cloud-practitioner-clf-c02-topic-1/
236	126265	901964	2025-03-16 7:14	/discussions/amazon/view/126265-exam-aws-certified-cloud-practitioner-clf-c02-topic-1/
237	126065	901965	2025-04-13 0:29	/discussions/amazon/view/126065-exam-aws-certified-cloud-practitioner-clf-c02-topic-1/
238	126270	901966	2024-11-13 14:51	/discussions/amazon/view/126270-exam-aws-certified-cloud-practitioner-clf-c02-topic-1/
239	126969	901967	2024-12-25 16:24	/discussions/amazon/view/126969-exam-aws-certified-cloud-practitioner-clf-c02-topic-1/
240	127239	901968	2025-01-13 20:25	/discussions/amazon/view/127239-exam-aws-certified-cloud-practitioner-clf-c02-topic-1/
241	127485	901969	2024-11-13 14:54	/discussions/amazon/view/127485-exam-aws-certified-cloud-practitioner-clf-c02-topic-1/
242	130359	901970	2024-11-13 14:55	/discussions/amazon/view/130359-exam-aws-certified-cloud-practitioner-clf-c02-topic-1/
243	129470	901971	2024-11-13 14:55	/discussions/amazon/view/129470-exam-aws-certified-cloud-practitioner-clf-c02-topic-1/
244	127843	901972	2024-11-13 14:55	/discussions/amazon/view/127843-exam-aws-certified-cloud-practitioner-clf-c02-topic-1/
245	131648	901973	2024-04-19 2:13	/discussions/amazon/view/131648-exam-aws-certified-cloud-practitioner-clf-c02-topic-1/
246	126280	901974	2024-11-13 14:58	/discussions/amazon/view/126280-exam-aws-certified-cloud-practitioner-clf-c02-topic-1/
247	133860	901975	2024-12-25 16:31	/discussions/amazon/view/133860-exam-aws-certified-cloud-practitioner-clf-c02-topic-1/
248	126060	901976	2024-11-13 15:00	/discussions/amazon/view/126060-exam-aws-certified-cloud-practitioner-clf-c02-topic-1/
249	126208	901977	2024-09-04 13:29	/discussions/amazon/view/126208-exam-aws-certified-cloud-practitioner-clf-c02-topic-1/
250	127842	901978	2024-11-13 15:02	/discussions/amazon/view/127842-exam-aws-certified-cloud-practitioner-clf-c02-topic-1/
251	127414	901979	2024-11-13 15:03	/discussions/amazon/view/127414-exam-aws-certified-cloud-practitioner-clf-c02-topic-1/
252	126059	901980	2025-03-24 11:28	/discussions/amazon/view/126059-exam-aws-certified-cloud-practitioner-clf-c02-topic-1/
253	129598	907240	2024-04-19 15:43	/discussions/amazon/view/129598-exam-aws-certified-cloud-practitioner-clf-c02-topic-1/
254	129604	907241	2024-11-13 15:06	/discussions/amazon/view/129604-exam-aws-certified-cloud-practitioner-clf-c02-topic-1/
255	129660	907242	2024-11-13 15:06	/discussions/amazon/view/129660-exam-aws-certified-cloud-practitioner-clf-c02-topic-1/
256	129593	907243	2024-11-13 15:07	/discussions/amazon/view/129593-exam-aws-certified-cloud-practitioner-clf-c02-topic-1/
257	129605	907244	2024-11-13 15:08	/discussions/amazon/view/129605-exam-aws-certified-cloud-practitioner-clf-c02-topic-1/
258	129640	907245	2024-01-13 0:01	/discussions/amazon/view/129640-exam-aws-certified-cloud-practitioner-clf-c02-topic-1/
259	129613	907246	2024-11-13 15:10	/discussions/amazon/view/129613-exam-aws-certified-cloud-practitioner-clf-c02-topic-1/
260	129614	907247	2024-11-13 15:11	/discussions/amazon/view/129614-exam-aws-certified-cloud-practitioner-clf-c02-topic-1/
261	129615	907248	2025-01-16 7:26	/discussions/amazon/view/129615-exam-aws-certified-cloud-practitioner-clf-c02-topic-1/
262	129616	907249	2025-01-16 7:27	/discussions/amazon/view/129616-exam-aws-certified-cloud-practitioner-clf-c02-topic-1/
263	129695	907250	2024-11-13 15:12	/discussions/amazon/view/129695-exam-aws-certified-cloud-practitioner-clf-c02-topic-1/
264	129560	907251	2025-01-16 7:31	/discussions/amazon/view/129560-exam-aws-certified-cloud-practitioner-clf-c02-topic-1/
265	129618	907252	2025-01-16 7:33	/discussions/amazon/view/129618-exam-aws-certified-cloud-practitioner-clf-c02-topic-1/
266	129619	907253	2024-06-17 14:29	/discussions/amazon/view/129619-exam-aws-certified-cloud-practitioner-clf-c02-topic-1/
267	129620	907254	2025-01-16 7:35	/discussions/amazon/view/129620-exam-aws-certified-cloud-practitioner-clf-c02-topic-1/
268	129621	907255	2025-12-15 19:13	/discussions/amazon/view/129621-exam-aws-certified-cloud-practitioner-clf-c02-topic-1/
269	129641	907256	2025-01-13 20:58	/discussions/amazon/view/129641-exam-aws-certified-cloud-practitioner-clf-c02-topic-1/
270	129622	907257	2024-11-13 15:16	/discussions/amazon/view/129622-exam-aws-certified-cloud-practitioner-clf-c02-topic-1/
271	129642	907258	2024-11-13 15:17	/discussions/amazon/view/129642-exam-aws-certified-cloud-practitioner-clf-c02-topic-1/
272	129822	907259	2024-11-13 15:17	/discussions/amazon/view/129822-exam-aws-certified-cloud-practitioner-clf-c02-topic-1/
273	129644	907260	2024-11-13 15:18	/discussions/amazon/view/129644-exam-aws-certified-cloud-practitioner-clf-c02-topic-1/
274	129626	907261	2024-01-24 3:14	/discussions/amazon/view/129626-exam-aws-certified-cloud-practitioner-clf-c02-topic-1/
275	129627	907262	2024-03-05 13:45	/discussions/amazon/view/129627-exam-aws-certified-cloud-practitioner-clf-c02-topic-1/
276	129628	907263	2024-11-13 15:19	/discussions/amazon/view/129628-exam-aws-certified-cloud-practitioner-clf-c02-topic-1/
277	129629	907264	2025-01-16 8:00	/discussions/amazon/view/129629-exam-aws-certified-cloud-practitioner-clf-c02-topic-1/
278	129646	907265	2024-11-13 15:20	/discussions/amazon/view/129646-exam-aws-certified-cloud-practitioner-clf-c02-topic-1/
279	129562	907266	2024-01-17 3:41	/discussions/amazon/view/129562-exam-aws-certified-cloud-practitioner-clf-c02-topic-1/
280	129662	907267	2024-02-24 20:07	/discussions/amazon/view/129662-exam-aws-certified-cloud-practitioner-clf-c02-topic-1/
281	131699	907268	2024-05-30 0:57	/discussions/amazon/view/131699-exam-aws-certified-cloud-practitioner-clf-c02-topic-1/
282	129664	907269	2024-05-30 0:58	/discussions/amazon/view/129664-exam-aws-certified-cloud-practitioner-clf-c02-topic-1/
283	129962	907270	2024-07-21 18:22	/discussions/amazon/view/129962-exam-aws-certified-cloud-practitioner-clf-c02-topic-1/
284	129647	907271	2025-03-16 8:36	/discussions/amazon/view/129647-exam-aws-certified-cloud-practitioner-clf-c02-topic-1/
285	129632	907272	2024-02-06 8:38	/discussions/amazon/view/129632-exam-aws-certified-cloud-practitioner-clf-c02-topic-1/
286	129634	907273	2024-08-28 18:47	/discussions/amazon/view/129634-exam-aws-certified-cloud-practitioner-clf-c02-topic-1/
287	129666	907274	2024-08-28 18:48	/discussions/amazon/view/129666-exam-aws-certified-cloud-practitioner-clf-c02-topic-1/
288	129566	907275	2024-08-28 18:49	/discussions/amazon/view/129566-exam-aws-certified-cloud-practitioner-clf-c02-topic-1/
289	129653	907276	2024-02-06 8:46	/discussions/amazon/view/129653-exam-aws-certified-cloud-practitioner-clf-c02-topic-1/
290	129903	907277	2024-09-16 18:10	/discussions/amazon/view/129903-exam-aws-certified-cloud-practitioner-clf-c02-topic-1/
291	129654	907278	2024-11-13 15:26	/discussions/amazon/view/129654-exam-aws-certified-cloud-practitioner-clf-c02-topic-1/
292	129638	907279	2024-12-10 2:06	/discussions/amazon/view/129638-exam-aws-certified-cloud-practitioner-clf-c02-topic-1/
293	129648	907280	2024-09-10 2:21	/discussions/amazon/view/129648-exam-aws-certified-cloud-practitioner-clf-c02-topic-1/
294	129649	907281	2025-04-13 1:31	/discussions/amazon/view/129649-exam-aws-certified-cloud-practitioner-clf-c02-topic-1/
295	129655	907282	2024-11-13 15:30	/discussions/amazon/view/129655-exam-aws-certified-cloud-practitioner-clf-c02-topic-1/
296	129650	907283	2024-04-19 23:16	/discussions/amazon/view/129650-exam-aws-certified-cloud-practitioner-clf-c02-topic-1/
297	129651	907284	2024-01-10 6:09	/discussions/amazon/view/129651-exam-aws-certified-cloud-practitioner-clf-c02-topic-1/
298	129904	907285	2024-09-13 19:58	/discussions/amazon/view/129904-exam-aws-certified-cloud-practitioner-clf-c02-topic-1/
299	129969	907286	2025-04-13 1:34	/discussions/amazon/view/129969-exam-aws-certified-cloud-practitioner-clf-c02-topic-1/
300	129905	907287	2024-01-10 6:15	/discussions/amazon/view/129905-exam-aws-certified-cloud-practitioner-clf-c02-topic-1/
301	129740	907288	2025-01-17 2:22	/discussions/amazon/view/129740-exam-aws-certified-cloud-practitioner-clf-c02-topic-1/
302	130557	907289	2025-04-13 15:54	/discussions/amazon/view/130557-exam-aws-certified-cloud-practitioner-clf-c02-topic-1/
303	129742	907290	2024-01-14 2:54	/discussions/amazon/view/129742-exam-aws-certified-cloud-practitioner-clf-c02-topic-1/
304	129743	907291	2025-04-13 15:57	/discussions/amazon/view/129743-exam-aws-certified-cloud-practitioner-clf-c02-topic-1/
305	129748	907292	2024-09-13 20:03	/discussions/amazon/view/129748-exam-aws-certified-cloud-practitioner-clf-c02-topic-1/
306	129754	907293	2024-11-16 9:50	/discussions/amazon/view/129754-exam-aws-certified-cloud-practitioner-clf-c02-topic-1/
307	129763	907294	2024-10-20 13:34	/discussions/amazon/view/129763-exam-aws-certified-cloud-practitioner-clf-c02-topic-1/
308	129765	907295	2024-01-14 3:09	/discussions/amazon/view/129765-exam-aws-certified-cloud-practitioner-clf-c02-topic-1/
309	129767	907296	2024-01-30 18:37	/discussions/amazon/view/129767-exam-aws-certified-cloud-practitioner-clf-c02-topic-1/
310	129769	907297	2025-04-13 16:03	/discussions/amazon/view/129769-exam-aws-certified-cloud-practitioner-clf-c02-topic-1/
311	129772	907298	2024-03-02 19:00	/discussions/amazon/view/129772-exam-aws-certified-cloud-practitioner-clf-c02-topic-1/
312	129776	907299	2024-01-14 3:18	/discussions/amazon/view/129776-exam-aws-certified-cloud-practitioner-clf-c02-topic-1/
313	129777	907300	2024-01-24 5:10	/discussions/amazon/view/129777-exam-aws-certified-cloud-practitioner-clf-c02-topic-1/
314	129764	907301	2024-01-29 15:32	/discussions/amazon/view/129764-exam-aws-certified-cloud-practitioner-clf-c02-topic-1/
315	130576	907302	2025-01-31 1:41	/discussions/amazon/view/130576-exam-aws-certified-cloud-practitioner-clf-c02-topic-1/
316	130577	907303	2025-04-13 16:13	/discussions/amazon/view/130577-exam-aws-certified-cloud-practitioner-clf-c02-topic-1/
317	130578	907304	2024-01-14 3:37	/discussions/amazon/view/130578-exam-aws-certified-cloud-practitioner-clf-c02-topic-1/
318	129766	907305	2024-11-13 15:38	/discussions/amazon/view/129766-exam-aws-certified-cloud-practitioner-clf-c02-topic-1/
319	129768	907306	2025-04-13 16:19	/discussions/amazon/view/129768-exam-aws-certified-cloud-practitioner-clf-c02-topic-1/
320	129770	907307	2024-07-04 7:43	/discussions/amazon/view/129770-exam-aws-certified-cloud-practitioner-clf-c02-topic-1/
321	129771	907308	2024-01-29 15:36	/discussions/amazon/view/129771-exam-aws-certified-cloud-practitioner-clf-c02-topic-1/
322	130584	907309	2024-01-08 16:14	/discussions/amazon/view/130584-exam-aws-certified-cloud-practitioner-clf-c02-topic-1/
323	129773	907310	2024-01-29 15:38	/discussions/amazon/view/129773-exam-aws-certified-cloud-practitioner-clf-c02-topic-1/
324	130586	907311	2024-01-14 4:03	/discussions/amazon/view/130586-exam-aws-certified-cloud-practitioner-clf-c02-topic-1/
325	129892	907312	2025-07-18 23:44	/discussions/amazon/view/129892-exam-aws-certified-cloud-practitioner-clf-c02-topic-1/
326	129805	907313	2025-04-13 16:27	/discussions/amazon/view/129805-exam-aws-certified-cloud-practitioner-clf-c02-topic-1/
327	129915	907314	2024-02-18 8:15	/discussions/amazon/view/129915-exam-aws-certified-cloud-practitioner-clf-c02-topic-1/
328	129806	907315	2024-07-04 8:10	/discussions/amazon/view/129806-exam-aws-certified-cloud-practitioner-clf-c02-topic-1/
329	129995	907316	2024-01-10 9:16	/discussions/amazon/view/129995-exam-aws-certified-cloud-practitioner-clf-c02-topic-1/
330	129779	907317	2024-12-10 16:02	/discussions/amazon/view/129779-exam-aws-certified-cloud-practitioner-clf-c02-topic-1/
331	129809	907318	2024-11-11 0:46	/discussions/amazon/view/129809-exam-aws-certified-cloud-practitioner-clf-c02-topic-1/
332	129922	907319	2024-01-14 6:03	/discussions/amazon/view/129922-exam-aws-certified-cloud-practitioner-clf-c02-topic-1/
333	129780	907320	2024-01-14 6:07	/discussions/amazon/view/129780-exam-aws-certified-cloud-practitioner-clf-c02-topic-1/
334	129810	907321	2024-01-11 1:29	/discussions/amazon/view/129810-exam-aws-certified-cloud-practitioner-clf-c02-topic-1/
335	129811	907322	2025-05-28 16:06	/discussions/amazon/view/129811-exam-aws-certified-cloud-practitioner-clf-c02-topic-1/
336	129898	907323	2024-01-14 6:13	/discussions/amazon/view/129898-exam-aws-certified-cloud-practitioner-clf-c02-topic-1/
337	129812	907324	2025-02-21 19:41	/discussions/amazon/view/129812-exam-aws-certified-cloud-practitioner-clf-c02-topic-1/
338	129899	907325	2024-03-23 6:44	/discussions/amazon/view/129899-exam-aws-certified-cloud-practitioner-clf-c02-topic-1/
339	130740	907326	2024-03-23 6:40	/discussions/amazon/view/130740-exam-aws-certified-cloud-practitioner-clf-c02-topic-1/
340	129816	907327	2024-03-23 6:38	/discussions/amazon/view/129816-exam-aws-certified-cloud-practitioner-clf-c02-topic-1/
341	130199	907328	2024-03-23 6:37	/discussions/amazon/view/130199-exam-aws-certified-cloud-practitioner-clf-c02-topic-1/
342	129781	907329	2025-10-15 19:42	/discussions/amazon/view/129781-exam-aws-certified-cloud-practitioner-clf-c02-topic-1/
343	129782	907330	2024-06-18 8:57	/discussions/amazon/view/129782-exam-aws-certified-cloud-practitioner-clf-c02-topic-1/
344	129821	907331	2024-07-25 9:48	/discussions/amazon/view/129821-exam-aws-certified-cloud-practitioner-clf-c02-topic-1/
345	130754	907332	2025-03-16 12:46	/discussions/amazon/view/130754-exam-aws-certified-cloud-practitioner-clf-c02-topic-1/
346	129783	907333	2024-09-18 18:05	/discussions/amazon/view/129783-exam-aws-certified-cloud-practitioner-clf-c02-topic-1/
347	129577	907334	2025-03-16 12:52	/discussions/amazon/view/129577-exam-aws-certified-cloud-practitioner-clf-c02-topic-1/
348	129576	907335	2024-06-18 9:03	/discussions/amazon/view/129576-exam-aws-certified-cloud-practitioner-clf-c02-topic-1/
349	129784	907336	2024-06-18 9:03	/discussions/amazon/view/129784-exam-aws-certified-cloud-practitioner-clf-c02-topic-1/
350	129575	907337	2024-03-23 6:19	/discussions/amazon/view/129575-exam-aws-certified-cloud-practitioner-clf-c02-topic-1/
351	129658	907338	2024-11-13 17:22	/discussions/amazon/view/129658-exam-aws-certified-cloud-practitioner-clf-c02-topic-1/
352	129574	907339	2025-01-17 8:11	/discussions/amazon/view/129574-exam-aws-certified-cloud-practitioner-clf-c02-topic-1/
353	129572	907340	2024-10-03 18:32	/discussions/amazon/view/129572-exam-aws-certified-cloud-practitioner-clf-c02-topic-1/
354	129883	907341	2024-03-23 6:09	/discussions/amazon/view/129883-exam-aws-certified-cloud-practitioner-clf-c02-topic-1/
355	131193	907342	2025-03-16 13:01	/discussions/amazon/view/131193-exam-aws-certified-cloud-practitioner-clf-c02-topic-1/
356	129657	907343	2024-03-23 6:06	/discussions/amazon/view/129657-exam-aws-certified-cloud-practitioner-clf-c02-topic-1/
357	129656	907344	2024-08-19 14:46	/discussions/amazon/view/129656-exam-aws-certified-cloud-practitioner-clf-c02-topic-1/
358	129884	907345	2025-01-14 20:23	/discussions/amazon/view/129884-exam-aws-certified-cloud-practitioner-clf-c02-topic-1/
359	129571	907346	2024-03-23 6:00	/discussions/amazon/view/129571-exam-aws-certified-cloud-practitioner-clf-c02-topic-1/
360	129570	907347	2024-03-23 5:59	/discussions/amazon/view/129570-exam-aws-certified-cloud-practitioner-clf-c02-topic-1/
361	130755	907348	2024-08-29 17:27	/discussions/amazon/view/130755-exam-aws-certified-cloud-practitioner-clf-c02-topic-1/
362	130756	907349	2024-03-23 5:57	/discussions/amazon/view/130756-exam-aws-certified-cloud-practitioner-clf-c02-topic-1/
363	129786	907350	2024-10-04 3:09	/discussions/amazon/view/129786-exam-aws-certified-cloud-practitioner-clf-c02-topic-1/
364	129787	907351	2025-03-16 13:16	/discussions/amazon/view/129787-exam-aws-certified-cloud-practitioner-clf-c02-topic-1/
365	129888	907352	2024-03-23 5:51	/discussions/amazon/view/129888-exam-aws-certified-cloud-practitioner-clf-c02-topic-1/
366	129889	907353	2024-02-12 23:51	/discussions/amazon/view/129889-exam-aws-certified-cloud-practitioner-clf-c02-topic-1/
367	130757	907354	2025-03-16 13:19	/discussions/amazon/view/130757-exam-aws-certified-cloud-practitioner-clf-c02-topic-1/
368	129890	907355	2025-03-16 13:21	/discussions/amazon/view/129890-exam-aws-certified-cloud-practitioner-clf-c02-topic-1/
369	131206	907356	2024-03-23 5:44	/discussions/amazon/view/131206-exam-aws-certified-cloud-practitioner-clf-c02-topic-1/
370	129788	907357	2024-03-23 5:41	/discussions/amazon/view/129788-exam-aws-certified-cloud-practitioner-clf-c02-topic-1/
371	129789	907358	2024-03-23 5:40	/discussions/amazon/view/129789-exam-aws-certified-cloud-practitioner-clf-c02-topic-1/
372	129790	907359	2024-03-23 5:37	/discussions/amazon/view/129790-exam-aws-certified-cloud-practitioner-clf-c02-topic-1/
373	129791	907360	2024-03-23 5:35	/discussions/amazon/view/129791-exam-aws-certified-cloud-practitioner-clf-c02-topic-1/
374	129792	907361	2024-03-23 5:34	/discussions/amazon/view/129792-exam-aws-certified-cloud-practitioner-clf-c02-topic-1/
375	129793	907362	2024-03-23 5:32	/discussions/amazon/view/129793-exam-aws-certified-cloud-practitioner-clf-c02-topic-1/
376	129794	907363	2024-03-23 5:30	/discussions/amazon/view/129794-exam-aws-certified-cloud-practitioner-clf-c02-topic-1/
377	129795	907364	2025-03-16 16:29	/discussions/amazon/view/129795-exam-aws-certified-cloud-practitioner-clf-c02-topic-1/
378	137916	915996	2025-01-17 15:25	/discussions/amazon/view/137916-exam-aws-certified-cloud-practitioner-clf-c02-topic-1/
379	137917	915997	2024-09-18 21:16	/discussions/amazon/view/137917-exam-aws-certified-cloud-practitioner-clf-c02-topic-1/
380	137918	915998	2024-05-30 7:34	/discussions/amazon/view/137918-exam-aws-certified-cloud-practitioner-clf-c02-topic-1/
381	137919	915999	2024-11-11 22:11	/discussions/amazon/view/137919-exam-aws-certified-cloud-practitioner-clf-c02-topic-1/
382	137920	916000	2024-04-06 20:21	/discussions/amazon/view/137920-exam-aws-certified-cloud-practitioner-clf-c02-topic-1/
383	137921	916001	2025-01-17 15:34	/discussions/amazon/view/137921-exam-aws-certified-cloud-practitioner-clf-c02-topic-1/
384	137922	916002	2024-06-19 14:56	/discussions/amazon/view/137922-exam-aws-certified-cloud-practitioner-clf-c02-topic-1/
385	139884	916003	2024-07-22 21:48	/discussions/amazon/view/139884-exam-aws-certified-cloud-practitioner-clf-c02-topic-1/
386	138027	916004	2024-05-25 7:52	/discussions/amazon/view/138027-exam-aws-certified-cloud-practitioner-clf-c02-topic-1/
387	138028	916005	2024-05-25 7:53	/discussions/amazon/view/138028-exam-aws-certified-cloud-practitioner-clf-c02-topic-1/
388	138046	916006	2024-11-15 16:47	/discussions/amazon/view/138046-exam-aws-certified-cloud-practitioner-clf-c02-topic-1/
389	138047	916007	2024-04-21 3:03	/discussions/amazon/view/138047-exam-aws-certified-cloud-practitioner-clf-c02-topic-1/
390	138048	916008	2024-04-21 14:47	/discussions/amazon/view/138048-exam-aws-certified-cloud-practitioner-clf-c02-topic-1/
391	138561	916009	2024-11-13 17:41	/discussions/amazon/view/138561-exam-aws-certified-cloud-practitioner-clf-c02-topic-1/
392	144065	916010	2024-07-18 0:33	/discussions/amazon/view/144065-exam-aws-certified-cloud-practitioner-clf-c02-topic-1/
393	137985	916011	2025-04-06 11:45	/discussions/amazon/view/137985-exam-aws-certified-cloud-practitioner-clf-c02-topic-1/
394	137984	916012	2024-05-14 1:47	/discussions/amazon/view/137984-exam-aws-certified-cloud-practitioner-clf-c02-topic-1/
395	137978	916013	2024-04-19 4:34	/discussions/amazon/view/137978-exam-aws-certified-cloud-practitioner-clf-c02-topic-1/
396	140118	916014	2024-05-14 1:52	/discussions/amazon/view/140118-exam-aws-certified-cloud-practitioner-clf-c02-topic-1/
397	137983	916015	2024-05-14 1:53	/discussions/amazon/view/137983-exam-aws-certified-cloud-practitioner-clf-c02-topic-1/
398	137982	916016	2025-01-15 20:06	/discussions/amazon/view/137982-exam-aws-certified-cloud-practitioner-clf-c02-topic-1/
399	138777	916017	2025-01-17 16:00	/discussions/amazon/view/138777-exam-aws-certified-cloud-practitioner-clf-c02-topic-1/
400	138049	916018	2025-04-03 7:12	/discussions/amazon/view/138049-exam-aws-certified-cloud-practitioner-clf-c02-topic-1/
401	137986	916019	2024-11-06 8:41	/discussions/amazon/view/137986-exam-aws-certified-cloud-practitioner-clf-c02-topic-1/
402	140726	919523	2025-02-02 2:43	/discussions/amazon/view/140726-exam-aws-certified-cloud-practitioner-clf-c02-topic-1/
403	142943	919524	2024-11-13 17:48	/discussions/amazon/view/142943-exam-aws-certified-cloud-practitioner-clf-c02-topic-1/
404	144068	919525	2025-03-27 16:08	/discussions/amazon/view/144068-exam-aws-certified-cloud-practitioner-clf-c02-topic-1/
405	143146	919526	2024-07-01 22:20	/discussions/amazon/view/143146-exam-aws-certified-cloud-practitioner-clf-c02-topic-1/
406	142696	919527	2024-07-23 19:04	/discussions/amazon/view/142696-exam-aws-certified-cloud-practitioner-clf-c02-topic-1/
407	141581	919528	2024-11-13 17:50	/discussions/amazon/view/141581-exam-aws-certified-cloud-practitioner-clf-c02-topic-1/
408	141313	919529	2024-06-19 6:43	/discussions/amazon/view/141313-exam-aws-certified-cloud-practitioner-clf-c02-topic-1/
409	141324	919530	2024-11-13 17:51	/discussions/amazon/view/141324-exam-aws-certified-cloud-practitioner-clf-c02-topic-1/
410	142945	919531	2024-09-20 17:50	/discussions/amazon/view/142945-exam-aws-certified-cloud-practitioner-clf-c02-topic-1/
411	142698	919532	2025-01-02 20:31	/discussions/amazon/view/142698-exam-aws-certified-cloud-practitioner-clf-c02-topic-1/
412	143147	919533	2024-07-18 4:49	/discussions/amazon/view/143147-exam-aws-certified-cloud-practitioner-clf-c02-topic-1/
413	142699	919534	2025-02-03 8:30	/discussions/amazon/view/142699-exam-aws-certified-cloud-practitioner-clf-c02-topic-1/
414	142946	919535	2024-12-12 5:27	/discussions/amazon/view/142946-exam-aws-certified-cloud-practitioner-clf-c02-topic-1/
415	144069	919536	2025-02-02 3:10	/discussions/amazon/view/144069-exam-aws-certified-cloud-practitioner-clf-c02-topic-1/
416	147523	919537	2024-12-06 5:12	/discussions/amazon/view/147523-exam-aws-certified-cloud-practitioner-clf-c02-topic-1/
417	143148	919538	2024-11-13 17:55	/discussions/amazon/view/143148-exam-aws-certified-cloud-practitioner-clf-c02-topic-1/
418	141200	919539	2025-02-02 3:16	/discussions/amazon/view/141200-exam-aws-certified-cloud-practitioner-clf-c02-topic-1/
419	143149	919540	2025-06-02 2:30	/discussions/amazon/view/143149-exam-aws-certified-cloud-practitioner-clf-c02-topic-1/
420	141201	919541	2024-11-13 17:58	/discussions/amazon/view/141201-exam-aws-certified-cloud-practitioner-clf-c02-topic-1/
421	141314	919542	2025-03-16 17:33	/discussions/amazon/view/141314-exam-aws-certified-cloud-practitioner-clf-c02-topic-1/
422	141315	919543	2024-11-13 18:00	/discussions/amazon/view/141315-exam-aws-certified-cloud-practitioner-clf-c02-topic-1/
423	141316	919544	2024-11-13 18:00	/discussions/amazon/view/141316-exam-aws-certified-cloud-practitioner-clf-c02-topic-1/
424	147524	919545	2024-11-13 18:00	/discussions/amazon/view/147524-exam-aws-certified-cloud-practitioner-clf-c02-topic-1/
425	140727	919546	2025-02-02 3:32	/discussions/amazon/view/140727-exam-aws-certified-cloud-practitioner-clf-c02-topic-1/
426	142786	919547	2024-12-19 17:19	/discussions/amazon/view/142786-exam-aws-certified-cloud-practitioner-clf-c02-topic-1/
427	141202	919548	2025-02-02 13:05	/discussions/amazon/view/141202-exam-aws-certified-cloud-practitioner-clf-c02-topic-1/
428	144452	919549	2024-11-13 18:05	/discussions/amazon/view/144452-exam-aws-certified-cloud-practitioner-clf-c02-topic-1/
429	147525	919550	2024-12-12 20:48	/discussions/amazon/view/147525-exam-aws-certified-cloud-practitioner-clf-c02-topic-1/
430	141317	919551	2024-12-12 20:54	/discussions/amazon/view/141317-exam-aws-certified-cloud-practitioner-clf-c02-topic-1/
431	144148	919552	2024-11-13 18:08	/discussions/amazon/view/144148-exam-aws-certified-cloud-practitioner-clf-c02-topic-1/
432	151213	919553	2024-11-13 18:09	/discussions/amazon/view/151213-exam-aws-certified-cloud-practitioner-clf-c02-topic-1/
433	151214	919554	2024-11-13 18:10	/discussions/amazon/view/151214-exam-aws-certified-cloud-practitioner-clf-c02-topic-1/
434	146539	919555	2024-11-13 18:11	/discussions/amazon/view/146539-exam-aws-certified-cloud-practitioner-clf-c02-topic-1/
435	147526	919556	2024-10-03 15:06	/discussions/amazon/view/147526-exam-aws-certified-cloud-practitioner-clf-c02-topic-1/
436	143768	919557	2024-09-20 18:30	/discussions/amazon/view/143768-exam-aws-certified-cloud-practitioner-clf-c02-topic-1/
437	146541	919558	2025-02-02 4:46	/discussions/amazon/view/146541-exam-aws-certified-cloud-practitioner-clf-c02-topic-1/
438	146542	919559	2024-11-13 18:14	/discussions/amazon/view/146542-exam-aws-certified-cloud-practitioner-clf-c02-topic-1/
439	142848	919560	2024-09-20 18:39	/discussions/amazon/view/142848-exam-aws-certified-cloud-practitioner-clf-c02-topic-1/
440	145240	919561	2024-11-13 18:15	/discussions/amazon/view/145240-exam-aws-certified-cloud-practitioner-clf-c02-topic-1/
441	145242	919562	2024-11-13 18:16	/discussions/amazon/view/145242-exam-aws-certified-cloud-practitioner-clf-c02-topic-1/
442	145241	919563	2024-11-13 18:16	/discussions/amazon/view/145241-exam-aws-certified-cloud-practitioner-clf-c02-topic-1/
443	142678	919564	2025-02-02 5:00	/discussions/amazon/view/142678-exam-aws-certified-cloud-practitioner-clf-c02-topic-1/
444	147610	919565	2024-10-03 15:33	/discussions/amazon/view/147610-exam-aws-certified-cloud-practitioner-clf-c02-topic-1/
445	143380	919566	2024-11-13 18:17	/discussions/amazon/view/143380-exam-aws-certified-cloud-practitioner-clf-c02-topic-1/
446	142852	919567	2025-02-02 5:12	/discussions/amazon/view/142852-exam-aws-certified-cloud-practitioner-clf-c02-topic-1/
447	151216	919568	2024-11-13 18:21	/discussions/amazon/view/151216-exam-aws-certified-cloud-practitioner-clf-c02-topic-1/
448	141620	919569	2024-11-13 18:22	/discussions/amazon/view/141620-exam-aws-certified-cloud-practitioner-clf-c02-topic-1/
449	146543	919570	2025-02-02 13:22	/discussions/amazon/view/146543-exam-aws-certified-cloud-practitioner-clf-c02-topic-1/
450	142849	919571	2024-11-13 18:23	/discussions/amazon/view/142849-exam-aws-certified-cloud-practitioner-clf-c02-topic-1/
451	142503	919572	2024-07-19 15:45	/discussions/amazon/view/142503-exam-aws-certified-cloud-practitioner-clf-c02-topic-1/
452	145248	919573	2025-03-22 17:07	/discussions/amazon/view/145248-exam-aws-certified-cloud-practitioner-clf-c02-topic-1/
453	147611	919574	2025-03-22 17:15	/discussions/amazon/view/147611-exam-aws-certified-cloud-practitioner-clf-c02-topic-1/
454	147612	919575	2024-11-13 18:34	/discussions/amazon/view/147612-exam-aws-certified-cloud-practitioner-clf-c02-topic-1/
455	142940	919576	2024-11-13 18:36	/discussions/amazon/view/142940-exam-aws-certified-cloud-practitioner-clf-c02-topic-1/
456	148583	919577	2025-07-22 15:48	/discussions/amazon/view/148583-exam-aws-certified-cloud-practitioner-clf-c02-topic-1/
457	142948	919578	2025-03-22 17:21	/discussions/amazon/view/142948-exam-aws-certified-cloud-practitioner-clf-c02-topic-1/
458	151218	919579	2025-03-22 17:22	/discussions/amazon/view/151218-exam-aws-certified-cloud-practitioner-clf-c02-topic-1/
459	144123	919580	2025-02-02 13:40	/discussions/amazon/view/144123-exam-aws-certified-cloud-practitioner-clf-c02-topic-1/
460	144460	919581	2025-03-22 17:29	/discussions/amazon/view/144460-exam-aws-certified-cloud-practitioner-clf-c02-topic-1/
461	151219	919582	2025-03-22 17:32	/discussions/amazon/view/151219-exam-aws-certified-cloud-practitioner-clf-c02-topic-1/
462	151221	919583	2025-03-22 17:34	/discussions/amazon/view/151221-exam-aws-certified-cloud-practitioner-clf-c02-topic-1/
463	148514	919584	2024-11-13 18:40	/discussions/amazon/view/148514-exam-aws-certified-cloud-practitioner-clf-c02-topic-1/
464	148584	919585	2024-11-13 18:41	/discussions/amazon/view/148584-exam-aws-certified-cloud-practitioner-clf-c02-topic-1/
465	148055	919586	2024-11-13 18:41	/discussions/amazon/view/148055-exam-aws-certified-cloud-practitioner-clf-c02-topic-1/
466	151222	919587	2025-03-22 17:37	/discussions/amazon/view/151222-exam-aws-certified-cloud-practitioner-clf-c02-topic-1/
467	141191	919588	2024-11-13 18:42	/discussions/amazon/view/141191-exam-aws-certified-cloud-practitioner-clf-c02-topic-1/
468	150407	919589	2025-01-30 12:16	/discussions/amazon/view/150407-exam-aws-certified-cloud-practitioner-clf-c02-topic-1/
469	148515	919590	2025-02-02 14:07	/discussions/amazon/view/148515-exam-aws-certified-cloud-practitioner-clf-c02-topic-1/
470	151152	919591	2025-03-22 17:43	/discussions/amazon/view/151152-exam-aws-certified-cloud-practitioner-clf-c02-topic-1/
471	148056	919592	2025-12-17 15:10	/discussions/amazon/view/148056-exam-aws-certified-cloud-practitioner-clf-c02-topic-1/
472	143583	919593	2024-11-13 20:14	/discussions/amazon/view/143583-exam-aws-certified-cloud-practitioner-clf-c02-topic-1/
473	148585	919594	2024-11-13 20:16	/discussions/amazon/view/148585-exam-aws-certified-cloud-practitioner-clf-c02-topic-1/
474	148387	919595	2024-12-29 9:52	/discussions/amazon/view/148387-exam-aws-certified-cloud-practitioner-clf-c02-topic-1/
475	151226	919596	2024-11-13 20:16	/discussions/amazon/view/151226-exam-aws-certified-cloud-practitioner-clf-c02-topic-1/
476	148586	919597	2024-11-13 20:17	/discussions/amazon/view/148586-exam-aws-certified-cloud-practitioner-clf-c02-topic-1/
477	140270	919598	2025-12-17 15:15	/discussions/amazon/view/140270-exam-aws-certified-cloud-practitioner-clf-c02-topic-1/
478	151228	919599	2024-11-13 20:21	/discussions/amazon/view/151228-exam-aws-certified-cloud-practitioner-clf-c02-topic-1/
479	151229	919600	2025-03-23 5:09	/discussions/amazon/view/151229-exam-aws-certified-cloud-practitioner-clf-c02-topic-1/
480	146686	919601	2025-03-23 5:12	/discussions/amazon/view/146686-exam-aws-certified-cloud-practitioner-clf-c02-topic-1/
481	140728	919602	2025-06-18 14:30	/discussions/amazon/view/140728-exam-aws-certified-cloud-practitioner-clf-c02-topic-1/
482	151230	919603	2024-11-13 20:27	/discussions/amazon/view/151230-exam-aws-certified-cloud-practitioner-clf-c02-topic-1/
483	145257	919604	2024-08-09 1:28	/discussions/amazon/view/145257-exam-aws-certified-cloud-practitioner-clf-c02-topic-1/
484	144181	919605	2025-03-23 5:26	/discussions/amazon/view/144181-exam-aws-certified-cloud-practitioner-clf-c02-topic-1/
485	151231	919606	2025-03-23 5:30	/discussions/amazon/view/151231-exam-aws-certified-cloud-practitioner-clf-c02-topic-1/
486	151232	919607	2025-03-23 5:34	/discussions/amazon/view/151232-exam-aws-certified-cloud-practitioner-clf-c02-topic-1/
487	148520	919608	2025-03-23 5:35	/discussions/amazon/view/148520-exam-aws-certified-cloud-practitioner-clf-c02-topic-1/
488	147613	919609	2025-02-02 14:34	/discussions/amazon/view/147613-exam-aws-certified-cloud-practitioner-clf-c02-topic-1/
489	144183	919610	2025-03-23 5:41	/discussions/amazon/view/144183-exam-aws-certified-cloud-practitioner-clf-c02-topic-1/
490	147614	919611	2025-03-23 5:58	/discussions/amazon/view/147614-exam-aws-certified-cloud-practitioner-clf-c02-topic-1/
491	175890	919612	2025-11-23 10:48	/discussions/amazon/view/175890-exam-aws-certified-cloud-practitioner-clf-c02-topic-1/
492	169698	919613	2025-03-23 6:00	/discussions/amazon/view/169698-exam-aws-certified-cloud-practitioner-clf-c02-topic-1/
493	151256	919614	2025-02-02 14:43	/discussions/amazon/view/151256-exam-aws-certified-cloud-practitioner-clf-c02-topic-1/
494	151257	919615	2024-11-14 12:43	/discussions/amazon/view/151257-exam-aws-certified-cloud-practitioner-clf-c02-topic-1/
495	151258	919616	2025-02-02 14:49	/discussions/amazon/view/151258-exam-aws-certified-cloud-practitioner-clf-c02-topic-1/
496	151259	919617	2024-11-14 12:47	/discussions/amazon/view/151259-exam-aws-certified-cloud-practitioner-clf-c02-topic-1/
497	144072	919618	2024-11-14 12:47	/discussions/amazon/view/144072-exam-aws-certified-cloud-practitioner-clf-c02-topic-1/
498	151260	919619	2024-12-02 16:57	/discussions/amazon/view/151260-exam-aws-certified-cloud-practitioner-clf-c02-topic-1/
499	140730	919620	2025-02-02 14:52	/discussions/amazon/view/140730-exam-aws-certified-cloud-practitioner-clf-c02-topic-1/
500	151154	919621	2025-03-23 6:11	/discussions/amazon/view/151154-exam-aws-certified-cloud-practitioner-clf-c02-topic-1/
501	143584	919622	2025-08-29 5:12	/discussions/amazon/view/143584-exam-aws-certified-cloud-practitioner-clf-c02-topic-1/
502	143585	919623	2024-12-02 17:04	/discussions/amazon/view/143585-exam-aws-certified-cloud-practitioner-clf-c02-topic-1/
503	144186	919624	2024-11-14 13:00	/discussions/amazon/view/144186-exam-aws-certified-cloud-practitioner-clf-c02-topic-1/
504	148074	919625	2024-11-14 13:01	/discussions/amazon/view/148074-exam-aws-certified-cloud-practitioner-clf-c02-topic-1/
505	147619	919626	2024-11-14 13:01	/discussions/amazon/view/147619-exam-aws-certified-cloud-practitioner-clf-c02-topic-1/
506	144965	919627	2024-11-14 13:02	/discussions/amazon/view/144965-exam-aws-certified-cloud-practitioner-clf-c02-topic-1/
507	148521	919628	2024-11-14 13:02	/discussions/amazon/view/148521-exam-aws-certified-cloud-practitioner-clf-c02-topic-1/
508	147620	920000	2024-11-14 13:03	/discussions/amazon/view/147620-exam-aws-certified-cloud-practitioner-clf-c02-topic-1/
509	148581	920001	2024-11-14 13:05	/discussions/amazon/view/148581-exam-aws-certified-cloud-practitioner-clf-c02-topic-1/
510	151155	920002	2024-11-14 13:05	/discussions/amazon/view/151155-exam-aws-certified-cloud-practitioner-clf-c02-topic-1/
511	151261	920003	2024-12-26 14:03	/discussions/amazon/view/151261-exam-aws-certified-cloud-practitioner-clf-c02-topic-1/
512	142885	920004	2024-11-14 13:06	/discussions/amazon/view/142885-exam-aws-certified-cloud-practitioner-clf-c02-topic-1/
513	143586	920005	2024-12-16 7:31	/discussions/amazon/view/143586-exam-aws-certified-cloud-practitioner-clf-c02-topic-1/
514	151262	920006	2024-11-14 13:08	/discussions/amazon/view/151262-exam-aws-certified-cloud-practitioner-clf-c02-topic-1/
515	146161	920007	2024-11-14 13:10	/discussions/amazon/view/146161-exam-aws-certified-cloud-practitioner-clf-c02-topic-1/
516	146162	920008	2024-11-14 13:11	/discussions/amazon/view/146162-exam-aws-certified-cloud-practitioner-clf-c02-topic-1/
517	151263	920009	2024-11-14 13:13	/discussions/amazon/view/151263-exam-aws-certified-cloud-practitioner-clf-c02-topic-1/
518	148076	920010	2024-11-14 13:14	/discussions/amazon/view/148076-exam-aws-certified-cloud-practitioner-clf-c02-topic-1/
519	148077	920011	2024-11-14 13:15	/discussions/amazon/view/148077-exam-aws-certified-cloud-practitioner-clf-c02-topic-1/
520	142143	920012	2025-03-25 14:58	/discussions/amazon/view/142143-exam-aws-certified-cloud-practitioner-clf-c02-topic-1/
521	141434	920013	2025-06-06 13:34	/discussions/amazon/view/141434-exam-aws-certified-cloud-practitioner-clf-c02-topic-1/
522	143626	920014	2024-11-14 13:21	/discussions/amazon/view/143626-exam-aws-certified-cloud-practitioner-clf-c02-topic-1/
523	140776	920015	2025-03-23 7:20	/discussions/amazon/view/140776-exam-aws-certified-cloud-practitioner-clf-c02-topic-1/
524	141830	920016	2024-11-14 13:27	/discussions/amazon/view/141830-exam-aws-certified-cloud-practitioner-clf-c02-topic-1/
525	147622	920017	2024-11-14 13:27	/discussions/amazon/view/147622-exam-aws-certified-cloud-practitioner-clf-c02-topic-1/
526	148078	920018	2024-11-14 13:27	/discussions/amazon/view/148078-exam-aws-certified-cloud-practitioner-clf-c02-topic-1/
527	147623	920019	2024-11-14 13:28	/discussions/amazon/view/147623-exam-aws-certified-cloud-practitioner-clf-c02-topic-1/
528	151265	920020	2024-11-14 13:28	/discussions/amazon/view/151265-exam-aws-certified-cloud-practitioner-clf-c02-topic-1/
529	140805	920021	2024-11-14 13:29	/discussions/amazon/view/140805-exam-aws-certified-cloud-practitioner-clf-c02-topic-1/
530	147624	920022	2025-07-16 23:10	/discussions/amazon/view/147624-exam-aws-certified-cloud-practitioner-clf-c02-topic-1/
531	151266	920023	2024-11-14 13:38	/discussions/amazon/view/151266-exam-aws-certified-cloud-practitioner-clf-c02-topic-1/
532	151267	920024	2024-11-14 13:39	/discussions/amazon/view/151267-exam-aws-certified-cloud-practitioner-clf-c02-topic-1/
533	143774	920025	2024-11-14 13:40	/discussions/amazon/view/143774-exam-aws-certified-cloud-practitioner-clf-c02-topic-1/
534	148582	920026	2024-11-14 13:41	/discussions/amazon/view/148582-exam-aws-certified-cloud-practitioner-clf-c02-topic-1/
535	151268	920027	2024-11-14 13:41	/discussions/amazon/view/151268-exam-aws-certified-cloud-practitioner-clf-c02-topic-1/
536	151269	920028	2024-11-14 13:41	/discussions/amazon/view/151269-exam-aws-certified-cloud-practitioner-clf-c02-topic-1/
537	144990	920029	2024-11-14 13:42	/discussions/amazon/view/144990-exam-aws-certified-cloud-practitioner-clf-c02-topic-1/
538	151270	920030	2025-07-16 9:48	/discussions/amazon/view/151270-exam-aws-certified-cloud-practitioner-clf-c02-topic-1/
539	151271	920031	2024-11-14 13:46	/discussions/amazon/view/151271-exam-aws-certified-cloud-practitioner-clf-c02-topic-1/
540	151272	920032	2024-12-13 22:15	/discussions/amazon/view/151272-exam-aws-certified-cloud-practitioner-clf-c02-topic-1/
541	142140	920033	2024-11-14 13:46	/discussions/amazon/view/142140-exam-aws-certified-cloud-practitioner-clf-c02-topic-1/
542	148101	920034	2024-11-14 13:47	/discussions/amazon/view/148101-exam-aws-certified-cloud-practitioner-clf-c02-topic-1/
543	151273	920035	2024-11-14 13:48	/discussions/amazon/view/151273-exam-aws-certified-cloud-practitioner-clf-c02-topic-1/
544	150428	920036	2024-11-14 13:49	/discussions/amazon/view/150428-exam-aws-certified-cloud-practitioner-clf-c02-topic-1/
545	140766	920037	2025-12-17 20:17	/discussions/amazon/view/140766-exam-aws-certified-cloud-practitioner-clf-c02-topic-1/
546	140806	920038	2024-11-14 13:52	/discussions/amazon/view/140806-exam-aws-certified-cloud-practitioner-clf-c02-topic-1/
547	143208	920039	2024-11-14 13:53	/discussions/amazon/view/143208-exam-aws-certified-cloud-practitioner-clf-c02-topic-1/
548	141279	920040	2024-11-14 13:54	/discussions/amazon/view/141279-exam-aws-certified-cloud-practitioner-clf-c02-topic-1/
549	151175	920041	2024-11-14 13:54	/discussions/amazon/view/151175-exam-aws-certified-cloud-practitioner-clf-c02-topic-1/
550	141280	920042	2024-11-14 13:55	/discussions/amazon/view/141280-exam-aws-certified-cloud-practitioner-clf-c02-topic-1/
551	151274	920043	2024-11-14 13:57	/discussions/amazon/view/151274-exam-aws-certified-cloud-practitioner-clf-c02-topic-1/
552	151275	920044	2025-03-23 7:55	/discussions/amazon/view/151275-exam-aws-certified-cloud-practitioner-clf-c02-topic-1/
553	151276	920045	2024-11-14 14:06	/discussions/amazon/view/151276-exam-aws-certified-cloud-practitioner-clf-c02-topic-1/
554	143630	920046	2024-11-14 14:07	/discussions/amazon/view/143630-exam-aws-certified-cloud-practitioner-clf-c02-topic-1/
555	151277	920047	2024-11-14 14:08	/discussions/amazon/view/151277-exam-aws-certified-cloud-practitioner-clf-c02-topic-1/
556	147625	920048	2024-11-14 14:09	/discussions/amazon/view/147625-exam-aws-certified-cloud-practitioner-clf-c02-topic-1/
557	140999	920049	2024-11-14 14:09	/discussions/amazon/view/140999-exam-aws-certified-cloud-practitioner-clf-c02-topic-1/
558	141000	920050	2024-11-14 14:10	/discussions/amazon/view/141000-exam-aws-certified-cloud-practitioner-clf-c02-topic-1/
559	151278	920051	2025-07-16 14:45	/discussions/amazon/view/151278-exam-aws-certified-cloud-practitioner-clf-c02-topic-1/
560	148525	920052	2025-06-30 23:32	/discussions/amazon/view/148525-exam-aws-certified-cloud-practitioner-clf-c02-topic-1/
561	141001	920053	2024-11-14 14:11	/discussions/amazon/view/141001-exam-aws-certified-cloud-practitioner-clf-c02-topic-1/
562	141002	920054	2024-11-14 14:11	/discussions/amazon/view/141002-exam-aws-certified-cloud-practitioner-clf-c02-topic-1/
563	140792	920055	2024-11-14 14:12	/discussions/amazon/view/140792-exam-aws-certified-cloud-practitioner-clf-c02-topic-1/
564	140924	920056	2024-11-14 14:12	/discussions/amazon/view/140924-exam-aws-certified-cloud-practitioner-clf-c02-topic-1/
565	151279	920057	2024-11-14 14:13	/discussions/amazon/view/151279-exam-aws-certified-cloud-practitioner-clf-c02-topic-1/
566	142886	920058	2024-12-13 23:19	/discussions/amazon/view/142886-exam-aws-certified-cloud-practitioner-clf-c02-topic-1/
567	140767	920059	2025-06-13 3:01	/discussions/amazon/view/140767-exam-aws-certified-cloud-practitioner-clf-c02-topic-1/
568	144995	920060	2024-11-14 14:18	/discussions/amazon/view/144995-exam-aws-certified-cloud-practitioner-clf-c02-topic-1/
569	142508	920061	2024-11-14 14:20	/discussions/amazon/view/142508-exam-aws-certified-cloud-practitioner-clf-c02-topic-1/
570	140768	920062	2024-09-14 18:07	/discussions/amazon/view/140768-exam-aws-certified-cloud-practitioner-clf-c02-topic-1/
571	144491	920063	2024-11-14 14:20	/discussions/amazon/view/144491-exam-aws-certified-cloud-practitioner-clf-c02-topic-1/
572	141003	920064	2024-11-14 14:24	/discussions/amazon/view/141003-exam-aws-certified-cloud-practitioner-clf-c02-topic-1/
573	141004	920065	2024-09-15 23:22	/discussions/amazon/view/141004-exam-aws-certified-cloud-practitioner-clf-c02-topic-1/
574	141005	920066	2025-03-23 9:24	/discussions/amazon/view/141005-exam-aws-certified-cloud-practitioner-clf-c02-topic-1/
575	141006	920067	2025-03-23 9:26	/discussions/amazon/view/141006-exam-aws-certified-cloud-practitioner-clf-c02-topic-1/
576	141007	920068	2024-11-14 14:30	/discussions/amazon/view/141007-exam-aws-certified-cloud-practitioner-clf-c02-topic-1/
577	141008	920069	2024-11-14 14:31	/discussions/amazon/view/141008-exam-aws-certified-cloud-practitioner-clf-c02-topic-1/
578	141009	920070	2024-11-14 14:31	/discussions/amazon/view/141009-exam-aws-certified-cloud-practitioner-clf-c02-topic-1/
579	141010	920071	2025-03-23 9:33	/discussions/amazon/view/141010-exam-aws-certified-cloud-practitioner-clf-c02-topic-1/
580	144997	923399	2024-08-04 23:24	/discussions/amazon/view/144997-exam-aws-certified-cloud-practitioner-clf-c02-topic-1/
581	147627	923400	2024-11-14 14:34	/discussions/amazon/view/147627-exam-aws-certified-cloud-practitioner-clf-c02-topic-1/
582	151281	923401	2024-11-14 14:35	/discussions/amazon/view/151281-exam-aws-certified-cloud-practitioner-clf-c02-topic-1/
583	151282	923402	2024-11-14 14:35	/discussions/amazon/view/151282-exam-aws-certified-cloud-practitioner-clf-c02-topic-1/
584	147628	923403	2024-11-14 14:36	/discussions/amazon/view/147628-exam-aws-certified-cloud-practitioner-clf-c02-topic-1/
585	151283	923404	2024-11-14 14:36	/discussions/amazon/view/151283-exam-aws-certified-cloud-practitioner-clf-c02-topic-1/
586	147629	923405	2024-11-14 14:37	/discussions/amazon/view/147629-exam-aws-certified-cloud-practitioner-clf-c02-topic-1/
587	151284	923406	2024-11-14 14:39	/discussions/amazon/view/151284-exam-aws-certified-cloud-practitioner-clf-c02-topic-1/
588	151285	923407	2025-03-23 9:40	/discussions/amazon/view/151285-exam-aws-certified-cloud-practitioner-clf-c02-topic-1/
589	148240	923408	2024-11-14 14:39	/discussions/amazon/view/148240-exam-aws-certified-cloud-practitioner-clf-c02-topic-1/
590	148241	923409	2025-07-17 19:59	/discussions/amazon/view/148241-exam-aws-certified-cloud-practitioner-clf-c02-topic-1/
591	148245	923410	2024-11-14 14:42	/discussions/amazon/view/148245-exam-aws-certified-cloud-practitioner-clf-c02-topic-1/
592	151287	923411	2024-11-14 14:43	/discussions/amazon/view/151287-exam-aws-certified-cloud-practitioner-clf-c02-topic-1/
593	147631	923412	2024-11-14 14:43	/discussions/amazon/view/147631-exam-aws-certified-cloud-practitioner-clf-c02-topic-1/
594	147632	923400	2025-03-23 9:45	/discussions/amazon/view/147632-exam-aws-certified-cloud-practitioner-clf-c02-topic-1/
595	148255	923414	2024-11-14 14:44	/discussions/amazon/view/148255-exam-aws-certified-cloud-practitioner-clf-c02-topic-1/
596	150416	923415	2025-03-23 9:48	/discussions/amazon/view/150416-exam-aws-certified-cloud-practitioner-clf-c02-topic-1/
597	151288	923416	2024-11-14 14:46	/discussions/amazon/view/151288-exam-aws-certified-cloud-practitioner-clf-c02-topic-1/
598	147635	923417	2025-03-23 9:49	/discussions/amazon/view/147635-exam-aws-certified-cloud-practitioner-clf-c02-topic-1/
599	147634	923418	2024-11-13 0:04	/discussions/amazon/view/147634-exam-aws-certified-cloud-practitioner-clf-c02-topic-1/
600	147633	923419	2025-03-23 9:52	/discussions/amazon/view/147633-exam-aws-certified-cloud-practitioner-clf-c02-topic-1/
601	144137	923420	2025-07-06 14:51	/discussions/amazon/view/144137-exam-aws-certified-cloud-practitioner-clf-c02-topic-1/
602	144492	923421	2024-11-14 14:49	/discussions/amazon/view/144492-exam-aws-certified-cloud-practitioner-clf-c02-topic-1/
603	147636	923422	2025-03-23 9:58	/discussions/amazon/view/147636-exam-aws-certified-cloud-practitioner-clf-c02-topic-1/
604	147637	923423	2024-11-14 14:50	/discussions/amazon/view/147637-exam-aws-certified-cloud-practitioner-clf-c02-topic-1/
605	147638	923424	2025-02-03 19:57	/discussions/amazon/view/147638-exam-aws-certified-cloud-practitioner-clf-c02-topic-1/
606	147639	923425	2024-11-14 14:50	/discussions/amazon/view/147639-exam-aws-certified-cloud-practitioner-clf-c02-topic-1/
607	150492	923426	2025-02-04 4:28	/discussions/amazon/view/150492-exam-aws-certified-cloud-practitioner-clf-c02-topic-1/
608	145421	923427	2025-03-23 10:03	/discussions/amazon/view/145421-exam-aws-certified-cloud-practitioner-clf-c02-topic-1/
609	147640	923428	2024-11-14 14:53	/discussions/amazon/view/147640-exam-aws-certified-cloud-practitioner-clf-c02-topic-1/
610	147641	923429	2025-01-28 23:54	/discussions/amazon/view/147641-exam-aws-certified-cloud-practitioner-clf-c02-topic-1/
611	147642	923430	2025-02-10 3:44	/discussions/amazon/view/147642-exam-aws-certified-cloud-practitioner-clf-c02-topic-1/
612	147643	923431	2025-01-28 23:56	/discussions/amazon/view/147643-exam-aws-certified-cloud-practitioner-clf-c02-topic-1/
613	147644	923432	2024-11-14 14:56	/discussions/amazon/view/147644-exam-aws-certified-cloud-practitioner-clf-c02-topic-1/
614	147645	923433	2024-11-14 14:56	/discussions/amazon/view/147645-exam-aws-certified-cloud-practitioner-clf-c02-topic-1/
615	147646	923434	2024-11-14 14:57	/discussions/amazon/view/147646-exam-aws-certified-cloud-practitioner-clf-c02-topic-1/
616	147647	923435	2024-11-14 14:57	/discussions/amazon/view/147647-exam-aws-certified-cloud-practitioner-clf-c02-topic-1/
617	147648	923436	2024-11-14 14:58	/discussions/amazon/view/147648-exam-aws-certified-cloud-practitioner-clf-c02-topic-1/
618	147649	923437	2024-11-14 14:58	/discussions/amazon/view/147649-exam-aws-certified-cloud-practitioner-clf-c02-topic-1/
619	147650	926365	2025-05-27 6:21	/discussions/amazon/view/147650-exam-aws-certified-cloud-practitioner-clf-c02-topic-1/
620	147651	926366	2025-01-29 0:14	/discussions/amazon/view/147651-exam-aws-certified-cloud-practitioner-clf-c02-topic-1/
621	147652	926367	2025-03-23 10:16	/discussions/amazon/view/147652-exam-aws-certified-cloud-practitioner-clf-c02-topic-1/
622	145422	926368	2025-03-23 10:19	/discussions/amazon/view/145422-exam-aws-certified-cloud-practitioner-clf-c02-topic-1/
623	147654	926369	2025-11-12 23:32	/discussions/amazon/view/147654-exam-aws-certified-cloud-practitioner-clf-c02-topic-1/
624	147655	926370	2024-09-16 1:05	/discussions/amazon/view/147655-exam-aws-certified-cloud-practitioner-clf-c02-topic-1/
625	147656	926371	2024-09-16 1:06	/discussions/amazon/view/147656-exam-aws-certified-cloud-practitioner-clf-c02-topic-1/
626	147657	926372	2025-03-23 10:24	/discussions/amazon/view/147657-exam-aws-certified-cloud-practitioner-clf-c02-topic-1/
627	147658	926373	2024-11-14 15:02	/discussions/amazon/view/147658-exam-aws-certified-cloud-practitioner-clf-c02-topic-1/
628	147659	926374	2024-11-14 15:02	/discussions/amazon/view/147659-exam-aws-certified-cloud-practitioner-clf-c02-topic-1/
629	151290	926375	2024-12-27 6:28	/discussions/amazon/view/151290-exam-aws-certified-cloud-practitioner-clf-c02-topic-1/
630	147660	926376	2025-03-23 10:27	/discussions/amazon/view/147660-exam-aws-certified-cloud-practitioner-clf-c02-topic-1/
631	147661	926377	2024-11-14 15:04	/discussions/amazon/view/147661-exam-aws-certified-cloud-practitioner-clf-c02-topic-1/
632	147662	926378	2025-03-23 10:29	/discussions/amazon/view/147662-exam-aws-certified-cloud-practitioner-clf-c02-topic-1/
633	147663	926379	2024-11-14 15:05	/discussions/amazon/view/147663-exam-aws-certified-cloud-practitioner-clf-c02-topic-1/
634	147664	926380	2024-11-14 15:06	/discussions/amazon/view/147664-exam-aws-certified-cloud-practitioner-clf-c02-topic-1/
635	147665	926381	2024-11-14 15:06	/discussions/amazon/view/147665-exam-aws-certified-cloud-practitioner-clf-c02-topic-1/
636	147666	926382	2024-12-08 16:45	/discussions/amazon/view/147666-exam-aws-certified-cloud-practitioner-clf-c02-topic-1/
637	147667	926383	2025-01-29 0:25	/discussions/amazon/view/147667-exam-aws-certified-cloud-practitioner-clf-c02-topic-1/
638	147668	926384	2025-03-23 12:16	/discussions/amazon/view/147668-exam-aws-certified-cloud-practitioner-clf-c02-topic-1/
639	147669	926385	2024-09-16 1:27	/discussions/amazon/view/147669-exam-aws-certified-cloud-practitioner-clf-c02-topic-1/
640	147670	926386	2024-09-16 1:28	/discussions/amazon/view/147670-exam-aws-certified-cloud-practitioner-clf-c02-topic-1/
641	147671	926387	2024-09-16 1:29	/discussions/amazon/view/147671-exam-aws-certified-cloud-practitioner-clf-c02-topic-1/
642	147672	926388	2024-09-16 1:30	/discussions/amazon/view/147672-exam-aws-certified-cloud-practitioner-clf-c02-topic-1/
643	147673	926389	2024-11-14 15:09	/discussions/amazon/view/147673-exam-aws-certified-cloud-practitioner-clf-c02-topic-1/
644	147674	926390	2024-11-14 15:10	/discussions/amazon/view/147674-exam-aws-certified-cloud-practitioner-clf-c02-topic-1/
645	147675	926391	2025-03-23 12:27	/discussions/amazon/view/147675-exam-aws-certified-cloud-practitioner-clf-c02-topic-1/
646	147676	926392	2024-11-14 15:11	/discussions/amazon/view/147676-exam-aws-certified-cloud-practitioner-clf-c02-topic-1/
647	146252	926393	2024-09-16 1:35	/discussions/amazon/view/146252-exam-aws-certified-cloud-practitioner-clf-c02-topic-1/
648	147677	926394	2024-09-16 1:36	/discussions/amazon/view/147677-exam-aws-certified-cloud-practitioner-clf-c02-topic-1/
649	147678	926395	2024-11-14 15:12	/discussions/amazon/view/147678-exam-aws-certified-cloud-practitioner-clf-c02-topic-1/
650	147679	926396	2024-12-15 2:44	/discussions/amazon/view/147679-exam-aws-certified-cloud-practitioner-clf-c02-topic-1/
651	147680	926397	2025-02-07 5:17	/discussions/amazon/view/147680-exam-aws-certified-cloud-practitioner-clf-c02-topic-1/
652	147681	926398	2025-04-10 11:25	/discussions/amazon/view/147681-exam-aws-certified-cloud-practitioner-clf-c02-topic-1/
653	147682	926399	2025-03-23 12:32	/discussions/amazon/view/147682-exam-aws-certified-cloud-practitioner-clf-c02-topic-1/
654	146253	926400	2024-09-16 1:42	/discussions/amazon/view/146253-exam-aws-certified-cloud-practitioner-clf-c02-topic-1/
655	147683	926401	2025-06-29 13:38	/discussions/amazon/view/147683-exam-aws-certified-cloud-practitioner-clf-c02-topic-1/
656	147684	926402	2025-10-09 0:34	/discussions/amazon/view/147684-exam-aws-certified-cloud-practitioner-clf-c02-topic-1/
657	146255	926403	2024-09-16 1:46	/discussions/amazon/view/146255-exam-aws-certified-cloud-practitioner-clf-c02-topic-1/
658	147685	926404	2025-03-23 12:38	/discussions/amazon/view/147685-exam-aws-certified-cloud-practitioner-clf-c02-topic-1/
659	147686	926405	2025-07-23 16:06	/discussions/amazon/view/147686-exam-aws-certified-cloud-practitioner-clf-c02-topic-1/
660	147687	926406	2024-09-16 1:49	/discussions/amazon/view/147687-exam-aws-certified-cloud-practitioner-clf-c02-topic-1/
661	146257	926407	2024-10-02 23:38	/discussions/amazon/view/146257-exam-aws-certified-cloud-practitioner-clf-c02-topic-1/
662	147713	926408	2024-09-16 13:54	/discussions/amazon/view/147713-exam-aws-certified-cloud-practitioner-clf-c02-topic-1/
663	147714	926409	2025-03-23 12:43	/discussions/amazon/view/147714-exam-aws-certified-cloud-practitioner-clf-c02-topic-1/
664	147715	926410	2025-08-28 5:47	/discussions/amazon/view/147715-exam-aws-certified-cloud-practitioner-clf-c02-topic-1/
665	147716	926411	2025-03-23 12:45	/discussions/amazon/view/147716-exam-aws-certified-cloud-practitioner-clf-c02-topic-1/
666	147717	926412	2025-01-14 16:36	/discussions/amazon/view/147717-exam-aws-certified-cloud-practitioner-clf-c02-topic-1/
667	147718	926413	2025-02-08 3:41	/discussions/amazon/view/147718-exam-aws-certified-cloud-practitioner-clf-c02-topic-1/
668	147719	926414	2025-01-24 12:54	/discussions/amazon/view/147719-exam-aws-certified-cloud-practitioner-clf-c02-topic-1/
669	147720	926415	2024-09-16 14:15	/discussions/amazon/view/147720-exam-aws-certified-cloud-practitioner-clf-c02-topic-1/
670	147721	926416	2024-12-15 3:19	/discussions/amazon/view/147721-exam-aws-certified-cloud-practitioner-clf-c02-topic-1/
671	147722	926417	2024-11-14 16:06	/discussions/amazon/view/147722-exam-aws-certified-cloud-practitioner-clf-c02-topic-1/
672	147723	926418	2025-03-23 12:51	/discussions/amazon/view/147723-exam-aws-certified-cloud-practitioner-clf-c02-topic-1/
673	147724	926419	2024-11-14 16:06	/discussions/amazon/view/147724-exam-aws-certified-cloud-practitioner-clf-c02-topic-1/
674	147725	926420	2025-03-27 17:58	/discussions/amazon/view/147725-exam-aws-certified-cloud-practitioner-clf-c02-topic-1/
675	147726	926421	2025-08-28 4:54	/discussions/amazon/view/147726-exam-aws-certified-cloud-practitioner-clf-c02-topic-1/
676	147727	926422	2024-11-14 16:18	/discussions/amazon/view/147727-exam-aws-certified-cloud-practitioner-clf-c02-topic-1/
677	147728	926423	2024-09-16 14:28	/discussions/amazon/view/147728-exam-aws-certified-cloud-practitioner-clf-c02-topic-1/
678	147729	926424	2025-08-28 4:48	/discussions/amazon/view/147729-exam-aws-certified-cloud-practitioner-clf-c02-topic-1/
679	147730	926425	2025-03-23 12:56	/discussions/amazon/view/147730-exam-aws-certified-cloud-practitioner-clf-c02-topic-1/
680	147731	926426	2024-09-16 14:44	/discussions/amazon/view/147731-exam-aws-certified-cloud-practitioner-clf-c02-topic-1/
681	147732	926427	2025-03-23 12:58	/discussions/amazon/view/147732-exam-aws-certified-cloud-practitioner-clf-c02-topic-1/
682	147733	926428	2025-03-23 12:59	/discussions/amazon/view/147733-exam-aws-certified-cloud-practitioner-clf-c02-topic-1/
683	147734	926429	2025-08-28 4:42	/discussions/amazon/view/147734-exam-aws-certified-cloud-practitioner-clf-c02-topic-1/
684	147735	926430	2025-10-12 20:48	/discussions/amazon/view/147735-exam-aws-certified-cloud-practitioner-clf-c02-topic-1/
685	147736	926431	2025-08-28 4:40	/discussions/amazon/view/147736-exam-aws-certified-cloud-practitioner-clf-c02-topic-1/
686	147737	926432	2025-08-28 4:30	/discussions/amazon/view/147737-exam-aws-certified-cloud-practitioner-clf-c02-topic-1/
687	145417	926433	2025-07-09 10:10	/discussions/amazon/view/145417-exam-aws-certified-cloud-practitioner-clf-c02-topic-1/
688	147738	926434	2025-08-28 4:23	/discussions/amazon/view/147738-exam-aws-certified-cloud-practitioner-clf-c02-topic-1/
689	147739	926435	2025-08-28 4:23	/discussions/amazon/view/147739-exam-aws-certified-cloud-practitioner-clf-c02-topic-1/
690	147740	926436	2025-08-28 4:21	/discussions/amazon/view/147740-exam-aws-certified-cloud-practitioner-clf-c02-topic-1/
691	146791	926437	2025-08-28 4:15	/discussions/amazon/view/146791-exam-aws-certified-cloud-practitioner-clf-c02-topic-1/
692	147741	926438	2024-11-14 16:41	/discussions/amazon/view/147741-exam-aws-certified-cloud-practitioner-clf-c02-topic-1/
693	147742	926439	2025-08-28 3:39	/discussions/amazon/view/147742-exam-aws-certified-cloud-practitioner-clf-c02-topic-1/
694	147743	926440	2025-02-04 6:30	/discussions/amazon/view/147743-exam-aws-certified-cloud-practitioner-clf-c02-topic-1/
695	146263	926441	2025-08-28 3:35	/discussions/amazon/view/146263-exam-aws-certified-cloud-practitioner-clf-c02-topic-1/
696	147744	926442	2025-08-28 3:31	/discussions/amazon/view/147744-exam-aws-certified-cloud-practitioner-clf-c02-topic-1/
697	147745	926443	2025-08-28 3:30	/discussions/amazon/view/147745-exam-aws-certified-cloud-practitioner-clf-c02-topic-1/
698	147746	926444	2025-08-28 3:26	/discussions/amazon/view/147746-exam-aws-certified-cloud-practitioner-clf-c02-topic-1/
699	147747	926445	2025-08-28 3:22	/discussions/amazon/view/147747-exam-aws-certified-cloud-practitioner-clf-c02-topic-1/
700	145956	926446	2025-08-28 3:21	/discussions/amazon/view/145956-exam-aws-certified-cloud-practitioner-clf-c02-topic-1/
701	147111	927888	2025-08-28 2:52	/discussions/amazon/view/147111-exam-aws-certified-cloud-practitioner-clf-c02-topic-1/
702	147748	927889	2025-08-28 2:49	/discussions/amazon/view/147748-exam-aws-certified-cloud-practitioner-clf-c02-topic-1/
703	147185	927890	2024-11-14 16:54	/discussions/amazon/view/147185-exam-aws-certified-cloud-practitioner-clf-c02-topic-1/
704	147749	927891	2025-08-28 2:48	/discussions/amazon/view/147749-exam-aws-certified-cloud-practitioner-clf-c02-topic-1/
705	147750	927892	2025-08-28 2:46	/discussions/amazon/view/147750-exam-aws-certified-cloud-practitioner-clf-c02-topic-1/
706	147751	927893	2025-08-28 2:41	/discussions/amazon/view/147751-exam-aws-certified-cloud-practitioner-clf-c02-topic-1/
707	147752	927894	2025-02-04 4:00	/discussions/amazon/view/147752-exam-aws-certified-cloud-practitioner-clf-c02-topic-1/
708	147186	927895	2025-08-28 2:31	/discussions/amazon/view/147186-exam-aws-certified-cloud-practitioner-clf-c02-topic-1/
709	147753	927896	2025-10-13 15:28	/discussions/amazon/view/147753-exam-aws-certified-cloud-practitioner-clf-c02-topic-1/
710	147754	927897	2025-02-04 3:48	/discussions/amazon/view/147754-exam-aws-certified-cloud-practitioner-clf-c02-topic-1/
711	147755	927898	2025-02-04 3:46	/discussions/amazon/view/147755-exam-aws-certified-cloud-practitioner-clf-c02-topic-1/
712	147187	927899	2025-08-27 5:13	/discussions/amazon/view/147187-exam-aws-certified-cloud-practitioner-clf-c02-topic-1/
713	147756	927900	2025-08-27 5:12	/discussions/amazon/view/147756-exam-aws-certified-cloud-practitioner-clf-c02-topic-1/
714	147757	927901	2025-08-27 5:11	/discussions/amazon/view/147757-exam-aws-certified-cloud-practitioner-clf-c02-topic-1/
715	147758	927902	2025-08-27 5:08	/discussions/amazon/view/147758-exam-aws-certified-cloud-practitioner-clf-c02-topic-1/
716	147759	927903	2025-08-27 5:07	/discussions/amazon/view/147759-exam-aws-certified-cloud-practitioner-clf-c02-topic-1/
717	147760	927904	2025-08-27 5:03	/discussions/amazon/view/147760-exam-aws-certified-cloud-practitioner-clf-c02-topic-1/
718	147188	927905	2025-08-27 5:02	/discussions/amazon/view/147188-exam-aws-certified-cloud-practitioner-clf-c02-topic-1/
719	147761	927906	2025-08-27 5:00	/discussions/amazon/view/147761-exam-aws-certified-cloud-practitioner-clf-c02-topic-1/
