1	122305	897420	2025-08-22 7:14	/discussions/amazon/view/122305-exam-aws-certified-security-specialty-scs-c02-topic-1/
2	122207	897421	2025-08-21 21:57	/discussions/amazon/view/122207-exam-aws-certified-security-specialty-scs-c02-topic-1/
3	122745	897422	2025-08-31 7:49	/discussions/amazon/view/122745-exam-aws-certified-security-specialty-scs-c02-topic-1/
4	124014	897423	2025-08-21 22:18	/discussions/amazon/view/124014-exam-aws-certified-security-specialty-scs-c02-topic-1/
5	122208	897424	2025-08-21 22:29	/discussions/amazon/view/122208-exam-aws-certified-security-specialty-scs-c02-topic-1/
6	123517	897425	2025-10-17 0:47	/discussions/amazon/view/123517-exam-aws-certified-security-specialty-scs-c02-topic-1/
7	124505	897426	2024-03-24 4:35	/discussions/amazon/view/124505-exam-aws-certified-security-specialty-scs-c02-topic-1/
8	122209	897427	2025-12-29 8:34	/discussions/amazon/view/122209-exam-aws-certified-security-specialty-scs-c02-topic-1/
9	123690	897428	2025-07-23 5:04	/discussions/amazon/view/123690-exam-aws-certified-security-specialty-scs-c02-topic-1/
10	122210	897429	2024-08-21 19:47	/discussions/amazon/view/122210-exam-aws-certified-security-specialty-scs-c02-topic-1/
11	124015	897430	2025-07-29 4:40	/discussions/amazon/view/124015-exam-aws-certified-security-specialty-scs-c02-topic-1/
12	122296	897431	2025-08-21 23:58	/discussions/amazon/view/122296-exam-aws-certified-security-specialty-scs-c02-topic-1/
13	122751	897432	2025-03-10 7:27	/discussions/amazon/view/122751-exam-aws-certified-security-specialty-scs-c02-topic-1/
14	124041	897433	2025-09-11 3:47	/discussions/amazon/view/124041-exam-aws-certified-security-specialty-scs-c02-topic-1/
15	122297	897434	2024-10-25 7:56	/discussions/amazon/view/122297-exam-aws-certified-security-specialty-scs-c02-topic-1/
16	122298	897435	2024-08-21 19:59	/discussions/amazon/view/122298-exam-aws-certified-security-specialty-scs-c02-topic-1/
17	122211	897436	2025-10-20 23:32	/discussions/amazon/view/122211-exam-aws-certified-security-specialty-scs-c02-topic-1/
18	124547	897437	2025-11-28 18:40	/discussions/amazon/view/124547-exam-aws-certified-security-specialty-scs-c02-topic-1/
19	124456	897438	2025-08-28 0:32	/discussions/amazon/view/124456-exam-aws-certified-security-specialty-scs-c02-topic-1/
20	124457	897439	2024-11-10 8:59	/discussions/amazon/view/124457-exam-aws-certified-security-specialty-scs-c02-topic-1/
21	122213	897440	2024-09-02 16:45	/discussions/amazon/view/122213-exam-aws-certified-security-specialty-scs-c02-topic-1/
22	122299	897441	2024-05-09 20:27	/discussions/amazon/view/122299-exam-aws-certified-security-specialty-scs-c02-topic-1/
23	122300	897442	2024-08-21 20:17	/discussions/amazon/view/122300-exam-aws-certified-security-specialty-scs-c02-topic-1/
24	122767	897443	2024-09-17 1:15	/discussions/amazon/view/122767-exam-aws-certified-security-specialty-scs-c02-topic-1/
25	122214	897444	2025-06-04 11:07	/discussions/amazon/view/122214-exam-aws-certified-security-specialty-scs-c02-topic-1/
26	122774	897445	2024-09-17 1:21	/discussions/amazon/view/122774-exam-aws-certified-security-specialty-scs-c02-topic-1/
27	122301	897446	2024-02-26 9:30	/discussions/amazon/view/122301-exam-aws-certified-security-specialty-scs-c02-topic-1/
28	124049	897447	2025-08-27 23:56	/discussions/amazon/view/124049-exam-aws-certified-security-specialty-scs-c02-topic-1/
29	124050	897448	2025-05-04 22:02	/discussions/amazon/view/124050-exam-aws-certified-security-specialty-scs-c02-topic-1/
30	124052	897449	2024-08-21 20:35	/discussions/amazon/view/124052-exam-aws-certified-security-specialty-scs-c02-topic-1/
31	124881	897450	2025-01-03 15:48	/discussions/amazon/view/124881-exam-aws-certified-security-specialty-scs-c02-topic-1/
32	123028	897451	2024-12-03 11:51	/discussions/amazon/view/123028-exam-aws-certified-security-specialty-scs-c02-topic-1/
33	123996	897452	2025-03-23 6:57	/discussions/amazon/view/123996-exam-aws-certified-security-specialty-scs-c02-topic-1/
34	122779	897453	2024-12-09 20:51	/discussions/amazon/view/122779-exam-aws-certified-security-specialty-scs-c02-topic-1/
35	122780	897454	2025-03-23 7:04	/discussions/amazon/view/122780-exam-aws-certified-security-specialty-scs-c02-topic-1/
36	124058	897455	2025-06-25 13:26	/discussions/amazon/view/124058-exam-aws-certified-security-specialty-scs-c02-topic-1/
37	124059	897456	2025-06-04 6:44	/discussions/amazon/view/124059-exam-aws-certified-security-specialty-scs-c02-topic-1/
38	122784	897457	2025-03-23 7:15	/discussions/amazon/view/122784-exam-aws-certified-security-specialty-scs-c02-topic-1/
39	124060	897458	2024-02-09 3:11	/discussions/amazon/view/124060-exam-aws-certified-security-specialty-scs-c02-topic-1/
40	124061	897459	2025-03-23 7:21	/discussions/amazon/view/124061-exam-aws-certified-security-specialty-scs-c02-topic-1/
41	124616	897460	2025-05-03 10:53	/discussions/amazon/view/124616-exam-aws-certified-security-specialty-scs-c02-topic-1/
42	123953	897461	2024-02-09 3:24	/discussions/amazon/view/123953-exam-aws-certified-security-specialty-scs-c02-topic-1/
43	124063	897462	2024-02-09 3:30	/discussions/amazon/view/124063-exam-aws-certified-security-specialty-scs-c02-topic-1/
44	123955	897463	2024-05-10 14:33	/discussions/amazon/view/123955-exam-aws-certified-security-specialty-scs-c02-topic-1/
45	123957	897464	2024-12-20 6:30	/discussions/amazon/view/123957-exam-aws-certified-security-specialty-scs-c02-topic-1/
46	124832	897465	2025-08-25 12:58	/discussions/amazon/view/124832-exam-aws-certified-security-specialty-scs-c02-topic-1/
47	122810	897466	2024-09-13 9:57	/discussions/amazon/view/122810-exam-aws-certified-security-specialty-scs-c02-topic-1/
48	123976	897467	2024-08-21 23:03	/discussions/amazon/view/123976-exam-aws-certified-security-specialty-scs-c02-topic-1/
49	123981	897468	2025-04-02 17:06	/discussions/amazon/view/123981-exam-aws-certified-security-specialty-scs-c02-topic-1/
50	122811	897469	2025-06-10 14:02	/discussions/amazon/view/122811-exam-aws-certified-security-specialty-scs-c02-topic-1/
51	124648	897470	2025-06-10 14:09	/discussions/amazon/view/124648-exam-aws-certified-security-specialty-scs-c02-topic-1/
52	123982	897471	2024-12-03 14:23	/discussions/amazon/view/123982-exam-aws-certified-security-specialty-scs-c02-topic-1/
53	123983	897472	2024-02-09 16:43	/discussions/amazon/view/123983-exam-aws-certified-security-specialty-scs-c02-topic-1/
54	124001	897473	2025-09-28 0:58	/discussions/amazon/view/124001-exam-aws-certified-security-specialty-scs-c02-topic-1/
55	124151	897474	2025-10-04 10:04	/discussions/amazon/view/124151-exam-aws-certified-security-specialty-scs-c02-topic-1/
56	122812	897475	2024-04-06 13:51	/discussions/amazon/view/122812-exam-aws-certified-security-specialty-scs-c02-topic-1/
57	122813	897476	2025-08-30 16:41	/discussions/amazon/view/122813-exam-aws-certified-security-specialty-scs-c02-topic-1/
58	124007	897477	2024-02-24 1:10	/discussions/amazon/view/124007-exam-aws-certified-security-specialty-scs-c02-topic-1/
59	122814	897478	2025-06-03 12:13	/discussions/amazon/view/122814-exam-aws-certified-security-specialty-scs-c02-topic-1/
60	124009	897479	2024-05-14 23:39	/discussions/amazon/view/124009-exam-aws-certified-security-specialty-scs-c02-topic-1/
61	124010	897480	2024-02-20 15:53	/discussions/amazon/view/124010-exam-aws-certified-security-specialty-scs-c02-topic-1/
62	124011	897481	2024-12-03 15:16	/discussions/amazon/view/124011-exam-aws-certified-security-specialty-scs-c02-topic-1/
63	124012	897482	2025-02-19 13:49	/discussions/amazon/view/124012-exam-aws-certified-security-specialty-scs-c02-topic-1/
64	124013	897483	2024-02-21 1:55	/discussions/amazon/view/124013-exam-aws-certified-security-specialty-scs-c02-topic-1/
65	127034	903639	2025-04-02 5:31	/discussions/amazon/view/127034-exam-aws-certified-security-specialty-scs-c02-topic-1/
66	127036	903640	2025-10-04 11:05	/discussions/amazon/view/127036-exam-aws-certified-security-specialty-scs-c02-topic-1/
67	127039	903641	2025-02-04 21:52	/discussions/amazon/view/127039-exam-aws-certified-security-specialty-scs-c02-topic-1/
68	127040	903642	2025-02-01 19:57	/discussions/amazon/view/127040-exam-aws-certified-security-specialty-scs-c02-topic-1/
69	127041	903643	2025-05-04 5:39	/discussions/amazon/view/127041-exam-aws-certified-security-specialty-scs-c02-topic-1/
70	127042	903644	2023-12-24 10:18	/discussions/amazon/view/127042-exam-aws-certified-security-specialty-scs-c02-topic-1/
71	127043	903645	2024-12-03 15:43	/discussions/amazon/view/127043-exam-aws-certified-security-specialty-scs-c02-topic-1/
72	127044	903646	2024-09-20 2:09	/discussions/amazon/view/127044-exam-aws-certified-security-specialty-scs-c02-topic-1/
73	127046	903647	2025-02-19 14:13	/discussions/amazon/view/127046-exam-aws-certified-security-specialty-scs-c02-topic-1/
74	127047	903648	2024-09-20 10:19	/discussions/amazon/view/127047-exam-aws-certified-security-specialty-scs-c02-topic-1/
75	127048	903649	2024-06-21 20:41	/discussions/amazon/view/127048-exam-aws-certified-security-specialty-scs-c02-topic-1/
76	127049	903650	2024-05-02 18:56	/discussions/amazon/view/127049-exam-aws-certified-security-specialty-scs-c02-topic-1/
77	127051	903651	2025-11-15 17:04	/discussions/amazon/view/127051-exam-aws-certified-security-specialty-scs-c02-topic-1/
78	127052	903652	2025-10-04 19:51	/discussions/amazon/view/127052-exam-aws-certified-security-specialty-scs-c02-topic-1/
79	127053	903653	2024-02-22 17:58	/discussions/amazon/view/127053-exam-aws-certified-security-specialty-scs-c02-topic-1/
80	127054	903654	2024-02-04 10:26	/discussions/amazon/view/127054-exam-aws-certified-security-specialty-scs-c02-topic-1/
81	127055	903655	2025-09-17 20:36	/discussions/amazon/view/127055-exam-aws-certified-security-specialty-scs-c02-topic-1/
82	127056	903656	2024-01-13 15:20	/discussions/amazon/view/127056-exam-aws-certified-security-specialty-scs-c02-topic-1/
83	127057	903657	2024-04-06 18:50	/discussions/amazon/view/127057-exam-aws-certified-security-specialty-scs-c02-topic-1/
84	127059	903658	2024-12-01 10:50	/discussions/amazon/view/127059-exam-aws-certified-security-specialty-scs-c02-topic-1/
85	127061	903659	2024-12-10 14:59	/discussions/amazon/view/127061-exam-aws-certified-security-specialty-scs-c02-topic-1/
86	127062	903660	2025-01-05 20:26	/discussions/amazon/view/127062-exam-aws-certified-security-specialty-scs-c02-topic-1/
87	127063	903661	2023-12-30 3:27	/discussions/amazon/view/127063-exam-aws-certified-security-specialty-scs-c02-topic-1/
88	127064	903662	2023-12-21 16:21	/discussions/amazon/view/127064-exam-aws-certified-security-specialty-scs-c02-topic-1/
89	127065	903663	2024-12-01 12:28	/discussions/amazon/view/127065-exam-aws-certified-security-specialty-scs-c02-topic-1/
90	127066	903664	2025-06-21 16:03	/discussions/amazon/view/127066-exam-aws-certified-security-specialty-scs-c02-topic-1/
91	127068	903665	2025-04-05 5:46	/discussions/amazon/view/127068-exam-aws-certified-security-specialty-scs-c02-topic-1/
92	127069	903666	2024-09-09 9:48	/discussions/amazon/view/127069-exam-aws-certified-security-specialty-scs-c02-topic-1/
93	127070	903667	2025-04-05 5:52	/discussions/amazon/view/127070-exam-aws-certified-security-specialty-scs-c02-topic-1/
94	127071	903668	2025-03-23 1:33	/discussions/amazon/view/127071-exam-aws-certified-security-specialty-scs-c02-topic-1/
95	127072	903669	2025-03-23 1:37	/discussions/amazon/view/127072-exam-aws-certified-security-specialty-scs-c02-topic-1/
96	127073	903670	2025-04-05 6:04	/discussions/amazon/view/127073-exam-aws-certified-security-specialty-scs-c02-topic-1/
97	127074	903671	2025-04-05 6:07	/discussions/amazon/view/127074-exam-aws-certified-security-specialty-scs-c02-topic-1/
98	127150	903672	2025-04-05 6:10	/discussions/amazon/view/127150-exam-aws-certified-security-specialty-scs-c02-topic-1/
99	127075	903673	2023-12-25 7:53	/discussions/amazon/view/127075-exam-aws-certified-security-specialty-scs-c02-topic-1/
100	127151	903674	2024-02-21 23:17	/discussions/amazon/view/127151-exam-aws-certified-security-specialty-scs-c02-topic-1/
101	127076	903675	2024-09-05 0:29	/discussions/amazon/view/127076-exam-aws-certified-security-specialty-scs-c02-topic-1/
102	127077	903676	2024-01-23 12:57	/discussions/amazon/view/127077-exam-aws-certified-security-specialty-scs-c02-topic-1/
103	127078	903677	2024-03-19 9:06	/discussions/amazon/view/127078-exam-aws-certified-security-specialty-scs-c02-topic-1/
104	127152	903678	2024-05-22 19:33	/discussions/amazon/view/127152-exam-aws-certified-security-specialty-scs-c02-topic-1/
105	127079	903679	2025-08-28 2:32	/discussions/amazon/view/127079-exam-aws-certified-security-specialty-scs-c02-topic-1/
106	127080	903680	2024-01-23 13:13	/discussions/amazon/view/127080-exam-aws-certified-security-specialty-scs-c02-topic-1/
107	127081	903681	2023-12-25 12:11	/discussions/amazon/view/127081-exam-aws-certified-security-specialty-scs-c02-topic-1/
108	127134	903682	2025-03-04 9:40	/discussions/amazon/view/127134-exam-aws-certified-security-specialty-scs-c02-topic-1/
109	127082	903683	2024-05-22 20:36	/discussions/amazon/view/127082-exam-aws-certified-security-specialty-scs-c02-topic-1/
110	127083	903684	2025-03-18 14:42	/discussions/amazon/view/127083-exam-aws-certified-security-specialty-scs-c02-topic-1/
111	127084	903685	2024-03-30 18:40	/discussions/amazon/view/127084-exam-aws-certified-security-specialty-scs-c02-topic-1/
112	127087	903686	2025-04-11 14:12	/discussions/amazon/view/127087-exam-aws-certified-security-specialty-scs-c02-topic-1/
113	127088	903687	2023-12-25 13:59	/discussions/amazon/view/127088-exam-aws-certified-security-specialty-scs-c02-topic-1/
114	127154	903688	2024-05-15 20:12	/discussions/amazon/view/127154-exam-aws-certified-security-specialty-scs-c02-topic-1/
115	127089	903689	2025-04-05 14:35	/discussions/amazon/view/127089-exam-aws-certified-security-specialty-scs-c02-topic-1/
116	133740	911901	2024-04-07 4:47	/discussions/amazon/view/133740-exam-aws-certified-security-specialty-scs-c02-topic-1/
117	133742	911902	2024-02-23 13:32	/discussions/amazon/view/133742-exam-aws-certified-security-specialty-scs-c02-topic-1/
118	133924	911903	2024-04-07 4:55	/discussions/amazon/view/133924-exam-aws-certified-security-specialty-scs-c02-topic-1/
119	140556	919629	2025-01-23 22:20	/discussions/amazon/view/140556-exam-aws-certified-security-specialty-scs-c02-topic-1/
120	140323	919630	2025-06-19 0:00	/discussions/amazon/view/140323-exam-aws-certified-security-specialty-scs-c02-topic-1/
121	140557	919631	2024-05-23 12:52	/discussions/amazon/view/140557-exam-aws-certified-security-specialty-scs-c02-topic-1/
122	140559	919632	2025-04-18 8:07	/discussions/amazon/view/140559-exam-aws-certified-security-specialty-scs-c02-topic-1/
123	140560	919633	2024-07-25 10:58	/discussions/amazon/view/140560-exam-aws-certified-security-specialty-scs-c02-topic-1/
124	140561	919634	2025-04-06 7:04	/discussions/amazon/view/140561-exam-aws-certified-security-specialty-scs-c02-topic-1/
125	140238	919635	2025-05-15 2:17	/discussions/amazon/view/140238-exam-aws-certified-security-specialty-scs-c02-topic-1/
126	140324	919636	2025-04-06 7:25	/discussions/amazon/view/140324-exam-aws-certified-security-specialty-scs-c02-topic-1/
127	140563	919637	2025-04-06 7:33	/discussions/amazon/view/140563-exam-aws-certified-security-specialty-scs-c02-topic-1/
128	140564	919638	2024-07-26 20:24	/discussions/amazon/view/140564-exam-aws-certified-security-specialty-scs-c02-topic-1/
129	140725	919639	2024-08-13 3:44	/discussions/amazon/view/140725-exam-aws-certified-security-specialty-scs-c02-topic-1/
130	140565	919640	2024-07-26 20:53	/discussions/amazon/view/140565-exam-aws-certified-security-specialty-scs-c02-topic-1/
131	140566	919641	2024-12-08 16:45	/discussions/amazon/view/140566-exam-aws-certified-security-specialty-scs-c02-topic-1/
132	140546	919642	2024-09-18 3:46	/discussions/amazon/view/140546-exam-aws-certified-security-specialty-scs-c02-topic-1/
133	140863	919643	2024-08-16 16:26	/discussions/amazon/view/140863-exam-aws-certified-security-specialty-scs-c02-topic-1/
134	140567	919644	2024-08-27 10:07	/discussions/amazon/view/140567-exam-aws-certified-security-specialty-scs-c02-topic-1/
135	140568	919645	2025-10-09 16:09	/discussions/amazon/view/140568-exam-aws-certified-security-specialty-scs-c02-topic-1/
136	140570	919646	2024-12-31 3:24	/discussions/amazon/view/140570-exam-aws-certified-security-specialty-scs-c02-topic-1/
137	140864	919647	2025-09-09 18:42	/discussions/amazon/view/140864-exam-aws-certified-security-specialty-scs-c02-topic-1/
138	140578	919648	2024-07-28 21:27	/discussions/amazon/view/140578-exam-aws-certified-security-specialty-scs-c02-topic-1/
139	140873	919649	2024-07-28 21:47	/discussions/amazon/view/140873-exam-aws-certified-security-specialty-scs-c02-topic-1/
140	140874	919650	2024-06-24 19:35	/discussions/amazon/view/140874-exam-aws-certified-security-specialty-scs-c02-topic-1/
141	140588	919651	2025-10-30 22:44	/discussions/amazon/view/140588-exam-aws-certified-security-specialty-scs-c02-topic-1/
142	140865	919652	2025-11-06 10:12	/discussions/amazon/view/140865-exam-aws-certified-security-specialty-scs-c02-topic-1/
143	140589	919653	2024-11-05 9:12	/discussions/amazon/view/140589-exam-aws-certified-security-specialty-scs-c02-topic-1/
144	140875	919654	2025-04-06 17:34	/discussions/amazon/view/140875-exam-aws-certified-security-specialty-scs-c02-topic-1/
145	140866	919655	2024-12-04 15:43	/discussions/amazon/view/140866-exam-aws-certified-security-specialty-scs-c02-topic-1/
146	140591	919656	2024-05-19 20:56	/discussions/amazon/view/140591-exam-aws-certified-security-specialty-scs-c02-topic-1/
147	140876	919657	2024-08-27 0:55	/discussions/amazon/view/140876-exam-aws-certified-security-specialty-scs-c02-topic-1/
148	140877	919658	2024-05-19 20:59	/discussions/amazon/view/140877-exam-aws-certified-security-specialty-scs-c02-topic-1/
149	140594	919659	2025-01-07 3:45	/discussions/amazon/view/140594-exam-aws-certified-security-specialty-scs-c02-topic-1/
150	140878	919660	2024-12-02 22:35	/discussions/amazon/view/140878-exam-aws-certified-security-specialty-scs-c02-topic-1/
151	141570	919661	2025-03-14 3:53	/discussions/amazon/view/141570-exam-aws-certified-security-specialty-scs-c02-topic-1/
152	141571	919662	2024-12-27 3:38	/discussions/amazon/view/141571-exam-aws-certified-security-specialty-scs-c02-topic-1/
153	140619	919663	2024-08-04 0:44	/discussions/amazon/view/140619-exam-aws-certified-security-specialty-scs-c02-topic-1/
154	141586	919664	2024-09-16 4:10	/discussions/amazon/view/141586-exam-aws-certified-security-specialty-scs-c02-topic-1/
155	140621	919665	2024-11-05 10:21	/discussions/amazon/view/140621-exam-aws-certified-security-specialty-scs-c02-topic-1/
156	140759	919666	2025-07-27 6:59	/discussions/amazon/view/140759-exam-aws-certified-security-specialty-scs-c02-topic-1/
157	140758	919667	2024-06-25 17:46	/discussions/amazon/view/140758-exam-aws-certified-security-specialty-scs-c02-topic-1/
158	141181	919668	2025-04-07 6:50	/discussions/amazon/view/141181-exam-aws-certified-security-specialty-scs-c02-topic-1/
159	140263	919669	2025-08-27 9:16	/discussions/amazon/view/140263-exam-aws-certified-security-specialty-scs-c02-topic-1/
160	141723	919670	2025-01-01 7:50	/discussions/amazon/view/141723-exam-aws-certified-security-specialty-scs-c02-topic-1/
161	141729	919671	2025-11-30 10:21	/discussions/amazon/view/141729-exam-aws-certified-security-specialty-scs-c02-topic-1/
162	141730	919672	2025-04-07 7:08	/discussions/amazon/view/141730-exam-aws-certified-security-specialty-scs-c02-topic-1/
163	141676	919673	2024-08-17 10:37	/discussions/amazon/view/141676-exam-aws-certified-security-specialty-scs-c02-topic-1/
164	141731	919674	2025-04-10 13:25	/discussions/amazon/view/141731-exam-aws-certified-security-specialty-scs-c02-topic-1/
165	141732	919675	2025-04-07 7:40	/discussions/amazon/view/141732-exam-aws-certified-security-specialty-scs-c02-topic-1/
166	141822	919676	2025-09-24 3:52	/discussions/amazon/view/141822-exam-aws-certified-security-specialty-scs-c02-topic-1/
167	141690	919677	2024-09-11 5:06	/discussions/amazon/view/141690-exam-aws-certified-security-specialty-scs-c02-topic-1/
168	141691	919678	2024-06-22 3:25	/discussions/amazon/view/141691-exam-aws-certified-security-specialty-scs-c02-topic-1/
169	140964	919679	2024-12-03 20:54	/discussions/amazon/view/140964-exam-aws-certified-security-specialty-scs-c02-topic-1/
170	140646	919680	2024-12-21 21:08	/discussions/amazon/view/140646-exam-aws-certified-security-specialty-scs-c02-topic-1/
171	140647	919681	2025-06-12 16:48	/discussions/amazon/view/140647-exam-aws-certified-security-specialty-scs-c02-topic-1/
172	141825	919682	2025-04-07 14:12	/discussions/amazon/view/141825-exam-aws-certified-security-specialty-scs-c02-topic-1/
173	140648	919683	2025-02-19 21:30	/discussions/amazon/view/140648-exam-aws-certified-security-specialty-scs-c02-topic-1/
174	148574	930658	2025-01-01 11:24	/discussions/amazon/view/148574-exam-aws-certified-security-specialty-scs-c02-topic-1/
175	148575	930659	2025-06-12 16:52	/discussions/amazon/view/148575-exam-aws-certified-security-specialty-scs-c02-topic-1/
176	148576	930660	2025-01-21 22:21	/discussions/amazon/view/148576-exam-aws-certified-security-specialty-scs-c02-topic-1/
177	148577	930661	2025-06-12 17:01	/discussions/amazon/view/148577-exam-aws-certified-security-specialty-scs-c02-topic-1/
178	148578	930662	2025-06-12 17:03	/discussions/amazon/view/148578-exam-aws-certified-security-specialty-scs-c02-topic-1/
179	148579	930663	2025-06-12 17:04	/discussions/amazon/view/148579-exam-aws-certified-security-specialty-scs-c02-topic-1/
180	148580	930664	2025-09-20 7:20	/discussions/amazon/view/148580-exam-aws-certified-security-specialty-scs-c02-topic-1/
181	149141	930665	2025-01-03 7:23	/discussions/amazon/view/149141-exam-aws-certified-security-specialty-scs-c02-topic-1/
182	148611	930666	2025-09-24 16:03	/discussions/amazon/view/148611-exam-aws-certified-security-specialty-scs-c02-topic-1/
183	150247	930667	2025-01-03 7:31	/discussions/amazon/view/150247-exam-aws-certified-security-specialty-scs-c02-topic-1/
184	148612	930668	2024-11-27 1:27	/discussions/amazon/view/148612-exam-aws-certified-security-specialty-scs-c02-topic-1/
185	148613	930669	2024-12-03 22:02	/discussions/amazon/view/148613-exam-aws-certified-security-specialty-scs-c02-topic-1/
186	149154	930670	2025-06-12 17:18	/discussions/amazon/view/149154-exam-aws-certified-security-specialty-scs-c02-topic-1/
187	149675	930671	2025-06-12 17:19	/discussions/amazon/view/149675-exam-aws-certified-security-specialty-scs-c02-topic-1/
188	149963	930672	2025-06-12 17:20	/discussions/amazon/view/149963-exam-aws-certified-security-specialty-scs-c02-topic-1/
189	149964	930673	2025-12-04 17:48	/discussions/amazon/view/149964-exam-aws-certified-security-specialty-scs-c02-topic-1/
190	148616	930674	2025-11-07 8:00	/discussions/amazon/view/148616-exam-aws-certified-security-specialty-scs-c02-topic-1/
191	148754	930675	2025-03-15 4:27	/discussions/amazon/view/148754-exam-aws-certified-security-specialty-scs-c02-topic-1/
192	148648	930676	2025-01-08 2:13	/discussions/amazon/view/148648-exam-aws-certified-security-specialty-scs-c02-topic-1/
193	150024	930677	2025-08-14 11:07	/discussions/amazon/view/150024-exam-aws-certified-security-specialty-scs-c02-topic-1/
194	150254	930678	2025-06-12 17:26	/discussions/amazon/view/150254-exam-aws-certified-security-specialty-scs-c02-topic-1/
195	150025	930679	2025-01-31 19:45	/discussions/amazon/view/150025-exam-aws-certified-security-specialty-scs-c02-topic-1/
196	151637	930680	2024-11-26 20:29	/discussions/amazon/view/151637-exam-aws-certified-security-specialty-scs-c02-topic-1/
197	149203	930681	2025-08-28 8:43	/discussions/amazon/view/149203-exam-aws-certified-security-specialty-scs-c02-topic-1/
198	149202	930682	2025-02-06 3:54	/discussions/amazon/view/149202-exam-aws-certified-security-specialty-scs-c02-topic-1/
199	149201	930683	2025-02-19 23:12	/discussions/amazon/view/149201-exam-aws-certified-security-specialty-scs-c02-topic-1/
200	150017	930684	2024-12-03 23:00	/discussions/amazon/view/150017-exam-aws-certified-security-specialty-scs-c02-topic-1/
201	150018	930685	2025-03-15 8:20	/discussions/amazon/view/150018-exam-aws-certified-security-specialty-scs-c02-topic-1/
202	150116	930686	2025-10-08 9:48	/discussions/amazon/view/150116-exam-aws-certified-security-specialty-scs-c02-topic-1/
203	150729	930687	2024-12-30 13:19	/discussions/amazon/view/150729-exam-aws-certified-security-specialty-scs-c02-topic-1/
204	150117	930688	2025-08-28 10:19	/discussions/amazon/view/150117-exam-aws-certified-security-specialty-scs-c02-topic-1/
205	148620	930689	2025-11-14 9:05	/discussions/amazon/view/148620-exam-aws-certified-security-specialty-scs-c02-topic-1/
206	150599	933085	2024-11-01 5:59	/discussions/amazon/view/150599-exam-aws-certified-security-specialty-scs-c02-topic-1/
207	150633	933086	2024-11-13 20:56	/discussions/amazon/view/150633-exam-aws-certified-security-specialty-scs-c02-topic-1/
208	151073	933087	2025-04-18 13:33	/discussions/amazon/view/151073-exam-aws-certified-security-specialty-scs-c02-topic-1/
209	152526	933088	1900-01-00 0:00	/discussions/amazon/view/152526-exam-aws-certified-security-specialty-scs-c02-topic-1/
210	151235	933089	2025-08-29 8:56	/discussions/amazon/view/151235-exam-aws-certified-security-specialty-scs-c02-topic-1/
211	151236	933090	2024-11-13 21:13	/discussions/amazon/view/151236-exam-aws-certified-security-specialty-scs-c02-topic-1/
212	151238	933091	2024-11-25 8:54	/discussions/amazon/view/151238-exam-aws-certified-security-specialty-scs-c02-topic-1/
213	154143	933092	2025-01-09 3:07	/discussions/amazon/view/154143-exam-aws-certified-security-specialty-scs-c02-topic-1/
214	150735	933093	2025-08-14 11:20	/discussions/amazon/view/150735-exam-aws-certified-security-specialty-scs-c02-topic-1/
215	152528	933094	2025-04-08 14:32	/discussions/amazon/view/152528-exam-aws-certified-security-specialty-scs-c02-topic-1/
216	150736	933095	2025-08-28 10:59	/discussions/amazon/view/150736-exam-aws-certified-security-specialty-scs-c02-topic-1/
217	152529	933096	1900-01-00 0:00	/discussions/amazon/view/152529-exam-aws-certified-security-specialty-scs-c02-topic-1/
218	152106	933097	2025-10-31 11:20	/discussions/amazon/view/152106-exam-aws-certified-security-specialty-scs-c02-topic-1/
219	153615	933098	2025-03-15 15:34	/discussions/amazon/view/153615-exam-aws-certified-security-specialty-scs-c02-topic-1/
220	153616	933099	2025-03-15 15:36	/discussions/amazon/view/153616-exam-aws-certified-security-specialty-scs-c02-topic-1/
221	153617	933100	2025-04-08 14:46	/discussions/amazon/view/153617-exam-aws-certified-security-specialty-scs-c02-topic-1/
222	152113	933101	2025-03-15 15:45	/discussions/amazon/view/152113-exam-aws-certified-security-specialty-scs-c02-topic-1/
223	152550	933102	1900-01-00 0:00	/discussions/amazon/view/152550-exam-aws-certified-security-specialty-scs-c02-topic-1/
224	153618	933103	2025-04-08 14:53	/discussions/amazon/view/153618-exam-aws-certified-security-specialty-scs-c02-topic-1/
225	152116	933104	2025-01-05 9:50	/discussions/amazon/view/152116-exam-aws-certified-security-specialty-scs-c02-topic-1/
226	153602	933105	2025-11-04 4:01	/discussions/amazon/view/153602-exam-aws-certified-security-specialty-scs-c02-topic-1/
227	150668	933106	2025-02-06 5:58	/discussions/amazon/view/150668-exam-aws-certified-security-specialty-scs-c02-topic-1/
228	153603	933107	2025-03-15 15:55	/discussions/amazon/view/153603-exam-aws-certified-security-specialty-scs-c02-topic-1/
229	154265	933108	2025-02-20 8:53	/discussions/amazon/view/154265-exam-aws-certified-security-specialty-scs-c02-topic-1/
230	151556	933109	2025-02-20 8:55	/discussions/amazon/view/151556-exam-aws-certified-security-specialty-scs-c02-topic-1/
231	152015	933110	2025-02-20 8:58	/discussions/amazon/view/152015-exam-aws-certified-security-specialty-scs-c02-topic-1/
232	153870	933111	2025-03-16 13:36	/discussions/amazon/view/153870-exam-aws-certified-security-specialty-scs-c02-topic-1/
233	152560	933112	2025-02-20 9:06	/discussions/amazon/view/152560-exam-aws-certified-security-specialty-scs-c02-topic-1/
234	152561	933113	2025-03-16 13:40	/discussions/amazon/view/152561-exam-aws-certified-security-specialty-scs-c02-topic-1/
235	152562	933114	1900-01-00 0:00	/discussions/amazon/view/152562-exam-aws-certified-security-specialty-scs-c02-topic-1/
236	152563	933115	2025-02-20 9:18	/discussions/amazon/view/152563-exam-aws-certified-security-specialty-scs-c02-topic-1/
237	151225	933116	2025-09-03 22:20	/discussions/amazon/view/151225-exam-aws-certified-security-specialty-scs-c02-topic-1/
238	151960	933117	2025-11-05 16:24	/discussions/amazon/view/151960-exam-aws-certified-security-specialty-scs-c02-topic-1/
239	152564	933118	2025-04-09 15:01	/discussions/amazon/view/152564-exam-aws-certified-security-specialty-scs-c02-topic-1/
240	150670	933119	2025-08-31 9:24	/discussions/amazon/view/150670-exam-aws-certified-security-specialty-scs-c02-topic-1/
241	153789	933120	2025-06-13 11:00	/discussions/amazon/view/153789-exam-aws-certified-security-specialty-scs-c02-topic-1/
242	152125	933121	2025-03-14 11:31	/discussions/amazon/view/152125-exam-aws-certified-security-specialty-scs-c02-topic-1/
243	302516	934908	2025-04-10 13:36	/discussions/amazon/view/302516-exam-aws-certified-security-specialty-scs-c02-topic-1/
244	152567	934909	2025-11-30 15:26	/discussions/amazon/view/152567-exam-aws-certified-security-specialty-scs-c02-topic-1/
245	302519	934910	2025-04-10 13:44	/discussions/amazon/view/302519-exam-aws-certified-security-specialty-scs-c02-topic-1/
246	152020	934911	2025-11-03 1:44	/discussions/amazon/view/152020-exam-aws-certified-security-specialty-scs-c02-topic-1/
247	152126	934912	2025-11-03 1:35	/discussions/amazon/view/152126-exam-aws-certified-security-specialty-scs-c02-topic-1/
248	152573	934913	2025-04-10 13:59	/discussions/amazon/view/152573-exam-aws-certified-security-specialty-scs-c02-topic-1/
249	153791	934914	2025-11-03 1:18	/discussions/amazon/view/153791-exam-aws-certified-security-specialty-scs-c02-topic-1/
250	153792	934915	2025-04-10 14:05	/discussions/amazon/view/153792-exam-aws-certified-security-specialty-scs-c02-topic-1/
251	152576	934916	2025-02-20 12:03	/discussions/amazon/view/152576-exam-aws-certified-security-specialty-scs-c02-topic-1/
252	152578	934917	1900-01-00 0:00	/discussions/amazon/view/152578-exam-aws-certified-security-specialty-scs-c02-topic-1/
253	152313	934918	2025-11-03 0:48	/discussions/amazon/view/152313-exam-aws-certified-security-specialty-scs-c02-topic-1/
254	152021	934919	2025-11-03 0:13	/discussions/amazon/view/152021-exam-aws-certified-security-specialty-scs-c02-topic-1/
255	169140	934920	2025-03-16 3:47	/discussions/amazon/view/169140-exam-aws-certified-security-specialty-scs-c02-topic-1/
256	152582	934921	1900-01-00 0:00	/discussions/amazon/view/152582-exam-aws-certified-security-specialty-scs-c02-topic-1/
257	152022	934922	2025-01-05 9:40	/discussions/amazon/view/152022-exam-aws-certified-security-specialty-scs-c02-topic-1/
258	153956	934923	2025-03-05 12:04	/discussions/amazon/view/153956-exam-aws-certified-security-specialty-scs-c02-topic-1/
259	153957	934924	2025-04-10 14:28	/discussions/amazon/view/153957-exam-aws-certified-security-specialty-scs-c02-topic-1/
260	152583	934925	2025-01-05 8:06	/discussions/amazon/view/152583-exam-aws-certified-security-specialty-scs-c02-topic-1/
261	152584	934926	2024-12-05 22:56	/discussions/amazon/view/152584-exam-aws-certified-security-specialty-scs-c02-topic-1/
262	152585	934927	2024-12-05 23:00	/discussions/amazon/view/152585-exam-aws-certified-security-specialty-scs-c02-topic-1/
263	153946	934928	2025-02-20 13:06	/discussions/amazon/view/153946-exam-aws-certified-security-specialty-scs-c02-topic-1/
264	156854	934929	2025-08-31 11:22	/discussions/amazon/view/156854-exam-aws-certified-security-specialty-scs-c02-topic-1/
265	153598	934930	2024-12-29 10:27	/discussions/amazon/view/153598-exam-aws-certified-security-specialty-scs-c02-topic-1/
266	155537	934931	2025-04-10 14:37	/discussions/amazon/view/155537-exam-aws-certified-security-specialty-scs-c02-topic-1/
267	156910	934932	2025-02-21 2:14	/discussions/amazon/view/156910-exam-aws-certified-security-specialty-scs-c02-topic-1/
268	302533	934933	2025-06-13 14:07	/discussions/amazon/view/302533-exam-aws-certified-security-specialty-scs-c02-topic-1/
269	302534	934934	2025-04-10 14:41	/discussions/amazon/view/302534-exam-aws-certified-security-specialty-scs-c02-topic-1/
270	156983	934935	2025-04-10 14:44	/discussions/amazon/view/156983-exam-aws-certified-security-specialty-scs-c02-topic-1/
271	151998	934936	2025-03-16 9:25	/discussions/amazon/view/151998-exam-aws-certified-security-specialty-scs-c02-topic-1/
272	151913	934937	2025-02-02 18:48	/discussions/amazon/view/151913-exam-aws-certified-security-specialty-scs-c02-topic-1/
273	152146	934938	2024-12-06 11:02	/discussions/amazon/view/152146-exam-aws-certified-security-specialty-scs-c02-topic-1/
274	152314	934939	2025-06-13 13:51	/discussions/amazon/view/152314-exam-aws-certified-security-specialty-scs-c02-topic-1/
275	302556	934940	2025-06-13 13:52	/discussions/amazon/view/302556-exam-aws-certified-security-specialty-scs-c02-topic-1/
276	313295	934941	2025-10-01 20:32	/discussions/amazon/view/313295-exam-aws-certified-security-specialty-scs-c02-topic-1/
277	302557	934942	2025-04-11 14:54	/discussions/amazon/view/302557-exam-aws-certified-security-specialty-scs-c02-topic-1/
278	302558	934943	2025-04-11 14:57	/discussions/amazon/view/302558-exam-aws-certified-security-specialty-scs-c02-topic-1/
279	152150	934944	2025-04-11 15:00	/discussions/amazon/view/152150-exam-aws-certified-security-specialty-scs-c02-topic-1/
280	154347	934945	2025-02-22 14:45	/discussions/amazon/view/154347-exam-aws-certified-security-specialty-scs-c02-topic-1/
281	152023	934946	2025-10-04 4:10	/discussions/amazon/view/152023-exam-aws-certified-security-specialty-scs-c02-topic-1/
282	152157	934947	2025-04-11 15:07	/discussions/amazon/view/152157-exam-aws-certified-security-specialty-scs-c02-topic-1/
283	153600	934948	2025-06-12 20:23	/discussions/amazon/view/153600-exam-aws-certified-security-specialty-scs-c02-topic-1/
284	152158	934949	2025-10-04 4:37	/discussions/amazon/view/152158-exam-aws-certified-security-specialty-scs-c02-topic-1/
285	152984	934950	2025-09-01 17:39	/discussions/amazon/view/152984-exam-aws-certified-security-specialty-scs-c02-topic-1/
286	302560	934951	2025-06-13 12:18	/discussions/amazon/view/302560-exam-aws-certified-security-specialty-scs-c02-topic-1/
287	153947	934952	2025-04-11 15:36	/discussions/amazon/view/153947-exam-aws-certified-security-specialty-scs-c02-topic-1/
288	153948	934953	2025-04-11 15:38	/discussions/amazon/view/153948-exam-aws-certified-security-specialty-scs-c02-topic-1/
289	153949	934954	2025-04-11 15:39	/discussions/amazon/view/153949-exam-aws-certified-security-specialty-scs-c02-topic-1/
290	153601	934955	2025-04-11 15:41	/discussions/amazon/view/153601-exam-aws-certified-security-specialty-scs-c02-topic-1/
291	153950	934956	2025-10-04 5:19	/discussions/amazon/view/153950-exam-aws-certified-security-specialty-scs-c02-topic-1/
292	153951	934957	2025-10-04 5:29	/discussions/amazon/view/153951-exam-aws-certified-security-specialty-scs-c02-topic-1/
293	153952	934958	2025-10-04 5:52	/discussions/amazon/view/153952-exam-aws-certified-security-specialty-scs-c02-topic-1/
294	153953	934959	2025-05-24 19:02	/discussions/amazon/view/153953-exam-aws-certified-security-specialty-scs-c02-topic-1/
295	170509	934960	2025-03-31 14:40	/discussions/amazon/view/170509-exam-aws-certified-security-specialty-scs-c02-topic-1/
296	152024	934961	2025-10-04 7:27	/discussions/amazon/view/152024-exam-aws-certified-security-specialty-scs-c02-topic-1/
297	153954	934962	2025-02-20 20:00	/discussions/amazon/view/153954-exam-aws-certified-security-specialty-scs-c02-topic-1/
298	303115	943791	2025-04-29 12:58	/discussions/amazon/view/303115-exam-aws-certified-security-specialty-scs-c02-topic-1/
299	303388	943792	2025-09-18 20:00	/discussions/amazon/view/303388-exam-aws-certified-security-specialty-scs-c02-topic-1/
300	303389	943793	2025-07-10 0:21	/discussions/amazon/view/303389-exam-aws-certified-security-specialty-scs-c02-topic-1/
301	302633	943794	2025-10-05 4:47	/discussions/amazon/view/302633-exam-aws-certified-security-specialty-scs-c02-topic-1/
302	307580	943795	2025-10-05 4:50	/discussions/amazon/view/307580-exam-aws-certified-security-specialty-scs-c02-topic-1/
303	303390	943796	2025-09-10 18:22	/discussions/amazon/view/303390-exam-aws-certified-security-specialty-scs-c02-topic-1/
304	307581	943797	2025-10-05 5:06	/discussions/amazon/view/307581-exam-aws-certified-security-specialty-scs-c02-topic-1/
305	302561	943798	2025-10-05 5:16	/discussions/amazon/view/302561-exam-aws-certified-security-specialty-scs-c02-topic-1/
306	303391	943799	2025-10-05 5:25	/discussions/amazon/view/303391-exam-aws-certified-security-specialty-scs-c02-topic-1/
307	303116	943800	2025-06-13 14:44	/discussions/amazon/view/303116-exam-aws-certified-security-specialty-scs-c02-topic-1/
