1	90837	856116	2025-12-12 13:27	/discussions/amazon/view/90837-exam-aws-certified-solutions-architect-professional-sap-c02/
2	90937	856117	2025-07-07 17:49	/discussions/amazon/view/90937-exam-aws-certified-solutions-architect-professional-sap-c02/
3	90824	856118	2025-12-10 8:22	/discussions/amazon/view/90824-exam-aws-certified-solutions-architect-professional-sap-c02/
4	90976	856119	2025-07-07 18:09	/discussions/amazon/view/90976-exam-aws-certified-solutions-architect-professional-sap-c02/
5	90939	856120	2025-12-04 17:48	/discussions/amazon/view/90939-exam-aws-certified-solutions-architect-professional-sap-c02/
6	90940	856121	2025-09-17 5:56	/discussions/amazon/view/90940-exam-aws-certified-solutions-architect-professional-sap-c02/
7	90941	856122	2025-09-17 6:00	/discussions/amazon/view/90941-exam-aws-certified-solutions-architect-professional-sap-c02/
8	90943	856123	2025-07-07 19:15	/discussions/amazon/view/90943-exam-aws-certified-solutions-architect-professional-sap-c02/
9	90944	856124	2025-11-21 20:17	/discussions/amazon/view/90944-exam-aws-certified-solutions-architect-professional-sap-c02/
10	90945	856125	2025-10-26 4:17	/discussions/amazon/view/90945-exam-aws-certified-solutions-architect-professional-sap-c02/
11	91006	856126	2025-10-06 6:34	/discussions/amazon/view/91006-exam-aws-certified-solutions-architect-professional-sap-c02/
12	91007	856127	2025-09-21 8:09	/discussions/amazon/view/91007-exam-aws-certified-solutions-architect-professional-sap-c02/
13	91096	856128	2025-07-07 21:51	/discussions/amazon/view/91096-exam-aws-certified-solutions-architect-professional-sap-c02/
14	91139	856129	2025-07-07 21:58	/discussions/amazon/view/91139-exam-aws-certified-solutions-architect-professional-sap-c02/
15	91008	856130	2025-07-08 17:54	/discussions/amazon/view/91008-exam-aws-certified-solutions-architect-professional-sap-c02/
16	91237	856131	2025-11-02 22:52	/discussions/amazon/view/91237-exam-aws-certified-solutions-architect-professional-sap-c02/
17	91239	856132	2025-09-24 16:06	/discussions/amazon/view/91239-exam-aws-certified-solutions-architect-professional-sap-c02/
18	91203	856133	2025-10-06 7:24	/discussions/amazon/view/91203-exam-aws-certified-solutions-architect-professional-sap-c02/
19	91242	856134	2025-07-08 18:26	/discussions/amazon/view/91242-exam-aws-certified-solutions-architect-professional-sap-c02/
20	91211	856135	2025-12-06 8:21	/discussions/amazon/view/91211-exam-aws-certified-solutions-architect-professional-sap-c02/
21	91245	856136	2025-07-08 21:14	/discussions/amazon/view/91245-exam-aws-certified-solutions-architect-professional-sap-c02/
22	91247	856137	2025-10-07 12:23	/discussions/amazon/view/91247-exam-aws-certified-solutions-architect-professional-sap-c02/
23	91447	856138	2025-07-08 21:43	/discussions/amazon/view/91447-exam-aws-certified-solutions-architect-professional-sap-c02/
24	91449	856139	2025-08-27 12:53	/discussions/amazon/view/91449-exam-aws-certified-solutions-architect-professional-sap-c02/
25	91214	856140	2025-10-07 12:38	/discussions/amazon/view/91214-exam-aws-certified-solutions-architect-professional-sap-c02/
26	91216	856141	2025-07-08 22:16	/discussions/amazon/view/91216-exam-aws-certified-solutions-architect-professional-sap-c02/
27	91452	856142	2025-10-07 12:58	/discussions/amazon/view/91452-exam-aws-certified-solutions-architect-professional-sap-c02/
28	91453	856143	2025-12-11 4:26	/discussions/amazon/view/91453-exam-aws-certified-solutions-architect-professional-sap-c02/
29	91457	856144	2025-07-09 21:29	/discussions/amazon/view/91457-exam-aws-certified-solutions-architect-professional-sap-c02/
30	91458	856145	2025-07-09 21:35	/discussions/amazon/view/91458-exam-aws-certified-solutions-architect-professional-sap-c02/
31	91461	856146	2025-11-19 20:52	/discussions/amazon/view/91461-exam-aws-certified-solutions-architect-professional-sap-c02/
32	91103	856147	2025-09-06 17:50	/discussions/amazon/view/91103-exam-aws-certified-solutions-architect-professional-sap-c02/
33	91462	856148	2025-12-23 8:07	/discussions/amazon/view/91462-exam-aws-certified-solutions-architect-professional-sap-c02/
34	91463	856149	2025-07-10 21:24	/discussions/amazon/view/91463-exam-aws-certified-solutions-architect-professional-sap-c02/
35	91464	856150	2025-11-17 9:17	/discussions/amazon/view/91464-exam-aws-certified-solutions-architect-professional-sap-c02/
36	91102	856151	2025-07-10 21:39	/discussions/amazon/view/91102-exam-aws-certified-solutions-architect-professional-sap-c02/
37	91101	856152	2025-10-09 3:41	/discussions/amazon/view/91101-exam-aws-certified-solutions-architect-professional-sap-c02/
38	91486	856153	2025-07-10 21:47	/discussions/amazon/view/91486-exam-aws-certified-solutions-architect-professional-sap-c02/
39	95087	861757	2025-07-10 21:54	/discussions/amazon/view/95087-exam-aws-certified-solutions-architect-professional-sap-c02/
40	95088	861758	2025-07-10 22:01	/discussions/amazon/view/95088-exam-aws-certified-solutions-architect-professional-sap-c02/
41	95089	861759	2025-07-10 22:23	/discussions/amazon/view/95089-exam-aws-certified-solutions-architect-professional-sap-c02/
42	95090	861760	2025-07-11 18:18	/discussions/amazon/view/95090-exam-aws-certified-solutions-architect-professional-sap-c02/
43	95091	861761	2025-07-11 18:26	/discussions/amazon/view/95091-exam-aws-certified-solutions-architect-professional-sap-c02/
44	95092	861762	2025-06-26 2:49	/discussions/amazon/view/95092-exam-aws-certified-solutions-architect-professional-sap-c02/
45	95093	861763	2025-10-09 4:29	/discussions/amazon/view/95093-exam-aws-certified-solutions-architect-professional-sap-c02/
46	95095	861764	2024-11-11 1:27	/discussions/amazon/view/95095-exam-aws-certified-solutions-architect-professional-sap-c02/
47	95096	861765	2024-10-11 6:32	/discussions/amazon/view/95096-exam-aws-certified-solutions-architect-professional-sap-c02/
48	95100	861766	2025-10-19 2:20	/discussions/amazon/view/95100-exam-aws-certified-solutions-architect-professional-sap-c02/
49	95169	861767	2025-04-21 11:01	/discussions/amazon/view/95169-exam-aws-certified-solutions-architect-professional-sap-c02/
50	95170	861768	2024-08-31 10:57	/discussions/amazon/view/95170-exam-aws-certified-solutions-architect-professional-sap-c02/
51	95171	861769	2025-12-06 14:37	/discussions/amazon/view/95171-exam-aws-certified-solutions-architect-professional-sap-c02/
52	95198	861770	2024-08-31 10:59	/discussions/amazon/view/95198-exam-aws-certified-solutions-architect-professional-sap-c02/
53	95209	861771	2024-12-06 19:31	/discussions/amazon/view/95209-exam-aws-certified-solutions-architect-professional-sap-c02/
54	95211	861772	2025-12-06 14:54	/discussions/amazon/view/95211-exam-aws-certified-solutions-architect-professional-sap-c02/
55	95217	861773	2025-04-21 11:06	/discussions/amazon/view/95217-exam-aws-certified-solutions-architect-professional-sap-c02/
56	95219	861774	2024-08-31 11:04	/discussions/amazon/view/95219-exam-aws-certified-solutions-architect-professional-sap-c02/
57	95227	861775	2025-03-11 9:53	/discussions/amazon/view/95227-exam-aws-certified-solutions-architect-professional-sap-c02/
58	95233	861776	2025-12-06 15:20	/discussions/amazon/view/95233-exam-aws-certified-solutions-architect-professional-sap-c02/
59	95265	861777	2024-11-19 21:24	/discussions/amazon/view/95265-exam-aws-certified-solutions-architect-professional-sap-c02/
60	95268	861778	2025-03-07 14:09	/discussions/amazon/view/95268-exam-aws-certified-solutions-architect-professional-sap-c02/
61	95272	861779	2024-08-31 11:07	/discussions/amazon/view/95272-exam-aws-certified-solutions-architect-professional-sap-c02/
62	95273	861780	2024-08-31 11:07	/discussions/amazon/view/95273-exam-aws-certified-solutions-architect-professional-sap-c02/
63	95275	861781	2025-01-19 7:06	/discussions/amazon/view/95275-exam-aws-certified-solutions-architect-professional-sap-c02/
64	95276	861782	2025-07-16 21:58	/discussions/amazon/view/95276-exam-aws-certified-solutions-architect-professional-sap-c02/
65	95278	861783	2025-07-16 22:11	/discussions/amazon/view/95278-exam-aws-certified-solutions-architect-professional-sap-c02/
66	95284	861784	2025-07-16 22:16	/discussions/amazon/view/95284-exam-aws-certified-solutions-architect-professional-sap-c02/
67	95285	861785	2025-07-16 22:47	/discussions/amazon/view/95285-exam-aws-certified-solutions-architect-professional-sap-c02/
68	95287	861786	2025-07-16 22:54	/discussions/amazon/view/95287-exam-aws-certified-solutions-architect-professional-sap-c02/
69	95288	861787	2024-08-31 11:12	/discussions/amazon/view/95288-exam-aws-certified-solutions-architect-professional-sap-c02/
70	95289	861788	2025-12-16 11:17	/discussions/amazon/view/95289-exam-aws-certified-solutions-architect-professional-sap-c02/
71	95290	861789	2025-07-21 20:52	/discussions/amazon/view/95290-exam-aws-certified-solutions-architect-professional-sap-c02/
72	95291	861790	2025-07-21 20:59	/discussions/amazon/view/95291-exam-aws-certified-solutions-architect-professional-sap-c02/
73	95292	861791	2025-07-21 21:06	/discussions/amazon/view/95292-exam-aws-certified-solutions-architect-professional-sap-c02/
74	95293	861792	2025-07-21 21:41	/discussions/amazon/view/95293-exam-aws-certified-solutions-architect-professional-sap-c02/
75	95294	861793	2025-07-21 21:53	/discussions/amazon/view/95294-exam-aws-certified-solutions-architect-professional-sap-c02/
76	95297	861794	2025-07-21 21:59	/discussions/amazon/view/95297-exam-aws-certified-solutions-architect-professional-sap-c02/
77	95298	861795	2025-07-21 22:10	/discussions/amazon/view/95298-exam-aws-certified-solutions-architect-professional-sap-c02/
78	95299	861796	2025-07-28 21:02	/discussions/amazon/view/95299-exam-aws-certified-solutions-architect-professional-sap-c02/
79	95305	861797	2025-07-28 21:09	/discussions/amazon/view/95305-exam-aws-certified-solutions-architect-professional-sap-c02/
80	95308	861798	2025-07-28 21:27	/discussions/amazon/view/95308-exam-aws-certified-solutions-architect-professional-sap-c02/
81	95309	861799	2025-11-23 2:46	/discussions/amazon/view/95309-exam-aws-certified-solutions-architect-professional-sap-c02/
82	95376	861800	2025-07-28 21:39	/discussions/amazon/view/95376-exam-aws-certified-solutions-architect-professional-sap-c02/
83	95377	861801	2025-07-28 21:43	/discussions/amazon/view/95377-exam-aws-certified-solutions-architect-professional-sap-c02/
84	95378	861802	2025-07-28 21:47	/discussions/amazon/view/95378-exam-aws-certified-solutions-architect-professional-sap-c02/
85	95379	861803	2023-10-31 19:15	/discussions/amazon/view/95379-exam-aws-certified-solutions-architect-professional-sap-c02/
86	95380	861804	2025-07-28 21:53	/discussions/amazon/view/95380-exam-aws-certified-solutions-architect-professional-sap-c02/
87	95381	861805	2025-10-19 9:53	/discussions/amazon/view/95381-exam-aws-certified-solutions-architect-professional-sap-c02/
88	95382	861806	2025-07-28 22:20	/discussions/amazon/view/95382-exam-aws-certified-solutions-architect-professional-sap-c02/
89	95383	861807	2025-07-28 22:22	/discussions/amazon/view/95383-exam-aws-certified-solutions-architect-professional-sap-c02/
90	95384	861808	2025-11-21 19:57	/discussions/amazon/view/95384-exam-aws-certified-solutions-architect-professional-sap-c02/
91	95385	861809	2025-07-29 21:23	/discussions/amazon/view/95385-exam-aws-certified-solutions-architect-professional-sap-c02/
92	95386	861810	2025-07-29 21:27	/discussions/amazon/view/95386-exam-aws-certified-solutions-architect-professional-sap-c02/
93	95387	861811	2025-07-29 21:33	/discussions/amazon/view/95387-exam-aws-certified-solutions-architect-professional-sap-c02/
94	95390	861812	2025-07-29 21:38	/discussions/amazon/view/95390-exam-aws-certified-solutions-architect-professional-sap-c02/
95	95391	861813	2025-07-29 21:43	/discussions/amazon/view/95391-exam-aws-certified-solutions-architect-professional-sap-c02/
96	95392	861814	2025-07-29 21:46	/discussions/amazon/view/95392-exam-aws-certified-solutions-architect-professional-sap-c02/
97	95394	861815	2025-07-29 21:50	/discussions/amazon/view/95394-exam-aws-certified-solutions-architect-professional-sap-c02/
98	95397	861816	2025-07-29 22:23	/discussions/amazon/view/95397-exam-aws-certified-solutions-architect-professional-sap-c02/
99	95398	861817	2025-11-19 14:48	/discussions/amazon/view/95398-exam-aws-certified-solutions-architect-professional-sap-c02/
100	95399	861818	2025-07-29 22:34	/discussions/amazon/view/95399-exam-aws-certified-solutions-architect-professional-sap-c02/
101	95416	861819	2025-07-31 21:28	/discussions/amazon/view/95416-exam-aws-certified-solutions-architect-professional-sap-c02/
102	95417	861820	2025-07-31 21:41	/discussions/amazon/view/95417-exam-aws-certified-solutions-architect-professional-sap-c02/
103	95421	861821	2025-07-31 21:47	/discussions/amazon/view/95421-exam-aws-certified-solutions-architect-professional-sap-c02/
104	95425	861822	2025-07-31 21:53	/discussions/amazon/view/95425-exam-aws-certified-solutions-architect-professional-sap-c02/
105	95427	861823	2025-07-31 22:01	/discussions/amazon/view/95427-exam-aws-certified-solutions-architect-professional-sap-c02/
106	95428	861824	2025-07-31 22:28	/discussions/amazon/view/95428-exam-aws-certified-solutions-architect-professional-sap-c02/
107	95432	861825	2025-07-31 22:46	/discussions/amazon/view/95432-exam-aws-certified-solutions-architect-professional-sap-c02/
108	95442	861826	2025-10-14 3:32	/discussions/amazon/view/95442-exam-aws-certified-solutions-architect-professional-sap-c02/
109	95443	861827	2025-07-31 22:59	/discussions/amazon/view/95443-exam-aws-certified-solutions-architect-professional-sap-c02/
110	95444	861828	2025-07-31 23:02	/discussions/amazon/view/95444-exam-aws-certified-solutions-architect-professional-sap-c02/
111	95447	861829	2025-08-04 16:35	/discussions/amazon/view/95447-exam-aws-certified-solutions-architect-professional-sap-c02/
112	95448	861830	2025-08-04 16:41	/discussions/amazon/view/95448-exam-aws-certified-solutions-architect-professional-sap-c02/
113	95451	861831	2024-09-02 8:18	/discussions/amazon/view/95451-exam-aws-certified-solutions-architect-professional-sap-c02/
114	95454	861832	2025-08-04 17:24	/discussions/amazon/view/95454-exam-aws-certified-solutions-architect-professional-sap-c02/
115	95455	861833	2025-09-23 14:26	/discussions/amazon/view/95455-exam-aws-certified-solutions-architect-professional-sap-c02/
116	95457	861834	2025-08-04 17:58	/discussions/amazon/view/95457-exam-aws-certified-solutions-architect-professional-sap-c02/
117	95458	861835	2025-08-04 18:14	/discussions/amazon/view/95458-exam-aws-certified-solutions-architect-professional-sap-c02/
118	95459	861836	2025-08-04 20:30	/discussions/amazon/view/95459-exam-aws-certified-solutions-architect-professional-sap-c02/
119	95464	861837	2025-08-04 20:43	/discussions/amazon/view/95464-exam-aws-certified-solutions-architect-professional-sap-c02/
120	95465	861838	2025-10-15 4:23	/discussions/amazon/view/95465-exam-aws-certified-solutions-architect-professional-sap-c02/
121	95529	861839	2025-10-15 4:40	/discussions/amazon/view/95529-exam-aws-certified-solutions-architect-professional-sap-c02/
122	95531	861840	2025-08-04 21:12	/discussions/amazon/view/95531-exam-aws-certified-solutions-architect-professional-sap-c02/
123	95532	861841	2025-08-04 21:22	/discussions/amazon/view/95532-exam-aws-certified-solutions-architect-professional-sap-c02/
124	95533	861842	2025-08-04 21:51	/discussions/amazon/view/95533-exam-aws-certified-solutions-architect-professional-sap-c02/
125	95534	861843	2025-08-04 22:05	/discussions/amazon/view/95534-exam-aws-certified-solutions-architect-professional-sap-c02/
126	95538	861844	2025-08-04 22:09	/discussions/amazon/view/95538-exam-aws-certified-solutions-architect-professional-sap-c02/
127	95540	861845	2025-08-04 22:15	/discussions/amazon/view/95540-exam-aws-certified-solutions-architect-professional-sap-c02/
128	95541	861846	2025-08-06 21:31	/discussions/amazon/view/95541-exam-aws-certified-solutions-architect-professional-sap-c02/
129	95542	861847	2025-08-06 21:38	/discussions/amazon/view/95542-exam-aws-certified-solutions-architect-professional-sap-c02/
130	95543	861848	2025-08-06 21:44	/discussions/amazon/view/95543-exam-aws-certified-solutions-architect-professional-sap-c02/
131	95544	861849	2025-10-16 2:21	/discussions/amazon/view/95544-exam-aws-certified-solutions-architect-professional-sap-c02/
132	95545	861850	2025-08-06 22:24	/discussions/amazon/view/95545-exam-aws-certified-solutions-architect-professional-sap-c02/
133	95546	861851	2025-08-06 22:32	/discussions/amazon/view/95546-exam-aws-certified-solutions-architect-professional-sap-c02/
134	95547	861852	2025-04-22 10:36	/discussions/amazon/view/95547-exam-aws-certified-solutions-architect-professional-sap-c02/
135	95548	861853	2025-05-10 13:45	/discussions/amazon/view/95548-exam-aws-certified-solutions-architect-professional-sap-c02/
136	95549	861854	2025-12-13 22:45	/discussions/amazon/view/95549-exam-aws-certified-solutions-architect-professional-sap-c02/
137	95550	861855	2025-08-07 18:33	/discussions/amazon/view/95550-exam-aws-certified-solutions-architect-professional-sap-c02/
138	95551	861856	2025-08-07 18:42	/discussions/amazon/view/95551-exam-aws-certified-solutions-architect-professional-sap-c02/
139	95555	861857	2025-08-07 18:56	/discussions/amazon/view/95555-exam-aws-certified-solutions-architect-professional-sap-c02/
140	95557	861858	2025-08-07 19:02	/discussions/amazon/view/95557-exam-aws-certified-solutions-architect-professional-sap-c02/
141	95559	861859	2025-08-07 19:22	/discussions/amazon/view/95559-exam-aws-certified-solutions-architect-professional-sap-c02/
142	95561	861860	2025-08-07 19:30	/discussions/amazon/view/95561-exam-aws-certified-solutions-architect-professional-sap-c02/
143	95562	861861	2025-08-07 19:41	/discussions/amazon/view/95562-exam-aws-certified-solutions-architect-professional-sap-c02/
144	95563	861862	2025-08-08 20:43	/discussions/amazon/view/95563-exam-aws-certified-solutions-architect-professional-sap-c02/
145	95564	861863	2024-12-21 2:26	/discussions/amazon/view/95564-exam-aws-certified-solutions-architect-professional-sap-c02/
146	95565	861864	2023-12-24 2:04	/discussions/amazon/view/95565-exam-aws-certified-solutions-architect-professional-sap-c02/
147	95566	861865	2023-12-24 2:08	/discussions/amazon/view/95566-exam-aws-certified-solutions-architect-professional-sap-c02/
148	95568	861866	2025-05-10 15:08	/discussions/amazon/view/95568-exam-aws-certified-solutions-architect-professional-sap-c02/
149	95569	861867	2024-02-23 4:26	/discussions/amazon/view/95569-exam-aws-certified-solutions-architect-professional-sap-c02/
150	95602	861868	2024-10-03 2:47	/discussions/amazon/view/95602-exam-aws-certified-solutions-architect-professional-sap-c02/
151	95570	861869	2024-08-24 9:14	/discussions/amazon/view/95570-exam-aws-certified-solutions-architect-professional-sap-c02/
152	95572	861870	2025-12-06 2:52	/discussions/amazon/view/95572-exam-aws-certified-solutions-architect-professional-sap-c02/
153	95573	861871	2024-10-16 16:39	/discussions/amazon/view/95573-exam-aws-certified-solutions-architect-professional-sap-c02/
154	95574	861872	2023-12-24 6:47	/discussions/amazon/view/95574-exam-aws-certified-solutions-architect-professional-sap-c02/
155	95605	861873	2023-12-24 6:54	/discussions/amazon/view/95605-exam-aws-certified-solutions-architect-professional-sap-c02/
156	95494	861874	2025-03-05 5:11	/discussions/amazon/view/95494-exam-aws-certified-solutions-architect-professional-sap-c02/
157	97669	867249	2023-12-24 7:12	/discussions/amazon/view/97669-exam-aws-certified-solutions-architect-professional-sap-c02/
158	97670	867250	2025-10-17 2:49	/discussions/amazon/view/97670-exam-aws-certified-solutions-architect-professional-sap-c02/
159	97671	867251	2025-02-04 19:17	/discussions/amazon/view/97671-exam-aws-certified-solutions-architect-professional-sap-c02/
160	97684	867252	2023-12-24 7:26	/discussions/amazon/view/97684-exam-aws-certified-solutions-architect-professional-sap-c02/
161	97685	867253	2024-02-12 9:59	/discussions/amazon/view/97685-exam-aws-certified-solutions-architect-professional-sap-c02/
162	97934	867254	2023-12-24 22:44	/discussions/amazon/view/97934-exam-aws-certified-solutions-architect-professional-sap-c02/
163	97689	867255	2025-05-10 20:43	/discussions/amazon/view/97689-exam-aws-certified-solutions-architect-professional-sap-c02/
164	97695	867256	2024-10-06 0:55	/discussions/amazon/view/97695-exam-aws-certified-solutions-architect-professional-sap-c02/
165	97690	867257	2025-12-14 19:25	/discussions/amazon/view/97690-exam-aws-certified-solutions-architect-professional-sap-c02/
166	98107	867258	2025-12-05 17:31	/discussions/amazon/view/98107-exam-aws-certified-solutions-architect-professional-sap-c02/
167	97664	867259	2024-12-06 17:47	/discussions/amazon/view/97664-exam-aws-certified-solutions-architect-professional-sap-c02/
168	97939	867260	2025-11-27 20:10	/discussions/amazon/view/97939-exam-aws-certified-solutions-architect-professional-sap-c02/
169	97663	867261	2025-08-14 19:39	/discussions/amazon/view/97663-exam-aws-certified-solutions-architect-professional-sap-c02/
170	99148	868498	2025-08-16 13:32	/discussions/amazon/view/99148-exam-aws-certified-solutions-architect-professional-sap-c02/
171	99150	868499	2025-08-17 20:40	/discussions/amazon/view/99150-exam-aws-certified-solutions-architect-professional-sap-c02/
172	99151	868500	2025-08-17 20:48	/discussions/amazon/view/99151-exam-aws-certified-solutions-architect-professional-sap-c02/
173	99152	868501	2025-08-17 20:53	/discussions/amazon/view/99152-exam-aws-certified-solutions-architect-professional-sap-c02/
174	99153	868502	2025-08-17 20:58	/discussions/amazon/view/99153-exam-aws-certified-solutions-architect-professional-sap-c02/
175	99154	868503	2025-08-17 21:05	/discussions/amazon/view/99154-exam-aws-certified-solutions-architect-professional-sap-c02/
176	99155	868504	2025-08-17 21:09	/discussions/amazon/view/99155-exam-aws-certified-solutions-architect-professional-sap-c02/
177	99304	868505	2025-08-17 21:15	/discussions/amazon/view/99304-exam-aws-certified-solutions-architect-professional-sap-c02/
178	107088	882500	2025-08-19 1:46	/discussions/amazon/view/107088-exam-aws-certified-solutions-architect-professional-sap-c02/
179	107090	882501	2025-10-01 15:34	/discussions/amazon/view/107090-exam-aws-certified-solutions-architect-professional-sap-c02/
180	107094	882502	2025-08-19 2:02	/discussions/amazon/view/107094-exam-aws-certified-solutions-architect-professional-sap-c02/
181	107022	882503	2025-08-19 2:08	/discussions/amazon/view/107022-exam-aws-certified-solutions-architect-professional-sap-c02/
182	110410	884135	2025-08-19 2:29	/discussions/amazon/view/110410-exam-aws-certified-solutions-architect-professional-sap-c02/
183	110388	884136	2025-08-19 2:46	/discussions/amazon/view/110388-exam-aws-certified-solutions-architect-professional-sap-c02/
184	110406	884137	2025-08-19 2:57	/discussions/amazon/view/110406-exam-aws-certified-solutions-architect-professional-sap-c02/
185	110405	884138	2025-08-19 3:01	/discussions/amazon/view/110405-exam-aws-certified-solutions-architect-professional-sap-c02/
186	110403	884139	2023-11-24 1:59	/discussions/amazon/view/110403-exam-aws-certified-solutions-architect-professional-sap-c02/
187	110389	884140	2023-11-24 2:10	/discussions/amazon/view/110389-exam-aws-certified-solutions-architect-professional-sap-c02/
188	110345	884141	2024-12-21 6:38	/discussions/amazon/view/110345-exam-aws-certified-solutions-architect-professional-sap-c02/
189	110401	884142	2025-12-13 19:12	/discussions/amazon/view/110401-exam-aws-certified-solutions-architect-professional-sap-c02/
190	110393	884143	2025-08-20 2:38	/discussions/amazon/view/110393-exam-aws-certified-solutions-architect-professional-sap-c02/
191	110392	884144	2025-08-21 12:41	/discussions/amazon/view/110392-exam-aws-certified-solutions-architect-professional-sap-c02/
192	110391	884145	2025-08-21 12:53	/discussions/amazon/view/110391-exam-aws-certified-solutions-architect-professional-sap-c02/
193	110340	884146	2025-12-09 16:15	/discussions/amazon/view/110340-exam-aws-certified-solutions-architect-professional-sap-c02/
194	110338	884147	2025-12-11 19:45	/discussions/amazon/view/110338-exam-aws-certified-solutions-architect-professional-sap-c02/
195	110339	884148	2025-08-21 13:40	/discussions/amazon/view/110339-exam-aws-certified-solutions-architect-professional-sap-c02/
196	110346	884149	2025-09-12 14:45	/discussions/amazon/view/110346-exam-aws-certified-solutions-architect-professional-sap-c02/
197	110347	884150	2025-09-24 23:58	/discussions/amazon/view/110347-exam-aws-certified-solutions-architect-professional-sap-c02/
198	110379	884151	2025-08-22 13:20	/discussions/amazon/view/110379-exam-aws-certified-solutions-architect-professional-sap-c02/
199	110372	884152	2025-08-22 13:27	/discussions/amazon/view/110372-exam-aws-certified-solutions-architect-professional-sap-c02/
200	110334	884153	2025-08-22 13:34	/discussions/amazon/view/110334-exam-aws-certified-solutions-architect-professional-sap-c02/
201	110333	884154	2025-08-22 18:33	/discussions/amazon/view/110333-exam-aws-certified-solutions-architect-professional-sap-c02/
202	110331	884155	2025-08-22 18:56	/discussions/amazon/view/110331-exam-aws-certified-solutions-architect-professional-sap-c02/
203	110304	884156	2025-08-22 19:00	/discussions/amazon/view/110304-exam-aws-certified-solutions-architect-professional-sap-c02/
204	110302	884157	2025-08-22 19:07	/discussions/amazon/view/110302-exam-aws-certified-solutions-architect-professional-sap-c02/
205	110300	884158	2025-10-21 3:21	/discussions/amazon/view/110300-exam-aws-certified-solutions-architect-professional-sap-c02/
206	110299	884159	2025-08-22 19:24	/discussions/amazon/view/110299-exam-aws-certified-solutions-architect-professional-sap-c02/
207	110298	884160	2025-08-22 19:36	/discussions/amazon/view/110298-exam-aws-certified-solutions-architect-professional-sap-c02/
208	110297	884161	2025-12-06 11:13	/discussions/amazon/view/110297-exam-aws-certified-solutions-architect-professional-sap-c02/
209	112693	888105	2025-08-22 19:57	/discussions/amazon/view/112693-exam-aws-certified-solutions-architect-professional-sap-c02/
210	112870	888106	2025-12-10 17:16	/discussions/amazon/view/112870-exam-aws-certified-solutions-architect-professional-sap-c02/
211	112758	888107	2025-08-25 3:11	/discussions/amazon/view/112758-exam-aws-certified-solutions-architect-professional-sap-c02/
212	112681	888108	2025-08-25 13:20	/discussions/amazon/view/112681-exam-aws-certified-solutions-architect-professional-sap-c02/
213	112862	888109	2025-08-25 13:25	/discussions/amazon/view/112862-exam-aws-certified-solutions-architect-professional-sap-c02/
214	112716	888110	2024-05-22 15:21	/discussions/amazon/view/112716-exam-aws-certified-solutions-architect-professional-sap-c02/
215	112767	888111	2025-10-23 12:50	/discussions/amazon/view/112767-exam-aws-certified-solutions-architect-professional-sap-c02/
216	112833	888112	2025-08-25 13:42	/discussions/amazon/view/112833-exam-aws-certified-solutions-architect-professional-sap-c02/
217	112768	888113	2025-08-25 13:48	/discussions/amazon/view/112768-exam-aws-certified-solutions-architect-professional-sap-c02/
218	112848	888114	2025-08-25 13:52	/discussions/amazon/view/112848-exam-aws-certified-solutions-architect-professional-sap-c02/
219	112850	888115	2025-08-25 13:54	/discussions/amazon/view/112850-exam-aws-certified-solutions-architect-professional-sap-c02/
220	112851	888116	2023-12-21 3:30	/discussions/amazon/view/112851-exam-aws-certified-solutions-architect-professional-sap-c02/
221	112853	888117	2025-08-25 14:11	/discussions/amazon/view/112853-exam-aws-certified-solutions-architect-professional-sap-c02/
222	112972	888118	2025-12-09 9:48	/discussions/amazon/view/112972-exam-aws-certified-solutions-architect-professional-sap-c02/
223	112864	888119	2025-05-21 21:32	/discussions/amazon/view/112864-exam-aws-certified-solutions-architect-professional-sap-c02/
224	112772	888120	2024-03-24 12:25	/discussions/amazon/view/112772-exam-aws-certified-solutions-architect-professional-sap-c02/
225	112866	888121	2024-04-04 17:15	/discussions/amazon/view/112866-exam-aws-certified-solutions-architect-professional-sap-c02/
226	112867	888122	2025-02-22 10:59	/discussions/amazon/view/112867-exam-aws-certified-solutions-architect-professional-sap-c02/
227	112868	888123	2025-06-11 20:31	/discussions/amazon/view/112868-exam-aws-certified-solutions-architect-professional-sap-c02/
228	112869	888124	2025-08-15 7:11	/discussions/amazon/view/112869-exam-aws-certified-solutions-architect-professional-sap-c02/
229	112974	888125	2025-09-18 2:57	/discussions/amazon/view/112974-exam-aws-certified-solutions-architect-professional-sap-c02/
230	113131	888126	2025-09-18 3:02	/discussions/amazon/view/113131-exam-aws-certified-solutions-architect-professional-sap-c02/
231	112879	888127	2024-12-29 15:39	/discussions/amazon/view/112879-exam-aws-certified-solutions-architect-professional-sap-c02/
232	112880	888128	2024-07-11 11:10	/discussions/amazon/view/112880-exam-aws-certified-solutions-architect-professional-sap-c02/
233	112882	888129	2024-08-24 2:40	/discussions/amazon/view/112882-exam-aws-certified-solutions-architect-professional-sap-c02/
234	112883	888130	2024-03-15 18:58	/discussions/amazon/view/112883-exam-aws-certified-solutions-architect-professional-sap-c02/
235	112884	888131	2024-12-09 5:54	/discussions/amazon/view/112884-exam-aws-certified-solutions-architect-professional-sap-c02/
236	112885	888132	2024-04-30 14:07	/discussions/amazon/view/112885-exam-aws-certified-solutions-architect-professional-sap-c02/
237	112886	888133	2025-08-15 9:53	/discussions/amazon/view/112886-exam-aws-certified-solutions-architect-professional-sap-c02/
238	112887	888134	2025-06-16 10:08	/discussions/amazon/view/112887-exam-aws-certified-solutions-architect-professional-sap-c02/
239	112889	888135	2024-08-24 2:50	/discussions/amazon/view/112889-exam-aws-certified-solutions-architect-professional-sap-c02/
240	112973	888136	2023-11-30 17:33	/discussions/amazon/view/112973-exam-aws-certified-solutions-architect-professional-sap-c02/
241	113094	888137	2024-08-24 2:53	/discussions/amazon/view/113094-exam-aws-certified-solutions-architect-professional-sap-c02/
242	112965	888138	2023-12-26 13:57	/discussions/amazon/view/112965-exam-aws-certified-solutions-architect-professional-sap-c02/
243	113133	888139	2024-07-24 13:11	/discussions/amazon/view/113133-exam-aws-certified-solutions-architect-professional-sap-c02/
244	112977	888140	2024-01-02 14:39	/discussions/amazon/view/112977-exam-aws-certified-solutions-architect-professional-sap-c02/
245	113142	888141	2025-08-16 10:34	/discussions/amazon/view/113142-exam-aws-certified-solutions-architect-professional-sap-c02/
246	113012	888142	2025-03-07 8:47	/discussions/amazon/view/113012-exam-aws-certified-solutions-architect-professional-sap-c02/
247	113010	888143	2025-03-04 20:45	/discussions/amazon/view/113010-exam-aws-certified-solutions-architect-professional-sap-c02/
248	113019	888144	2025-05-21 21:23	/discussions/amazon/view/113019-exam-aws-certified-solutions-architect-professional-sap-c02/
249	113047	888145	2024-11-20 20:22	/discussions/amazon/view/113047-exam-aws-certified-solutions-architect-professional-sap-c02/
250	113020	888146	2025-10-03 3:59	/discussions/amazon/view/113020-exam-aws-certified-solutions-architect-professional-sap-c02/
251	113147	888147	2023-12-12 16:12	/discussions/amazon/view/113147-exam-aws-certified-solutions-architect-professional-sap-c02/
252	113022	888148	2025-11-23 15:51	/discussions/amazon/view/113022-exam-aws-certified-solutions-architect-professional-sap-c02/
253	113023	888149	2024-12-04 4:47	/discussions/amazon/view/113023-exam-aws-certified-solutions-architect-professional-sap-c02/
254	113025	888150	2025-03-24 17:14	/discussions/amazon/view/113025-exam-aws-certified-solutions-architect-professional-sap-c02/
255	113152	888151	2025-10-01 19:29	/discussions/amazon/view/113152-exam-aws-certified-solutions-architect-professional-sap-c02/
256	113153	888152	2024-03-19 16:59	/discussions/amazon/view/113153-exam-aws-certified-solutions-architect-professional-sap-c02/
257	113105	888153	2023-12-11 17:29	/discussions/amazon/view/113105-exam-aws-certified-solutions-architect-professional-sap-c02/
258	113108	888154	2023-11-23 4:02	/discussions/amazon/view/113108-exam-aws-certified-solutions-architect-professional-sap-c02/
259	113109	888155	2023-11-23 4:03	/discussions/amazon/view/113109-exam-aws-certified-solutions-architect-professional-sap-c02/
260	113184	888156	2023-12-16 17:19	/discussions/amazon/view/113184-exam-aws-certified-solutions-architect-professional-sap-c02/
261	112796	888157	2023-11-24 15:56	/discussions/amazon/view/112796-exam-aws-certified-solutions-architect-professional-sap-c02/
262	112797	888158	2024-08-20 0:20	/discussions/amazon/view/112797-exam-aws-certified-solutions-architect-professional-sap-c02/
263	112798	888159	2025-09-02 17:50	/discussions/amazon/view/112798-exam-aws-certified-solutions-architect-professional-sap-c02/
264	112799	888160	2025-09-11 0:07	/discussions/amazon/view/112799-exam-aws-certified-solutions-architect-professional-sap-c02/
265	112800	888161	2023-11-30 22:34	/discussions/amazon/view/112800-exam-aws-certified-solutions-architect-professional-sap-c02/
266	112801	888162	2025-04-20 12:05	/discussions/amazon/view/112801-exam-aws-certified-solutions-architect-professional-sap-c02/
267	112802	888163	2025-02-05 21:59	/discussions/amazon/view/112802-exam-aws-certified-solutions-architect-professional-sap-c02/
268	112803	888164	2025-10-03 6:10	/discussions/amazon/view/112803-exam-aws-certified-solutions-architect-professional-sap-c02/
269	112804	888165	2025-10-28 3:30	/discussions/amazon/view/112804-exam-aws-certified-solutions-architect-professional-sap-c02/
270	112805	888166	2025-07-21 16:34	/discussions/amazon/view/112805-exam-aws-certified-solutions-architect-professional-sap-c02/
271	112806	888167	2024-12-08 14:18	/discussions/amazon/view/112806-exam-aws-certified-solutions-architect-professional-sap-c02/
272	112807	888168	2025-08-20 6:28	/discussions/amazon/view/112807-exam-aws-certified-solutions-architect-professional-sap-c02/
273	112808	888169	2023-11-30 23:01	/discussions/amazon/view/112808-exam-aws-certified-solutions-architect-professional-sap-c02/
274	112809	888170	2024-10-21 4:07	/discussions/amazon/view/112809-exam-aws-certified-solutions-architect-professional-sap-c02/
275	112810	888171	2024-03-18 17:12	/discussions/amazon/view/112810-exam-aws-certified-solutions-architect-professional-sap-c02/
276	112811	888172	2024-05-01 23:34	/discussions/amazon/view/112811-exam-aws-certified-solutions-architect-professional-sap-c02/
277	112812	888173	2024-11-26 2:46	/discussions/amazon/view/112812-exam-aws-certified-solutions-architect-professional-sap-c02/
278	112813	888174	2023-11-19 23:08	/discussions/amazon/view/112813-exam-aws-certified-solutions-architect-professional-sap-c02/
279	112814	888175	2025-06-16 16:07	/discussions/amazon/view/112814-exam-aws-certified-solutions-architect-professional-sap-c02/
280	112815	888176	2025-07-30 1:58	/discussions/amazon/view/112815-exam-aws-certified-solutions-architect-professional-sap-c02/
281	112779	888177	2024-08-20 4:03	/discussions/amazon/view/112779-exam-aws-certified-solutions-architect-professional-sap-c02/
282	112780	888178	2024-03-19 13:28	/discussions/amazon/view/112780-exam-aws-certified-solutions-architect-professional-sap-c02/
283	112781	888179	2025-12-10 21:59	/discussions/amazon/view/112781-exam-aws-certified-solutions-architect-professional-sap-c02/
284	112782	888180	2025-12-11 19:21	/discussions/amazon/view/112782-exam-aws-certified-solutions-architect-professional-sap-c02/
285	112783	888181	2024-01-21 23:02	/discussions/amazon/view/112783-exam-aws-certified-solutions-architect-professional-sap-c02/
286	112784	888182	2024-08-21 6:42	/discussions/amazon/view/112784-exam-aws-certified-solutions-architect-professional-sap-c02/
287	112785	888183	2023-12-16 18:33	/discussions/amazon/view/112785-exam-aws-certified-solutions-architect-professional-sap-c02/
288	112786	888184	2023-11-20 0:39	/discussions/amazon/view/112786-exam-aws-certified-solutions-architect-professional-sap-c02/
289	112787	888185	2025-12-13 18:47	/discussions/amazon/view/112787-exam-aws-certified-solutions-architect-professional-sap-c02/
290	112788	888186	2024-10-08 20:30	/discussions/amazon/view/112788-exam-aws-certified-solutions-architect-professional-sap-c02/
291	112789	888641	2024-01-22 0:14	/discussions/amazon/view/112789-exam-aws-certified-solutions-architect-professional-sap-c02/
292	112790	888642	2025-09-15 16:11	/discussions/amazon/view/112790-exam-aws-certified-solutions-architect-professional-sap-c02/
293	112791	888643	2025-05-02 9:58	/discussions/amazon/view/112791-exam-aws-certified-solutions-architect-professional-sap-c02/
294	112695	888644	2023-12-17 12:03	/discussions/amazon/view/112695-exam-aws-certified-solutions-architect-professional-sap-c02/
295	112792	888645	2025-09-20 19:51	/discussions/amazon/view/112792-exam-aws-certified-solutions-architect-professional-sap-c02/
296	112793	888646	2025-11-13 16:48	/discussions/amazon/view/112793-exam-aws-certified-solutions-architect-professional-sap-c02/
297	112794	888647	2025-03-08 14:03	/discussions/amazon/view/112794-exam-aws-certified-solutions-architect-professional-sap-c02/
298	112795	888648	2025-12-07 9:47	/discussions/amazon/view/112795-exam-aws-certified-solutions-architect-professional-sap-c02/
299	124742	900065	2023-11-03 4:33	/discussions/amazon/view/124742-exam-aws-certified-solutions-architect-professional-sap-c02/
300	124796	900066	2024-11-25 0:44	/discussions/amazon/view/124796-exam-aws-certified-solutions-architect-professional-sap-c02/
301	124801	900067	2025-03-09 2:39	/discussions/amazon/view/124801-exam-aws-certified-solutions-architect-professional-sap-c02/
302	124802	900068	2025-01-12 18:33	/discussions/amazon/view/124802-exam-aws-certified-solutions-architect-professional-sap-c02/
303	124803	900069	2024-12-02 6:27	/discussions/amazon/view/124803-exam-aws-certified-solutions-architect-professional-sap-c02/
304	124950	900070	2024-11-18 5:33	/discussions/amazon/view/124950-exam-aws-certified-solutions-architect-professional-sap-c02/
305	124804	900071	2024-11-18 5:30	/discussions/amazon/view/124804-exam-aws-certified-solutions-architect-professional-sap-c02/
306	124882	900072	2025-02-28 1:13	/discussions/amazon/view/124882-exam-aws-certified-solutions-architect-professional-sap-c02/
307	124883	900073	2024-11-18 5:25	/discussions/amazon/view/124883-exam-aws-certified-solutions-architect-professional-sap-c02/
308	124807	900074	2024-11-18 5:22	/discussions/amazon/view/124807-exam-aws-certified-solutions-architect-professional-sap-c02/
309	124808	900075	2025-08-06 1:13	/discussions/amazon/view/124808-exam-aws-certified-solutions-architect-professional-sap-c02/
310	124809	900076	2024-11-18 5:17	/discussions/amazon/view/124809-exam-aws-certified-solutions-architect-professional-sap-c02/
311	124810	900077	2024-11-18 5:13	/discussions/amazon/view/124810-exam-aws-certified-solutions-architect-professional-sap-c02/
312	124812	900078	2024-11-18 5:10	/discussions/amazon/view/124812-exam-aws-certified-solutions-architect-professional-sap-c02/
313	124813	900079	2025-10-31 23:04	/discussions/amazon/view/124813-exam-aws-certified-solutions-architect-professional-sap-c02/
314	124998	900080	2025-02-06 20:53	/discussions/amazon/view/124998-exam-aws-certified-solutions-architect-professional-sap-c02/
315	124888	900081	2024-11-18 4:58	/discussions/amazon/view/124888-exam-aws-certified-solutions-architect-professional-sap-c02/
316	124899	900082	2025-12-07 11:14	/discussions/amazon/view/124899-exam-aws-certified-solutions-architect-professional-sap-c02/
317	124901	900083	2024-11-30 22:39	/discussions/amazon/view/124901-exam-aws-certified-solutions-architect-professional-sap-c02/
318	124924	900084	2024-11-18 4:45	/discussions/amazon/view/124924-exam-aws-certified-solutions-architect-professional-sap-c02/
319	124902	900085	2025-12-07 11:50	/discussions/amazon/view/124902-exam-aws-certified-solutions-architect-professional-sap-c02/
320	124903	900086	2024-12-24 15:29	/discussions/amazon/view/124903-exam-aws-certified-solutions-architect-professional-sap-c02/
321	124904	900087	2025-08-26 14:28	/discussions/amazon/view/124904-exam-aws-certified-solutions-architect-professional-sap-c02/
322	124867	900088	2024-11-18 4:28	/discussions/amazon/view/124867-exam-aws-certified-solutions-architect-professional-sap-c02/
323	126753	903025	2025-12-28 1:20	/discussions/amazon/view/126753-exam-aws-certified-solutions-architect-professional-sap-c02/
324	126754	903026	2025-11-26 9:06	/discussions/amazon/view/126754-exam-aws-certified-solutions-architect-professional-sap-c02/
325	126816	903027	2024-11-18 4:12	/discussions/amazon/view/126816-exam-aws-certified-solutions-architect-professional-sap-c02/
326	126818	903028	2025-12-09 8:51	/discussions/amazon/view/126818-exam-aws-certified-solutions-architect-professional-sap-c02/
327	126755	903029	2025-09-17 19:51	/discussions/amazon/view/126755-exam-aws-certified-solutions-architect-professional-sap-c02/
328	126923	903030	2025-09-21 0:11	/discussions/amazon/view/126923-exam-aws-certified-solutions-architect-professional-sap-c02/
329	126757	903031	2025-11-26 9:28	/discussions/amazon/view/126757-exam-aws-certified-solutions-architect-professional-sap-c02/
330	126758	903032	2024-08-16 10:33	/discussions/amazon/view/126758-exam-aws-certified-solutions-architect-professional-sap-c02/
331	126759	903033	2024-08-17 3:01	/discussions/amazon/view/126759-exam-aws-certified-solutions-architect-professional-sap-c02/
332	126760	903034	2024-08-12 12:47	/discussions/amazon/view/126760-exam-aws-certified-solutions-architect-professional-sap-c02/
333	126927	903035	2025-02-19 18:22	/discussions/amazon/view/126927-exam-aws-certified-solutions-architect-professional-sap-c02/
334	126762	903036	2024-06-12 4:12	/discussions/amazon/view/126762-exam-aws-certified-solutions-architect-professional-sap-c02/
335	126811	903037	2024-11-02 4:08	/discussions/amazon/view/126811-exam-aws-certified-solutions-architect-professional-sap-c02/
336	126812	903038	2025-02-07 17:21	/discussions/amazon/view/126812-exam-aws-certified-solutions-architect-professional-sap-c02/
337	126764	903039	2024-11-10 18:30	/discussions/amazon/view/126764-exam-aws-certified-solutions-architect-professional-sap-c02/
338	126765	903040	2024-11-24 18:20	/discussions/amazon/view/126765-exam-aws-certified-solutions-architect-professional-sap-c02/
339	126766	903041	2025-11-02 22:34	/discussions/amazon/view/126766-exam-aws-certified-solutions-architect-professional-sap-c02/
340	126768	903042	2025-04-25 13:45	/discussions/amazon/view/126768-exam-aws-certified-solutions-architect-professional-sap-c02/
341	126769	903043	2024-08-22 7:22	/discussions/amazon/view/126769-exam-aws-certified-solutions-architect-professional-sap-c02/
342	126868	903044	2024-11-17 4:15	/discussions/amazon/view/126868-exam-aws-certified-solutions-architect-professional-sap-c02/
343	126998	903045	2024-11-17 4:11	/discussions/amazon/view/126998-exam-aws-certified-solutions-architect-professional-sap-c02/
344	126870	903046	2024-11-17 4:07	/discussions/amazon/view/126870-exam-aws-certified-solutions-architect-professional-sap-c02/
345	126813	903047	2024-11-17 4:05	/discussions/amazon/view/126813-exam-aws-certified-solutions-architect-professional-sap-c02/
346	126814	903048	2024-12-13 7:49	/discussions/amazon/view/126814-exam-aws-certified-solutions-architect-professional-sap-c02/
347	126815	903049	2024-11-17 3:57	/discussions/amazon/view/126815-exam-aws-certified-solutions-architect-professional-sap-c02/
348	126817	903050	2025-02-07 22:07	/discussions/amazon/view/126817-exam-aws-certified-solutions-architect-professional-sap-c02/
349	126819	903051	2025-11-26 14:59	/discussions/amazon/view/126819-exam-aws-certified-solutions-architect-professional-sap-c02/
350	127000	903052	2024-07-16 16:56	/discussions/amazon/view/127000-exam-aws-certified-solutions-architect-professional-sap-c02/
351	126820	903053	2025-03-10 2:28	/discussions/amazon/view/126820-exam-aws-certified-solutions-architect-professional-sap-c02/
352	126904	903054	2024-01-10 0:55	/discussions/amazon/view/126904-exam-aws-certified-solutions-architect-professional-sap-c02/
353	126822	903055	2025-11-27 9:39	/discussions/amazon/view/126822-exam-aws-certified-solutions-architect-professional-sap-c02/
354	126823	903056	2025-07-09 3:07	/discussions/amazon/view/126823-exam-aws-certified-solutions-architect-professional-sap-c02/
355	126824	903057	2024-08-12 11:34	/discussions/amazon/view/126824-exam-aws-certified-solutions-architect-professional-sap-c02/
356	126825	903058	2024-03-13 19:58	/discussions/amazon/view/126825-exam-aws-certified-solutions-architect-professional-sap-c02/
357	126920	903059	2025-06-23 1:22	/discussions/amazon/view/126920-exam-aws-certified-solutions-architect-professional-sap-c02/
358	127001	903060	2024-11-16 23:06	/discussions/amazon/view/127001-exam-aws-certified-solutions-architect-professional-sap-c02/
359	126921	903061	2025-03-24 10:27	/discussions/amazon/view/126921-exam-aws-certified-solutions-architect-professional-sap-c02/
360	126826	903062	2025-03-24 10:49	/discussions/amazon/view/126826-exam-aws-certified-solutions-architect-professional-sap-c02/
361	126827	903063	2025-11-27 11:03	/discussions/amazon/view/126827-exam-aws-certified-solutions-architect-professional-sap-c02/
362	126828	903064	2025-11-25 0:16	/discussions/amazon/view/126828-exam-aws-certified-solutions-architect-professional-sap-c02/
363	126829	903065	2024-11-16 22:50	/discussions/amazon/view/126829-exam-aws-certified-solutions-architect-professional-sap-c02/
364	126830	903066	2025-07-09 4:04	/discussions/amazon/view/126830-exam-aws-certified-solutions-architect-professional-sap-c02/
365	126831	903067	2025-02-17 19:04	/discussions/amazon/view/126831-exam-aws-certified-solutions-architect-professional-sap-c02/
366	126832	903068	2024-11-16 22:41	/discussions/amazon/view/126832-exam-aws-certified-solutions-architect-professional-sap-c02/
367	126833	903069	2024-11-16 22:37	/discussions/amazon/view/126833-exam-aws-certified-solutions-architect-professional-sap-c02/
368	126834	903070	2024-11-16 22:32	/discussions/amazon/view/126834-exam-aws-certified-solutions-architect-professional-sap-c02/
369	126835	903071	2024-11-16 22:28	/discussions/amazon/view/126835-exam-aws-certified-solutions-architect-professional-sap-c02/
370	126836	903072	2024-11-16 22:24	/discussions/amazon/view/126836-exam-aws-certified-solutions-architect-professional-sap-c02/
371	126928	903073	2024-11-16 22:20	/discussions/amazon/view/126928-exam-aws-certified-solutions-architect-professional-sap-c02/
372	126932	903074	2024-11-16 22:16	/discussions/amazon/view/126932-exam-aws-certified-solutions-architect-professional-sap-c02/
373	126933	903075	2025-04-02 19:28	/discussions/amazon/view/126933-exam-aws-certified-solutions-architect-professional-sap-c02/
374	126837	903076	2024-11-16 22:10	/discussions/amazon/view/126837-exam-aws-certified-solutions-architect-professional-sap-c02/
375	126838	903077	2025-06-25 3:48	/discussions/amazon/view/126838-exam-aws-certified-solutions-architect-professional-sap-c02/
376	126839	903078	2025-11-27 14:10	/discussions/amazon/view/126839-exam-aws-certified-solutions-architect-professional-sap-c02/
377	126935	903079	2025-03-26 23:47	/discussions/amazon/view/126935-exam-aws-certified-solutions-architect-professional-sap-c02/
378	126840	903080	2025-04-12 4:34	/discussions/amazon/view/126840-exam-aws-certified-solutions-architect-professional-sap-c02/
379	126841	903081	2024-12-01 12:03	/discussions/amazon/view/126841-exam-aws-certified-solutions-architect-professional-sap-c02/
380	126842	903082	2025-12-07 16:28	/discussions/amazon/view/126842-exam-aws-certified-solutions-architect-professional-sap-c02/
381	126843	903083	2024-11-16 21:35	/discussions/amazon/view/126843-exam-aws-certified-solutions-architect-professional-sap-c02/
382	126844	903084	2024-02-28 22:32	/discussions/amazon/view/126844-exam-aws-certified-solutions-architect-professional-sap-c02/
383	126845	903085	2024-01-10 19:15	/discussions/amazon/view/126845-exam-aws-certified-solutions-architect-professional-sap-c02/
384	126846	903086	2024-03-23 12:03	/discussions/amazon/view/126846-exam-aws-certified-solutions-architect-professional-sap-c02/
385	126937	903087	2024-02-14 20:38	/discussions/amazon/view/126937-exam-aws-certified-solutions-architect-professional-sap-c02/
386	126939	903088	2024-11-10 10:16	/discussions/amazon/view/126939-exam-aws-certified-solutions-architect-professional-sap-c02/
387	126940	903089	2024-01-10 19:40	/discussions/amazon/view/126940-exam-aws-certified-solutions-architect-professional-sap-c02/
388	126847	903090	2024-12-02 2:52	/discussions/amazon/view/126847-exam-aws-certified-solutions-architect-professional-sap-c02/
389	126954	903091	2024-11-29 9:56	/discussions/amazon/view/126954-exam-aws-certified-solutions-architect-professional-sap-c02/
390	126955	903092	2025-08-06 10:23	/discussions/amazon/view/126955-exam-aws-certified-solutions-architect-professional-sap-c02/
391	126848	903093	2024-01-31 12:47	/discussions/amazon/view/126848-exam-aws-certified-solutions-architect-professional-sap-c02/
392	126849	903094	2025-12-07 17:33	/discussions/amazon/view/126849-exam-aws-certified-solutions-architect-professional-sap-c02/
393	126850	903095	2024-01-10 20:01	/discussions/amazon/view/126850-exam-aws-certified-solutions-architect-professional-sap-c02/
394	126958	903096	2025-12-07 17:45	/discussions/amazon/view/126958-exam-aws-certified-solutions-architect-professional-sap-c02/
395	126851	903097	2025-04-07 15:39	/discussions/amazon/view/126851-exam-aws-certified-solutions-architect-professional-sap-c02/
396	126852	903098	2025-02-12 17:33	/discussions/amazon/view/126852-exam-aws-certified-solutions-architect-professional-sap-c02/
397	126853	903099	2024-08-20 14:12	/discussions/amazon/view/126853-exam-aws-certified-solutions-architect-professional-sap-c02/
398	126854	903100	2025-07-16 22:32	/discussions/amazon/view/126854-exam-aws-certified-solutions-architect-professional-sap-c02/
399	126855	903101	2024-12-26 0:28	/discussions/amazon/view/126855-exam-aws-certified-solutions-architect-professional-sap-c02/
400	126856	903102	2025-06-25 11:05	/discussions/amazon/view/126856-exam-aws-certified-solutions-architect-professional-sap-c02/
401	126960	903103	2025-12-13 18:30	/discussions/amazon/view/126960-exam-aws-certified-solutions-architect-professional-sap-c02/
402	126961	903104	2024-05-06 1:28	/discussions/amazon/view/126961-exam-aws-certified-solutions-architect-professional-sap-c02/
403	126962	903105	2024-04-14 10:56	/discussions/amazon/view/126962-exam-aws-certified-solutions-architect-professional-sap-c02/
404	126857	903106	2025-04-12 10:33	/discussions/amazon/view/126857-exam-aws-certified-solutions-architect-professional-sap-c02/
405	126963	903107	2025-09-09 4:09	/discussions/amazon/view/126963-exam-aws-certified-solutions-architect-professional-sap-c02/
406	126859	903108	2024-11-12 0:20	/discussions/amazon/view/126859-exam-aws-certified-solutions-architect-professional-sap-c02/
407	126860	903109	2025-11-29 13:38	/discussions/amazon/view/126860-exam-aws-certified-solutions-architect-professional-sap-c02/
408	126964	903110	2024-11-12 0:14	/discussions/amazon/view/126964-exam-aws-certified-solutions-architect-professional-sap-c02/
409	126861	903111	2024-11-12 0:11	/discussions/amazon/view/126861-exam-aws-certified-solutions-architect-professional-sap-c02/
410	126862	903112	2025-11-10 15:50	/discussions/amazon/view/126862-exam-aws-certified-solutions-architect-professional-sap-c02/
411	130043	907465	2024-03-09 8:18	/discussions/amazon/view/130043-exam-aws-certified-solutions-architect-professional-sap-c02/
412	132873	910474	2024-11-12 0:02	/discussions/amazon/view/132873-exam-aws-certified-solutions-architect-professional-sap-c02/
413	132877	910475	2024-11-14 6:04	/discussions/amazon/view/132877-exam-aws-certified-solutions-architect-professional-sap-c02/
414	132878	910476	2024-11-25 0:35	/discussions/amazon/view/132878-exam-aws-certified-solutions-architect-professional-sap-c02/
415	132879	910477	2024-11-11 23:49	/discussions/amazon/view/132879-exam-aws-certified-solutions-architect-professional-sap-c02/
416	132884	910478	2025-12-12 6:55	/discussions/amazon/view/132884-exam-aws-certified-solutions-architect-professional-sap-c02/
417	132886	910479	2025-12-12 6:56	/discussions/amazon/view/132886-exam-aws-certified-solutions-architect-professional-sap-c02/
418	132896	910480	2024-11-11 23:26	/discussions/amazon/view/132896-exam-aws-certified-solutions-architect-professional-sap-c02/
419	132897	910481	2024-11-11 23:10	/discussions/amazon/view/132897-exam-aws-certified-solutions-architect-professional-sap-c02/
420	132898	910482	2025-07-26 18:50	/discussions/amazon/view/132898-exam-aws-certified-solutions-architect-professional-sap-c02/
421	132901	910483	2025-07-26 19:40	/discussions/amazon/view/132901-exam-aws-certified-solutions-architect-professional-sap-c02/
422	132903	910484	2024-11-11 21:14	/discussions/amazon/view/132903-exam-aws-certified-solutions-architect-professional-sap-c02/
423	132905	910485	2025-09-07 11:13	/discussions/amazon/view/132905-exam-aws-certified-solutions-architect-professional-sap-c02/
424	132908	910486	2024-11-11 21:03	/discussions/amazon/view/132908-exam-aws-certified-solutions-architect-professional-sap-c02/
425	132909	910487	2025-02-11 18:44	/discussions/amazon/view/132909-exam-aws-certified-solutions-architect-professional-sap-c02/
426	132927	910488	2025-07-07 22:58	/discussions/amazon/view/132927-exam-aws-certified-solutions-architect-professional-sap-c02/
427	132961	910489	2025-02-01 6:57	/discussions/amazon/view/132961-exam-aws-certified-solutions-architect-professional-sap-c02/
428	132963	910490	2024-11-26 0:32	/discussions/amazon/view/132963-exam-aws-certified-solutions-architect-professional-sap-c02/
429	132965	910491	2024-11-26 0:39	/discussions/amazon/view/132965-exam-aws-certified-solutions-architect-professional-sap-c02/
430	132972	910492	2025-12-19 19:48	/discussions/amazon/view/132972-exam-aws-certified-solutions-architect-professional-sap-c02/
431	132984	910493	2024-11-22 3:46	/discussions/amazon/view/132984-exam-aws-certified-solutions-architect-professional-sap-c02/
432	132985	910494	2024-11-11 20:20	/discussions/amazon/view/132985-exam-aws-certified-solutions-architect-professional-sap-c02/
433	133225	910495	2025-12-13 20:23	/discussions/amazon/view/133225-exam-aws-certified-solutions-architect-professional-sap-c02/
434	132986	910496	2024-11-15 5:10	/discussions/amazon/view/132986-exam-aws-certified-solutions-architect-professional-sap-c02/
435	132987	910497	2025-09-02 12:24	/discussions/amazon/view/132987-exam-aws-certified-solutions-architect-professional-sap-c02/
436	132988	910498	2024-11-11 20:02	/discussions/amazon/view/132988-exam-aws-certified-solutions-architect-professional-sap-c02/
437	132989	910499	2024-11-11 19:58	/discussions/amazon/view/132989-exam-aws-certified-solutions-architect-professional-sap-c02/
438	132872	910500	2024-11-11 19:53	/discussions/amazon/view/132872-exam-aws-certified-solutions-architect-professional-sap-c02/
439	132990	910501	2025-02-12 13:40	/discussions/amazon/view/132990-exam-aws-certified-solutions-architect-professional-sap-c02/
440	132992	910502	2025-09-19 1:35	/discussions/amazon/view/132992-exam-aws-certified-solutions-architect-professional-sap-c02/
441	132869	910503	2025-08-12 18:15	/discussions/amazon/view/132869-exam-aws-certified-solutions-architect-professional-sap-c02/
442	132993	910504	2024-11-15 6:19	/discussions/amazon/view/132993-exam-aws-certified-solutions-architect-professional-sap-c02/
443	136546	914254	2025-02-19 6:14	/discussions/amazon/view/136546-exam-aws-certified-solutions-architect-professional-sap-c02/
444	136548	914255	2025-12-13 21:15	/discussions/amazon/view/136548-exam-aws-certified-solutions-architect-professional-sap-c02/
445	136549	914256	2024-11-16 1:56	/discussions/amazon/view/136549-exam-aws-certified-solutions-architect-professional-sap-c02/
446	136551	914257	2024-11-11 2:54	/discussions/amazon/view/136551-exam-aws-certified-solutions-architect-professional-sap-c02/
447	136552	914258	2025-09-03 7:08	/discussions/amazon/view/136552-exam-aws-certified-solutions-architect-professional-sap-c02/
448	136553	914259	2025-11-30 11:24	/discussions/amazon/view/136553-exam-aws-certified-solutions-architect-professional-sap-c02/
449	136558	914260	2025-11-27 2:00	/discussions/amazon/view/136558-exam-aws-certified-solutions-architect-professional-sap-c02/
450	136559	914261	2025-08-12 16:04	/discussions/amazon/view/136559-exam-aws-certified-solutions-architect-professional-sap-c02/
451	136560	914262	2025-07-03 9:17	/discussions/amazon/view/136560-exam-aws-certified-solutions-architect-professional-sap-c02/
452	136587	914263	2024-03-25 4:25	/discussions/amazon/view/136587-exam-aws-certified-solutions-architect-professional-sap-c02/
453	136589	914264	2024-10-14 15:52	/discussions/amazon/view/136589-exam-aws-certified-solutions-architect-professional-sap-c02/
454	136593	914265	2024-11-16 3:38	/discussions/amazon/view/136593-exam-aws-certified-solutions-architect-professional-sap-c02/
455	136565	914266	2025-04-16 16:44	/discussions/amazon/view/136565-exam-aws-certified-solutions-architect-professional-sap-c02/
456	136597	914267	2024-11-10 22:07	/discussions/amazon/view/136597-exam-aws-certified-solutions-architect-professional-sap-c02/
457	136604	914268	2024-04-29 18:16	/discussions/amazon/view/136604-exam-aws-certified-solutions-architect-professional-sap-c02/
458	136611	914269	2025-06-24 9:32	/discussions/amazon/view/136611-exam-aws-certified-solutions-architect-professional-sap-c02/
459	136613	914270	2024-11-16 4:36	/discussions/amazon/view/136613-exam-aws-certified-solutions-architect-professional-sap-c02/
460	136615	914271	2024-11-10 21:42	/discussions/amazon/view/136615-exam-aws-certified-solutions-architect-professional-sap-c02/
461	136621	914272	2024-11-10 21:35	/discussions/amazon/view/136621-exam-aws-certified-solutions-architect-professional-sap-c02/
462	136624	914273	2025-02-20 7:13	/discussions/amazon/view/136624-exam-aws-certified-solutions-architect-professional-sap-c02/
463	136627	914274	2024-09-15 6:03	/discussions/amazon/view/136627-exam-aws-certified-solutions-architect-professional-sap-c02/
464	136629	914275	2024-12-11 20:19	/discussions/amazon/view/136629-exam-aws-certified-solutions-architect-professional-sap-c02/
465	136641	914276	2024-11-10 20:40	/discussions/amazon/view/136641-exam-aws-certified-solutions-architect-professional-sap-c02/
466	136643	914277	2024-04-09 6:53	/discussions/amazon/view/136643-exam-aws-certified-solutions-architect-professional-sap-c02/
467	136646	914278	2025-12-04 10:35	/discussions/amazon/view/136646-exam-aws-certified-solutions-architect-professional-sap-c02/
468	136647	914279	2024-11-10 20:17	/discussions/amazon/view/136647-exam-aws-certified-solutions-architect-professional-sap-c02/
469	136648	914280	2024-11-10 20:12	/discussions/amazon/view/136648-exam-aws-certified-solutions-architect-professional-sap-c02/
470	136650	914281	2025-11-30 14:17	/discussions/amazon/view/136650-exam-aws-certified-solutions-architect-professional-sap-c02/
471	136653	914282	2025-09-19 4:12	/discussions/amazon/view/136653-exam-aws-certified-solutions-architect-professional-sap-c02/
472	136654	914283	2025-12-08 14:40	/discussions/amazon/view/136654-exam-aws-certified-solutions-architect-professional-sap-c02/
473	136655	914284	2025-07-18 19:31	/discussions/amazon/view/136655-exam-aws-certified-solutions-architect-professional-sap-c02/
474	136656	914285	2025-09-19 4:30	/discussions/amazon/view/136656-exam-aws-certified-solutions-architect-professional-sap-c02/
475	136658	914286	2025-02-11 19:21	/discussions/amazon/view/136658-exam-aws-certified-solutions-architect-professional-sap-c02/
476	136659	914287	2025-09-04 13:59	/discussions/amazon/view/136659-exam-aws-certified-solutions-architect-professional-sap-c02/
477	138593	917352	2024-10-15 12:23	/discussions/amazon/view/138593-exam-aws-certified-solutions-architect-professional-sap-c02/
478	138594	917353	2024-11-10 3:33	/discussions/amazon/view/138594-exam-aws-certified-solutions-architect-professional-sap-c02/
479	138597	917354	2025-11-19 17:19	/discussions/amazon/view/138597-exam-aws-certified-solutions-architect-professional-sap-c02/
480	138598	917355	2024-12-03 13:56	/discussions/amazon/view/138598-exam-aws-certified-solutions-architect-professional-sap-c02/
481	138599	917356	2024-11-10 3:19	/discussions/amazon/view/138599-exam-aws-certified-solutions-architect-professional-sap-c02/
482	142919	923074	2024-11-10 3:15	/discussions/amazon/view/142919-exam-aws-certified-solutions-architect-professional-sap-c02/
483	142914	923075	2025-10-25 14:33	/discussions/amazon/view/142914-exam-aws-certified-solutions-architect-professional-sap-c02/
484	142915	923076	2025-02-21 7:35	/discussions/amazon/view/142915-exam-aws-certified-solutions-architect-professional-sap-c02/
485	142920	923077	2024-07-06 21:29	/discussions/amazon/view/142920-exam-aws-certified-solutions-architect-professional-sap-c02/
486	142921	923078	2024-12-07 18:35	/discussions/amazon/view/142921-exam-aws-certified-solutions-architect-professional-sap-c02/
487	142922	923079	2025-05-26 10:04	/discussions/amazon/view/142922-exam-aws-certified-solutions-architect-professional-sap-c02/
488	142923	923080	2024-11-16 21:47	/discussions/amazon/view/142923-exam-aws-certified-solutions-architect-professional-sap-c02/
489	142924	923081	2024-12-09 9:32	/discussions/amazon/view/142924-exam-aws-certified-solutions-architect-professional-sap-c02/
490	142969	923082	2025-02-21 9:28	/discussions/amazon/view/142969-exam-aws-certified-solutions-architect-professional-sap-c02/
491	142925	923083	2024-11-17 2:44	/discussions/amazon/view/142925-exam-aws-certified-solutions-architect-professional-sap-c02/
492	142926	923084	2024-11-17 2:47	/discussions/amazon/view/142926-exam-aws-certified-solutions-architect-professional-sap-c02/
493	142927	923085	2024-11-17 2:49	/discussions/amazon/view/142927-exam-aws-certified-solutions-architect-professional-sap-c02/
494	142930	923086	2024-11-28 2:47	/discussions/amazon/view/142930-exam-aws-certified-solutions-architect-professional-sap-c02/
495	142931	923087	2024-11-28 2:42	/discussions/amazon/view/142931-exam-aws-certified-solutions-architect-professional-sap-c02/
496	142932	923088	2024-12-03 11:08	/discussions/amazon/view/142932-exam-aws-certified-solutions-architect-professional-sap-c02/
497	142995	923089	2024-10-13 1:54	/discussions/amazon/view/142995-exam-aws-certified-solutions-architect-professional-sap-c02/
498	142996	923090	2024-12-27 20:39	/discussions/amazon/view/142996-exam-aws-certified-solutions-architect-professional-sap-c02/
499	142933	923091	2025-02-12 0:30	/discussions/amazon/view/142933-exam-aws-certified-solutions-architect-professional-sap-c02/
500	142934	923092	2025-10-02 18:11	/discussions/amazon/view/142934-exam-aws-certified-solutions-architect-professional-sap-c02/
501	142997	923093	2025-12-03 12:16	/discussions/amazon/view/142997-exam-aws-certified-solutions-architect-professional-sap-c02/
502	142971	923094	2024-11-17 3:01	/discussions/amazon/view/142971-exam-aws-certified-solutions-architect-professional-sap-c02/
503	142972	923095	2025-07-13 3:34	/discussions/amazon/view/142972-exam-aws-certified-solutions-architect-professional-sap-c02/
504	142998	923096	2024-12-03 12:08	/discussions/amazon/view/142998-exam-aws-certified-solutions-architect-professional-sap-c02/
505	142999	923097	2024-07-06 8:15	/discussions/amazon/view/142999-exam-aws-certified-solutions-architect-professional-sap-c02/
506	143000	923098	2024-12-03 12:18	/discussions/amazon/view/143000-exam-aws-certified-solutions-architect-professional-sap-c02/
507	143001	923099	2025-12-03 13:09	/discussions/amazon/view/143001-exam-aws-certified-solutions-architect-professional-sap-c02/
508	143002	923100	2024-11-17 3:36	/discussions/amazon/view/143002-exam-aws-certified-solutions-architect-professional-sap-c02/
509	143003	923101	2025-06-25 17:26	/discussions/amazon/view/143003-exam-aws-certified-solutions-architect-professional-sap-c02/
510	143004	923102	2025-09-08 7:01	/discussions/amazon/view/143004-exam-aws-certified-solutions-architect-professional-sap-c02/
511	143048	923103	2025-07-13 4:35	/discussions/amazon/view/143048-exam-aws-certified-solutions-architect-professional-sap-c02/
512	143049	923104	2025-03-24 20:22	/discussions/amazon/view/143049-exam-aws-certified-solutions-architect-professional-sap-c02/
513	143050	923105	2024-09-17 3:48	/discussions/amazon/view/143050-exam-aws-certified-solutions-architect-professional-sap-c02/
514	143031	923106	2025-02-25 9:49	/discussions/amazon/view/143031-exam-aws-certified-solutions-architect-professional-sap-c02/
515	143032	923107	2024-10-13 17:25	/discussions/amazon/view/143032-exam-aws-certified-solutions-architect-professional-sap-c02/
516	143065	923108	2024-11-17 4:41	/discussions/amazon/view/143065-exam-aws-certified-solutions-architect-professional-sap-c02/
517	143064	923109	2024-11-26 2:35	/discussions/amazon/view/143064-exam-aws-certified-solutions-architect-professional-sap-c02/
518	143035	923110	2024-12-20 9:59	/discussions/amazon/view/143035-exam-aws-certified-solutions-architect-professional-sap-c02/
519	143206	923438	2024-10-31 2:11	/discussions/amazon/view/143206-exam-aws-certified-solutions-architect-professional-sap-c02/
520	143390	923439	2024-10-13 17:58	/discussions/amazon/view/143390-exam-aws-certified-solutions-architect-professional-sap-c02/
521	143205	923440	2024-12-28 0:31	/discussions/amazon/view/143205-exam-aws-certified-solutions-architect-professional-sap-c02/
522	143548	923441	2024-11-17 3:22	/discussions/amazon/view/143548-exam-aws-certified-solutions-architect-professional-sap-c02/
523	143190	923442	2024-11-25 0:33	/discussions/amazon/view/143190-exam-aws-certified-solutions-architect-professional-sap-c02/
524	143186	923443	2025-07-04 12:41	/discussions/amazon/view/143186-exam-aws-certified-solutions-architect-professional-sap-c02/
525	143134	923444	2025-11-04 21:01	/discussions/amazon/view/143134-exam-aws-certified-solutions-architect-professional-sap-c02/
526	143133	923445	2025-09-29 16:00	/discussions/amazon/view/143133-exam-aws-certified-solutions-architect-professional-sap-c02/
527	143132	923446	2025-12-14 8:59	/discussions/amazon/view/143132-exam-aws-certified-solutions-architect-professional-sap-c02/
528	143130	923447	2024-11-25 0:07	/discussions/amazon/view/143130-exam-aws-certified-solutions-architect-professional-sap-c02/
529	143123	923448	2025-12-31 15:23	/discussions/amazon/view/143123-exam-aws-certified-solutions-architect-professional-sap-c02/
