1	152098	935266	2025-06-29 2:47	/discussions/amazon/view/152098-exam-aws-certified-machine-learning-engineer-associate-mla/
2	152135	935267	2025-04-02 20:09	/discussions/amazon/view/152135-exam-aws-certified-machine-learning-engineer-associate-mla/
3	152136	935268	2025-09-23 14:31	/discussions/amazon/view/152136-exam-aws-certified-machine-learning-engineer-associate-mla/
4	152137	935269	2025-08-27 8:33	/discussions/amazon/view/152137-exam-aws-certified-machine-learning-engineer-associate-mla/
5	156754	935270	2025-08-08 17:30	/discussions/amazon/view/156754-exam-aws-certified-machine-learning-engineer-associate-mla/
6	156755	935271	2025-04-01 9:17	/discussions/amazon/view/156755-exam-aws-certified-machine-learning-engineer-associate-mla/
7	154557	935272	2025-02-05 5:16	/discussions/amazon/view/154557-exam-aws-certified-machine-learning-engineer-associate-mla/
8	156757	935273	2025-03-17 2:23	/discussions/amazon/view/156757-exam-aws-certified-machine-learning-engineer-associate-mla/
9	155580	935274	2025-02-24 15:55	/discussions/amazon/view/155580-exam-aws-certified-machine-learning-engineer-associate-mla/
10	152088	935275	2025-12-23 17:27	/discussions/amazon/view/152088-exam-aws-certified-machine-learning-engineer-associate-mla/
11	152145	935276	2025-12-14 7:14	/discussions/amazon/view/152145-exam-aws-certified-machine-learning-engineer-associate-mla/
12	152147	935277	2024-12-29 17:50	/discussions/amazon/view/152147-exam-aws-certified-machine-learning-engineer-associate-mla/
13	152148	935278	2025-07-09 14:17	/discussions/amazon/view/152148-exam-aws-certified-machine-learning-engineer-associate-mla/
14	152212	935279	2025-03-31 8:36	/discussions/amazon/view/152212-exam-aws-certified-machine-learning-engineer-associate-mla/
15	152149	935280	2024-12-31 17:12	/discussions/amazon/view/152149-exam-aws-certified-machine-learning-engineer-associate-mla/
16	152166	935281	2024-12-31 17:29	/discussions/amazon/view/152166-exam-aws-certified-machine-learning-engineer-associate-mla/
17	152167	935282	2025-03-18 11:05	/discussions/amazon/view/152167-exam-aws-certified-machine-learning-engineer-associate-mla/
18	152168	935283	2025-01-09 14:18	/discussions/amazon/view/152168-exam-aws-certified-machine-learning-engineer-associate-mla/
19	152169	935284	2025-06-01 15:51	/discussions/amazon/view/152169-exam-aws-certified-machine-learning-engineer-associate-mla/
20	152170	935285	2025-11-20 17:53	/discussions/amazon/view/152170-exam-aws-certified-machine-learning-engineer-associate-mla/
21	152171	935286	2024-11-27 20:56	/discussions/amazon/view/152171-exam-aws-certified-machine-learning-engineer-associate-mla/
22	152172	935287	2025-04-05 15:23	/discussions/amazon/view/152172-exam-aws-certified-machine-learning-engineer-associate-mla/
23	152173	935288	2024-11-28 19:22	/discussions/amazon/view/152173-exam-aws-certified-machine-learning-engineer-associate-mla/
24	152174	935289	2025-03-18 11:37	/discussions/amazon/view/152174-exam-aws-certified-machine-learning-engineer-associate-mla/
25	152175	935290	2025-03-30 5:34	/discussions/amazon/view/152175-exam-aws-certified-machine-learning-engineer-associate-mla/
26	152176	935291	2025-03-30 5:43	/discussions/amazon/view/152176-exam-aws-certified-machine-learning-engineer-associate-mla/
27	152177	935292	2025-11-20 19:29	/discussions/amazon/view/152177-exam-aws-certified-machine-learning-engineer-associate-mla/
28	152178	935293	2025-03-30 6:07	/discussions/amazon/view/152178-exam-aws-certified-machine-learning-engineer-associate-mla/
29	152090	935294	2025-01-21 14:51	/discussions/amazon/view/152090-exam-aws-certified-machine-learning-engineer-associate-mla/
30	152181	935295	2025-02-04 22:37	/discussions/amazon/view/152181-exam-aws-certified-machine-learning-engineer-associate-mla/
31	152182	935296	2025-11-20 19:52	/discussions/amazon/view/152182-exam-aws-certified-machine-learning-engineer-associate-mla/
32	152183	935297	2025-04-26 13:13	/discussions/amazon/view/152183-exam-aws-certified-machine-learning-engineer-associate-mla/
33	152184	935298	2024-12-04 15:26	/discussions/amazon/view/152184-exam-aws-certified-machine-learning-engineer-associate-mla/
34	152185	935299	2024-12-04 15:29	/discussions/amazon/view/152185-exam-aws-certified-machine-learning-engineer-associate-mla/
35	152186	935300	2024-12-04 15:57	/discussions/amazon/view/152186-exam-aws-certified-machine-learning-engineer-associate-mla/
36	152187	935301	2024-11-27 22:18	/discussions/amazon/view/152187-exam-aws-certified-machine-learning-engineer-associate-mla/
37	152188	935302	2024-12-04 16:17	/discussions/amazon/view/152188-exam-aws-certified-machine-learning-engineer-associate-mla/
38	152189	935303	2024-11-27 22:26	/discussions/amazon/view/152189-exam-aws-certified-machine-learning-engineer-associate-mla/
39	152190	935304	2025-07-04 17:49	/discussions/amazon/view/152190-exam-aws-certified-machine-learning-engineer-associate-mla/
40	152191	935305	2024-11-27 22:33	/discussions/amazon/view/152191-exam-aws-certified-machine-learning-engineer-associate-mla/
41	152192	935306	2025-03-21 15:31	/discussions/amazon/view/152192-exam-aws-certified-machine-learning-engineer-associate-mla/
42	152193	935307	2025-07-04 17:51	/discussions/amazon/view/152193-exam-aws-certified-machine-learning-engineer-associate-mla/
43	152194	935308	2024-11-27 22:37	/discussions/amazon/view/152194-exam-aws-certified-machine-learning-engineer-associate-mla/
44	152195	935309	2024-11-27 22:40	/discussions/amazon/view/152195-exam-aws-certified-machine-learning-engineer-associate-mla/
45	152091	935310	2025-03-31 8:43	/discussions/amazon/view/152091-exam-aws-certified-machine-learning-engineer-associate-mla/
46	152099	935311	2025-03-21 15:37	/discussions/amazon/view/152099-exam-aws-certified-machine-learning-engineer-associate-mla/
47	152196	935312	2025-11-21 4:00	/discussions/amazon/view/152196-exam-aws-certified-machine-learning-engineer-associate-mla/
48	152197	935313	1900-01-00 0:00	/discussions/amazon/view/152197-exam-aws-certified-machine-learning-engineer-associate-mla/
49	152198	935314	1900-01-00 0:00	/discussions/amazon/view/152198-exam-aws-certified-machine-learning-engineer-associate-mla/
50	152199	935315	2025-04-09 23:07	/discussions/amazon/view/152199-exam-aws-certified-machine-learning-engineer-associate-mla/
51	152200	935316	2025-04-09 23:07	/discussions/amazon/view/152200-exam-aws-certified-machine-learning-engineer-associate-mla/
52	152201	935317	2025-07-04 17:58	/discussions/amazon/view/152201-exam-aws-certified-machine-learning-engineer-associate-mla/
53	152202	935318	1900-01-00 0:00	/discussions/amazon/view/152202-exam-aws-certified-machine-learning-engineer-associate-mla/
54	152203	935319	1900-01-00 0:00	/discussions/amazon/view/152203-exam-aws-certified-machine-learning-engineer-associate-mla/
55	152204	935320	2025-03-21 15:44	/discussions/amazon/view/152204-exam-aws-certified-machine-learning-engineer-associate-mla/
56	152205	935321	2025-11-21 4:25	/discussions/amazon/view/152205-exam-aws-certified-machine-learning-engineer-associate-mla/
57	152206	935322	1900-01-00 0:00	/discussions/amazon/view/152206-exam-aws-certified-machine-learning-engineer-associate-mla/
58	152093	935323	2025-09-07 14:16	/discussions/amazon/view/152093-exam-aws-certified-machine-learning-engineer-associate-mla/
59	152209	935324	2025-07-04 18:07	/discussions/amazon/view/152209-exam-aws-certified-machine-learning-engineer-associate-mla/
60	152210	935325	2025-07-04 18:08	/discussions/amazon/view/152210-exam-aws-certified-machine-learning-engineer-associate-mla/
61	152217	935326	2024-12-04 13:15	/discussions/amazon/view/152217-exam-aws-certified-machine-learning-engineer-associate-mla/
62	152223	935327	2025-07-04 18:11	/discussions/amazon/view/152223-exam-aws-certified-machine-learning-engineer-associate-mla/
63	152224	935328	2024-12-04 12:55	/discussions/amazon/view/152224-exam-aws-certified-machine-learning-engineer-associate-mla/
64	152225	935329	2025-11-21 18:54	/discussions/amazon/view/152225-exam-aws-certified-machine-learning-engineer-associate-mla/
65	152226	935330	2024-12-04 11:53	/discussions/amazon/view/152226-exam-aws-certified-machine-learning-engineer-associate-mla/
66	152227	935331	2025-11-21 19:00	/discussions/amazon/view/152227-exam-aws-certified-machine-learning-engineer-associate-mla/
67	152228	935332	2025-07-04 18:15	/discussions/amazon/view/152228-exam-aws-certified-machine-learning-engineer-associate-mla/
68	152229	935333	2024-12-04 11:36	/discussions/amazon/view/152229-exam-aws-certified-machine-learning-engineer-associate-mla/
69	152230	935334	2024-12-04 11:33	/discussions/amazon/view/152230-exam-aws-certified-machine-learning-engineer-associate-mla/
70	152231	935335	2024-12-04 11:31	/discussions/amazon/view/152231-exam-aws-certified-machine-learning-engineer-associate-mla/
71	152232	935336	2025-07-06 15:13	/discussions/amazon/view/152232-exam-aws-certified-machine-learning-engineer-associate-mla/
72	152233	935337	2025-07-04 18:17	/discussions/amazon/view/152233-exam-aws-certified-machine-learning-engineer-associate-mla/
73	152234	935338	2025-12-11 21:51	/discussions/amazon/view/152234-exam-aws-certified-machine-learning-engineer-associate-mla/
74	152235	935339	2024-12-22 2:16	/discussions/amazon/view/152235-exam-aws-certified-machine-learning-engineer-associate-mla/
75	152288	935340	2025-12-31 17:41	/discussions/amazon/view/152288-exam-aws-certified-machine-learning-engineer-associate-mla/
76	152289	935341	2024-12-04 7:29	/discussions/amazon/view/152289-exam-aws-certified-machine-learning-engineer-associate-mla/
77	152292	935342	2024-12-04 7:40	/discussions/amazon/view/152292-exam-aws-certified-machine-learning-engineer-associate-mla/
78	152294	935343	2025-07-04 18:22	/discussions/amazon/view/152294-exam-aws-certified-machine-learning-engineer-associate-mla/
79	152295	935344	2024-12-04 9:04	/discussions/amazon/view/152295-exam-aws-certified-machine-learning-engineer-associate-mla/
80	152298	935345	2025-11-11 5:37	/discussions/amazon/view/152298-exam-aws-certified-machine-learning-engineer-associate-mla/
81	152299	935346	2025-03-31 5:05	/discussions/amazon/view/152299-exam-aws-certified-machine-learning-engineer-associate-mla/
82	152095	935347	2025-03-31 5:05	/discussions/amazon/view/152095-exam-aws-certified-machine-learning-engineer-associate-mla/
83	152305	935348	2025-03-31 5:09	/discussions/amazon/view/152305-exam-aws-certified-machine-learning-engineer-associate-mla/
84	152097	935349	2025-03-31 5:20	/discussions/amazon/view/152097-exam-aws-certified-machine-learning-engineer-associate-mla/
85	152310	935350	2025-03-31 5:21	/discussions/amazon/view/152310-exam-aws-certified-machine-learning-engineer-associate-mla/
86	168847	942036	2025-07-04 18:41	/discussions/amazon/view/168847-exam-aws-certified-machine-learning-engineer-associate-mla/
87	157315	942037	2025-12-31 17:53	/discussions/amazon/view/157315-exam-aws-certified-machine-learning-engineer-associate-mla/
88	157316	942038	2025-07-06 15:24	/discussions/amazon/view/157316-exam-aws-certified-machine-learning-engineer-associate-mla/
89	168853	942039	2025-03-31 5:30	/discussions/amazon/view/168853-exam-aws-certified-machine-learning-engineer-associate-mla/
90	169486	942040	2025-04-02 9:23	/discussions/amazon/view/169486-exam-aws-certified-machine-learning-engineer-associate-mla/
91	169487	942041	2025-07-04 18:58	/discussions/amazon/view/169487-exam-aws-certified-machine-learning-engineer-associate-mla/
92	169489	942042	2025-04-19 16:16	/discussions/amazon/view/169489-exam-aws-certified-machine-learning-engineer-associate-mla/
93	168854	942043	2025-07-04 19:00	/discussions/amazon/view/168854-exam-aws-certified-machine-learning-engineer-associate-mla/
94	310754	942044	2025-08-21 7:22	/discussions/amazon/view/310754-exam-aws-certified-machine-learning-engineer-associate-mla/
95	168855	942045	2025-07-04 19:01	/discussions/amazon/view/168855-exam-aws-certified-machine-learning-engineer-associate-mla/
96	168856	942046	2025-07-04 19:02	/discussions/amazon/view/168856-exam-aws-certified-machine-learning-engineer-associate-mla/
97	168857	942047	2025-09-29 23:10	/discussions/amazon/view/168857-exam-aws-certified-machine-learning-engineer-associate-mla/
98	168858	942048	1900-01-00 0:00	/discussions/amazon/view/168858-exam-aws-certified-machine-learning-engineer-associate-mla/
99	168859	942049	2025-07-04 19:12	/discussions/amazon/view/168859-exam-aws-certified-machine-learning-engineer-associate-mla/
100	168860	942050	2025-07-06 16:03	/discussions/amazon/view/168860-exam-aws-certified-machine-learning-engineer-associate-mla/
101	169494	942051	2025-07-06 16:03	/discussions/amazon/view/169494-exam-aws-certified-machine-learning-engineer-associate-mla/
102	168861	942052	2025-07-06 16:04	/discussions/amazon/view/168861-exam-aws-certified-machine-learning-engineer-associate-mla/
103	168862	942053	2025-07-04 19:18	/discussions/amazon/view/168862-exam-aws-certified-machine-learning-engineer-associate-mla/
104	169496	942054	2025-03-26 17:43	/discussions/amazon/view/169496-exam-aws-certified-machine-learning-engineer-associate-mla/
105	168863	942055	2025-07-04 19:19	/discussions/amazon/view/168863-exam-aws-certified-machine-learning-engineer-associate-mla/
106	168864	942056	2025-07-06 16:05	/discussions/amazon/view/168864-exam-aws-certified-machine-learning-engineer-associate-mla/
107	168865	942057	2025-09-29 23:22	/discussions/amazon/view/168865-exam-aws-certified-machine-learning-engineer-associate-mla/
108	157638	942058	2025-06-24 22:30	/discussions/amazon/view/157638-exam-aws-certified-machine-learning-engineer-associate-mla/
109	169506	942059	2025-07-06 16:06	/discussions/amazon/view/169506-exam-aws-certified-machine-learning-engineer-associate-mla/
110	168918	942060	2025-09-29 23:42	/discussions/amazon/view/168918-exam-aws-certified-machine-learning-engineer-associate-mla/
111	169509	942061	2025-07-06 16:08	/discussions/amazon/view/169509-exam-aws-certified-machine-learning-engineer-associate-mla/
112	169510	942062	2025-07-04 19:28	/discussions/amazon/view/169510-exam-aws-certified-machine-learning-engineer-associate-mla/
113	168979	942063	2025-09-30 22:53	/discussions/amazon/view/168979-exam-aws-certified-machine-learning-engineer-associate-mla/
114	169514	942064	2025-07-04 19:29	/discussions/amazon/view/169514-exam-aws-certified-machine-learning-engineer-associate-mla/
115	315658	968338	1900-01-00 0:00	/discussions/amazon/view/315658-exam-aws-certified-machine-learning-engineer-associate-mla/
116	315648	968339	1900-01-00 0:00	/discussions/amazon/view/315648-exam-aws-certified-machine-learning-engineer-associate-mla/
117	315647	968340	2025-11-14 22:44	/discussions/amazon/view/315647-exam-aws-certified-machine-learning-engineer-associate-mla/
118	315649	968341	1900-01-00 0:00	/discussions/amazon/view/315649-exam-aws-certified-machine-learning-engineer-associate-mla/
119	315656	968342	2025-11-17 15:44	/discussions/amazon/view/315656-exam-aws-certified-machine-learning-engineer-associate-mla/
120	315650	968343	2025-12-11 23:24	/discussions/amazon/view/315650-exam-aws-certified-machine-learning-engineer-associate-mla/
121	315657	968344	1900-01-00 0:00	/discussions/amazon/view/315657-exam-aws-certified-machine-learning-engineer-associate-mla/
122	315652	968345	2025-11-19 22:37	/discussions/amazon/view/315652-exam-aws-certified-machine-learning-engineer-associate-mla/
123	315654	968346	2025-12-27 17:04	/discussions/amazon/view/315654-exam-aws-certified-machine-learning-engineer-associate-mla/
124	315655	968347	2025-12-27 17:06	/discussions/amazon/view/315655-exam-aws-certified-machine-learning-engineer-associate-mla/
125	315646	968348	1900-01-00 0:00	/discussions/amazon/view/315646-exam-aws-certified-machine-learning-engineer-associate-mla/
126	315653	968349	2025-12-27 17:08	/discussions/amazon/view/315653-exam-aws-certified-machine-learning-engineer-associate-mla/
127	315651	968350	2025-12-27 17:10	/discussions/amazon/view/315651-exam-aws-certified-machine-learning-engineer-associate-mla/
128	315659	968351	2025-12-27 17:12	/discussions/amazon/view/315659-exam-aws-certified-machine-learning-engineer-associate-mla/
129	315664	968352	2025-12-27 17:14	/discussions/amazon/view/315664-exam-aws-certified-machine-learning-engineer-associate-mla/
130	315662	968353	2025-12-27 17:15	/discussions/amazon/view/315662-exam-aws-certified-machine-learning-engineer-associate-mla/
131	315663	968354	2025-12-27 17:18	/discussions/amazon/view/315663-exam-aws-certified-machine-learning-engineer-associate-mla/
132	315666	968355	2025-12-27 17:20	/discussions/amazon/view/315666-exam-aws-certified-machine-learning-engineer-associate-mla/
133	315661	968356	2025-12-27 17:20	/discussions/amazon/view/315661-exam-aws-certified-machine-learning-engineer-associate-mla/
134	315671	968357	2025-12-27 17:22	/discussions/amazon/view/315671-exam-aws-certified-machine-learning-engineer-associate-mla/
135	315675	968358	2025-12-27 17:23	/discussions/amazon/view/315675-exam-aws-certified-machine-learning-engineer-associate-mla/
136	315668	968359	2025-11-24 1:13	/discussions/amazon/view/315668-exam-aws-certified-machine-learning-engineer-associate-mla/
137	315667	968360	1900-01-00 0:00	/discussions/amazon/view/315667-exam-aws-certified-machine-learning-engineer-associate-mla/
138	315665	968361	1900-01-00 0:00	/discussions/amazon/view/315665-exam-aws-certified-machine-learning-engineer-associate-mla/
139	315673	968362	1900-01-00 0:00	/discussions/amazon/view/315673-exam-aws-certified-machine-learning-engineer-associate-mla/
140	315660	968363	1900-01-00 0:00	/discussions/amazon/view/315660-exam-aws-certified-machine-learning-engineer-associate-mla/
141	315669	968364	1900-01-00 0:00	/discussions/amazon/view/315669-exam-aws-certified-machine-learning-engineer-associate-mla/
142	315674	968365	1900-01-00 0:00	/discussions/amazon/view/315674-exam-aws-certified-machine-learning-engineer-associate-mla/
143	315670	968366	2025-12-09 22:58	/discussions/amazon/view/315670-exam-aws-certified-machine-learning-engineer-associate-mla/
144	315672	968367	2025-11-23 20:43	/discussions/amazon/view/315672-exam-aws-certified-machine-learning-engineer-associate-mla/
145	315477	968368	2025-11-23 19:02	/discussions/amazon/view/315477-exam-aws-certified-machine-learning-engineer-associate-mla/
