Exam AWS Certified DevOps Engineer - Professional DOP-C02 topic 1	1	105229 	879465	2025-09-04 3:00	/discussions/amazon/view/105229-exam-aws-certified-devops-engineer-professional-dop-c02/
Exam AWS Certified DevOps Engineer - Professional DOP-C02 topic 1	2	105230 	879466	2025-07-22 14:53	/discussions/amazon/view/105230-exam-aws-certified-devops-engineer-professional-dop-c02/
Exam AWS Certified DevOps Engineer - Professional DOP-C02 topic 1	3	105490 	879467	2024-11-23 23:18	/discussions/amazon/view/105490-exam-aws-certified-devops-engineer-professional-dop-c02/
Exam AWS Certified DevOps Engineer - Professional DOP-C02 topic 1	4	105332 	879468	2025-04-24 9:10	/discussions/amazon/view/105332-exam-aws-certified-devops-engineer-professional-dop-c02/
Exam AWS Certified DevOps Engineer - Professional DOP-C02 topic 1	5	105457 	879469	2025-04-17 16:53	/discussions/amazon/view/105457-exam-aws-certified-devops-engineer-professional-dop-c02/
Exam AWS Certified DevOps Engineer - Professional DOP-C02 topic 1	6	105265 	879470	2025-04-17 16:57	/discussions/amazon/view/105265-exam-aws-certified-devops-engineer-professional-dop-c02/
Exam AWS Certified DevOps Engineer - Professional DOP-C02 topic 1	7	105504 	879471	2024-11-12 13:15	/discussions/amazon/view/105504-exam-aws-certified-devops-engineer-professional-dop-c02/
Exam AWS Certified DevOps Engineer - Professional DOP-C02 topic 1	8	105266 	879472	2025-04-18 21:30	/discussions/amazon/view/105266-exam-aws-certified-devops-engineer-professional-dop-c02/
Exam AWS Certified DevOps Engineer - Professional DOP-C02 topic 1	9	105235 	879473	2024-02-22 19:14	/discussions/amazon/view/105235-exam-aws-certified-devops-engineer-professional-dop-c02/
Exam AWS Certified DevOps Engineer - Professional DOP-C02 topic 1	10	105505 	879474	2024-08-04 19:50	/discussions/amazon/view/105505-exam-aws-certified-devops-engineer-professional-dop-c02/
Exam AWS Certified DevOps Engineer - Professional DOP-C02 topic 1	11	105236 	879475	2024-08-06 17:42	/discussions/amazon/view/105236-exam-aws-certified-devops-engineer-professional-dop-c02/
Exam AWS Certified DevOps Engineer - Professional DOP-C02 topic 1	12	105508 	879476	2024-06-14 3:00	/discussions/amazon/view/105508-exam-aws-certified-devops-engineer-professional-dop-c02/
Exam AWS Certified DevOps Engineer - Professional DOP-C02 topic 1	13	105512 	879477	2025-01-25 12:04	/discussions/amazon/view/105512-exam-aws-certified-devops-engineer-professional-dop-c02/
Exam AWS Certified DevOps Engineer - Professional DOP-C02 topic 1	14	105513 	879478	2024-07-25 8:11	/discussions/amazon/view/105513-exam-aws-certified-devops-engineer-professional-dop-c02/
Exam AWS Certified DevOps Engineer - Professional DOP-C02 topic 1	15	105514 	879479	2024-08-06 17:59	/discussions/amazon/view/105514-exam-aws-certified-devops-engineer-professional-dop-c02/
Exam AWS Certified DevOps Engineer - Professional DOP-C02 topic 1	16	105519 	879480	2025-04-16 2:32	/discussions/amazon/view/105519-exam-aws-certified-devops-engineer-professional-dop-c02/
Exam AWS Certified DevOps Engineer - Professional DOP-C02 topic 1	17	105520 	879481	2024-05-11 15:39	/discussions/amazon/view/105520-exam-aws-certified-devops-engineer-professional-dop-c02/
Exam AWS Certified DevOps Engineer - Professional DOP-C02 topic 1	18	105239 	879482	2024-08-16 14:56	/discussions/amazon/view/105239-exam-aws-certified-devops-engineer-professional-dop-c02/
Exam AWS Certified DevOps Engineer - Professional DOP-C02 topic 1	19	105240 	879483	2025-04-18 6:39	/discussions/amazon/view/105240-exam-aws-certified-devops-engineer-professional-dop-c02/
Exam AWS Certified DevOps Engineer - Professional DOP-C02 topic 1	20	105242 	879484	2024-11-05 2:27	/discussions/amazon/view/105242-exam-aws-certified-devops-engineer-professional-dop-c02/
Exam AWS Certified DevOps Engineer - Professional DOP-C02 topic 1	21	105524 	879485	2025-08-04 9:06	/discussions/amazon/view/105524-exam-aws-certified-devops-engineer-professional-dop-c02/
Exam AWS Certified DevOps Engineer - Professional DOP-C02 topic 1	22	105243 	879486	2024-12-07 9:44	/discussions/amazon/view/105243-exam-aws-certified-devops-engineer-professional-dop-c02/
Exam AWS Certified DevOps Engineer - Professional DOP-C02 topic 1	23	105247 	879487	2025-12-30 3:26	/discussions/amazon/view/105247-exam-aws-certified-devops-engineer-professional-dop-c02/
Exam AWS Certified DevOps Engineer - Professional DOP-C02 topic 1	24	105569 	879488	2024-12-09 0:15	/discussions/amazon/view/105569-exam-aws-certified-devops-engineer-professional-dop-c02/
Exam AWS Certified DevOps Engineer - Professional DOP-C02 topic 1	25	105570 	879489	2024-07-25 9:47	/discussions/amazon/view/105570-exam-aws-certified-devops-engineer-professional-dop-c02/
Exam AWS Certified DevOps Engineer - Professional DOP-C02 topic 1	26	105335 	879490	2025-03-27 12:11	/discussions/amazon/view/105335-exam-aws-certified-devops-engineer-professional-dop-c02/
Exam AWS Certified DevOps Engineer - Professional DOP-C02 topic 1	27	105572 	879491	2024-02-29 22:27	/discussions/amazon/view/105572-exam-aws-certified-devops-engineer-professional-dop-c02/
Exam AWS Certified DevOps Engineer - Professional DOP-C02 topic 1	28	106206 	879492	2025-02-04 4:06	/discussions/amazon/view/106206-exam-aws-certified-devops-engineer-professional-dop-c02/
Exam AWS Certified DevOps Engineer - Professional DOP-C02 topic 1	29	106179 	879493	2025-03-29 21:52	/discussions/amazon/view/106179-exam-aws-certified-devops-engineer-professional-dop-c02/
Exam AWS Certified DevOps Engineer - Professional DOP-C02 topic 1	30	105252 	879494	2025-04-13 3:06	/discussions/amazon/view/105252-exam-aws-certified-devops-engineer-professional-dop-c02/
Exam AWS Certified DevOps Engineer - Professional DOP-C02 topic 1	31	105336 	879495	2024-03-08 14:13	/discussions/amazon/view/105336-exam-aws-certified-devops-engineer-professional-dop-c02/
Exam AWS Certified DevOps Engineer - Professional DOP-C02 topic 1	32	105337 	879496	2024-11-24 22:11	/discussions/amazon/view/105337-exam-aws-certified-devops-engineer-professional-dop-c02/
Exam AWS Certified DevOps Engineer - Professional DOP-C02 topic 1	33	106198 	879497	2024-02-20 6:45	/discussions/amazon/view/106198-exam-aws-certified-devops-engineer-professional-dop-c02/
Exam AWS Certified DevOps Engineer - Professional DOP-C02 topic 1	34	106213 	879498	2024-03-06 14:47	/discussions/amazon/view/106213-exam-aws-certified-devops-engineer-professional-dop-c02/
Exam AWS Certified DevOps Engineer - Professional DOP-C02 topic 1	35	106199 	879499	2024-05-31 5:12	/discussions/amazon/view/106199-exam-aws-certified-devops-engineer-professional-dop-c02/
Exam AWS Certified DevOps Engineer - Professional DOP-C02 topic 1	36	106261 	879500	2024-06-01 0:09	/discussions/amazon/view/106261-exam-aws-certified-devops-engineer-professional-dop-c02/
Exam AWS Certified DevOps Engineer - Professional DOP-C02 topic 1	37	106307 	879501	2023-11-26 17:21	/discussions/amazon/view/106307-exam-aws-certified-devops-engineer-professional-dop-c02/
Exam AWS Certified DevOps Engineer - Professional DOP-C02 topic 1	38	105438 	879502	2024-03-08 14:20	/discussions/amazon/view/105438-exam-aws-certified-devops-engineer-professional-dop-c02/
Exam AWS Certified DevOps Engineer - Professional DOP-C02 topic 1	39	106215 	879503	2024-08-18 1:59	/discussions/amazon/view/106215-exam-aws-certified-devops-engineer-professional-dop-c02/
Exam AWS Certified DevOps Engineer - Professional DOP-C02 topic 1	40	106309 	879504	2025-08-22 11:11	/discussions/amazon/view/106309-exam-aws-certified-devops-engineer-professional-dop-c02/
Exam AWS Certified DevOps Engineer - Professional DOP-C02 topic 1	41	106310 	879505	2024-09-04 20:43	/discussions/amazon/view/106310-exam-aws-certified-devops-engineer-professional-dop-c02/
Exam AWS Certified DevOps Engineer - Professional DOP-C02 topic 1	42	106311 	879506	2025-08-20 20:44	/discussions/amazon/view/106311-exam-aws-certified-devops-engineer-professional-dop-c02/
Exam AWS Certified DevOps Engineer - Professional DOP-C02 topic 1	43	106312 	879507	2024-07-26 4:48	/discussions/amazon/view/106312-exam-aws-certified-devops-engineer-professional-dop-c02/
Exam AWS Certified DevOps Engineer - Professional DOP-C02 topic 1	44	106274 	879508	2025-04-19 12:52	/discussions/amazon/view/106274-exam-aws-certified-devops-engineer-professional-dop-c02/
Exam AWS Certified DevOps Engineer - Professional DOP-C02 topic 1	45	105584 	879509	2024-07-26 5:00	/discussions/amazon/view/105584-exam-aws-certified-devops-engineer-professional-dop-c02/
Exam AWS Certified DevOps Engineer - Professional DOP-C02 topic 1	46	106272 	879510	2025-05-20 17:36	/discussions/amazon/view/106272-exam-aws-certified-devops-engineer-professional-dop-c02/
Exam AWS Certified DevOps Engineer - Professional DOP-C02 topic 1	47	106271 	879511	2025-02-23 7:15	/discussions/amazon/view/106271-exam-aws-certified-devops-engineer-professional-dop-c02/
Exam AWS Certified DevOps Engineer - Professional DOP-C02 topic 1	48	106270 	879512	2024-07-26 5:17	/discussions/amazon/view/106270-exam-aws-certified-devops-engineer-professional-dop-c02/
Exam AWS Certified DevOps Engineer - Professional DOP-C02 topic 1	49	106269 	879513	2025-02-28 0:14	/discussions/amazon/view/106269-exam-aws-certified-devops-engineer-professional-dop-c02/
Exam AWS Certified DevOps Engineer - Professional DOP-C02 topic 1	50	106268 	879514	2024-01-30 17:01	/discussions/amazon/view/106268-exam-aws-certified-devops-engineer-professional-dop-c02/
Exam AWS Certified DevOps Engineer - Professional DOP-C02 topic 1	51	106436 	879515	2024-05-01 18:38	/discussions/amazon/view/106436-exam-aws-certified-devops-engineer-professional-dop-c02/
Exam AWS Certified DevOps Engineer - Professional DOP-C02 topic 1	52	106267 	879516	2024-09-04 21:06	/discussions/amazon/view/106267-exam-aws-certified-devops-engineer-professional-dop-c02/
Exam AWS Certified DevOps Engineer - Professional DOP-C02 topic 1	53	105446 	879517	2024-02-22 8:54	/discussions/amazon/view/105446-exam-aws-certified-devops-engineer-professional-dop-c02/
Exam AWS Certified DevOps Engineer - Professional DOP-C02 topic 1	54	105492 	879518	2025-04-19 14:47	/discussions/amazon/view/105492-exam-aws-certified-devops-engineer-professional-dop-c02/
Exam AWS Certified DevOps Engineer - Professional DOP-C02 topic 1	55	106266 	879519	2024-01-31 14:37	/discussions/amazon/view/106266-exam-aws-certified-devops-engineer-professional-dop-c02/
Exam AWS Certified DevOps Engineer - Professional DOP-C02 topic 1	56	106265 	879520	2025-07-22 11:04	/discussions/amazon/view/106265-exam-aws-certified-devops-engineer-professional-dop-c02/
Exam AWS Certified DevOps Engineer - Professional DOP-C02 topic 1	57	106264 	879521	2025-08-27 3:00	/discussions/amazon/view/106264-exam-aws-certified-devops-engineer-professional-dop-c02/
Exam AWS Certified DevOps Engineer - Professional DOP-C02 topic 1	58	106441 	879522	2025-03-29 23:01	/discussions/amazon/view/106441-exam-aws-certified-devops-engineer-professional-dop-c02/
Exam AWS Certified DevOps Engineer - Professional DOP-C02 topic 1	59	106262 	879523	2025-04-19 16:23	/discussions/amazon/view/106262-exam-aws-certified-devops-engineer-professional-dop-c02/
Exam AWS Certified DevOps Engineer - Professional DOP-C02 topic 1	60	106260 	879524	2024-03-22 18:54	/discussions/amazon/view/106260-exam-aws-certified-devops-engineer-professional-dop-c02/
Exam AWS Certified DevOps Engineer - Professional DOP-C02 topic 1	61	106259 	879525	2024-06-27 18:35	/discussions/amazon/view/106259-exam-aws-certified-devops-engineer-professional-dop-c02/
Exam AWS Certified DevOps Engineer - Professional DOP-C02 topic 1	62	106442 	879526	2024-08-11 15:31	/discussions/amazon/view/106442-exam-aws-certified-devops-engineer-professional-dop-c02/
Exam AWS Certified DevOps Engineer - Professional DOP-C02 topic 1	63	106258 	879527	2024-02-01 16:10	/discussions/amazon/view/106258-exam-aws-certified-devops-engineer-professional-dop-c02/
Exam AWS Certified DevOps Engineer - Professional DOP-C02 topic 1	64	108077 	879528	2024-02-01 16:16	/discussions/amazon/view/108077-exam-aws-certified-devops-engineer-professional-dop-c02/
Exam AWS Certified DevOps Engineer - Professional DOP-C02 topic 1	65	106444 	879529	2025-05-15 18:50	/discussions/amazon/view/106444-exam-aws-certified-devops-engineer-professional-dop-c02/
Exam AWS Certified DevOps Engineer - Professional DOP-C02 topic 1	66	106219 	879530	2025-08-23 5:05	/discussions/amazon/view/106219-exam-aws-certified-devops-engineer-professional-dop-c02/
Exam AWS Certified DevOps Engineer - Professional DOP-C02 topic 1	67	105450 	879531	2024-07-26 9:12	/discussions/amazon/view/105450-exam-aws-certified-devops-engineer-professional-dop-c02/
Exam AWS Certified DevOps Engineer - Professional DOP-C02 topic 1	68	108354 	879532	2024-11-28 16:02	/discussions/amazon/view/108354-exam-aws-certified-devops-engineer-professional-dop-c02/
Exam AWS Certified DevOps Engineer - Professional DOP-C02 topic 1	69	108078 	879533	2025-05-14 19:49	/discussions/amazon/view/108078-exam-aws-certified-devops-engineer-professional-dop-c02/
Exam AWS Certified DevOps Engineer - Professional DOP-C02 topic 1	70	108414 	879534	2024-07-26 9:38	/discussions/amazon/view/108414-exam-aws-certified-devops-engineer-professional-dop-c02/
Exam AWS Certified DevOps Engineer - Professional DOP-C02 topic 1	71	108355 	879535	2024-11-13 7:42	/discussions/amazon/view/108355-exam-aws-certified-devops-engineer-professional-dop-c02/
Exam AWS Certified DevOps Engineer - Professional DOP-C02 topic 1	72	108356 	879536	2024-12-31 13:57	/discussions/amazon/view/108356-exam-aws-certified-devops-engineer-professional-dop-c02/
Exam AWS Certified DevOps Engineer - Professional DOP-C02 topic 1	73	105586 	879537	2024-07-26 9:45	/discussions/amazon/view/105586-exam-aws-certified-devops-engineer-professional-dop-c02/
Exam AWS Certified DevOps Engineer - Professional DOP-C02 topic 1	74	108079 	879538	2024-07-26 9:48	/discussions/amazon/view/108079-exam-aws-certified-devops-engineer-professional-dop-c02/
Exam AWS Certified DevOps Engineer - Professional DOP-C02 topic 1	75	108080 	879539	2023-12-25 7:48	/discussions/amazon/view/108080-exam-aws-certified-devops-engineer-professional-dop-c02/
Exam AWS Certified DevOps Engineer - Professional DOP-C02 topic 1	76	108608 	883131	2024-06-12 4:22	/discussions/amazon/view/108608-exam-aws-certified-devops-engineer-professional-dop-c02/
Exam AWS Certified DevOps Engineer - Professional DOP-C02 topic 1	77	108676 	883132	2025-05-14 20:30	/discussions/amazon/view/108676-exam-aws-certified-devops-engineer-professional-dop-c02/
Exam AWS Certified DevOps Engineer - Professional DOP-C02 topic 1	78	108678 	883133	2025-05-22 14:02	/discussions/amazon/view/108678-exam-aws-certified-devops-engineer-professional-dop-c02/
Exam AWS Certified DevOps Engineer - Professional DOP-C02 topic 1	79	108679 	883134	2024-02-02 17:25	/discussions/amazon/view/108679-exam-aws-certified-devops-engineer-professional-dop-c02/
Exam AWS Certified DevOps Engineer - Professional DOP-C02 topic 1	80	108586 	883135	2024-11-25 11:30	/discussions/amazon/view/108586-exam-aws-certified-devops-engineer-professional-dop-c02/
Exam AWS Certified DevOps Engineer - Professional DOP-C02 topic 1	81	109258 	883136	2025-07-10 15:45	/discussions/amazon/view/109258-exam-aws-certified-devops-engineer-professional-dop-c02/
Exam AWS Certified DevOps Engineer - Professional DOP-C02 topic 1	82	109261 	883137	2024-02-03 4:45	/discussions/amazon/view/109261-exam-aws-certified-devops-engineer-professional-dop-c02/
Exam AWS Certified DevOps Engineer - Professional DOP-C02 topic 1	83	108810 	883138	2024-09-06 12:12	/discussions/amazon/view/108810-exam-aws-certified-devops-engineer-professional-dop-c02/
Exam AWS Certified DevOps Engineer - Professional DOP-C02 topic 1	84	108811 	883139	2024-11-16 0:46	/discussions/amazon/view/108811-exam-aws-certified-devops-engineer-professional-dop-c02/
Exam AWS Certified DevOps Engineer - Professional DOP-C02 topic 1	85	109204 	883140	2024-02-03 5:23	/discussions/amazon/view/109204-exam-aws-certified-devops-engineer-professional-dop-c02/
Exam AWS Certified DevOps Engineer - Professional DOP-C02 topic 1	86	108587 	883141	2024-11-13 14:00	/discussions/amazon/view/108587-exam-aws-certified-devops-engineer-professional-dop-c02/
Exam AWS Certified DevOps Engineer - Professional DOP-C02 topic 1	87	109205 	883142	2025-06-19 5:08	/discussions/amazon/view/109205-exam-aws-certified-devops-engineer-professional-dop-c02/
Exam AWS Certified DevOps Engineer - Professional DOP-C02 topic 1	88	109206 	883143	2024-12-20 20:45	/discussions/amazon/view/109206-exam-aws-certified-devops-engineer-professional-dop-c02/
Exam AWS Certified DevOps Engineer - Professional DOP-C02 topic 1	89	109207 	883144	2025-04-20 10:29	/discussions/amazon/view/109207-exam-aws-certified-devops-engineer-professional-dop-c02/
Exam AWS Certified DevOps Engineer - Professional DOP-C02 topic 1	90	109209 	883145	2025-04-20 10:53	/discussions/amazon/view/109209-exam-aws-certified-devops-engineer-professional-dop-c02/
Exam AWS Certified DevOps Engineer - Professional DOP-C02 topic 1	91	109215 	883146	2024-06-14 22:38	/discussions/amazon/view/109215-exam-aws-certified-devops-engineer-professional-dop-c02/
Exam AWS Certified DevOps Engineer - Professional DOP-C02 topic 1	92	109216 	883147	2024-11-25 13:10	/discussions/amazon/view/109216-exam-aws-certified-devops-engineer-professional-dop-c02/
Exam AWS Certified DevOps Engineer - Professional DOP-C02 topic 1	93	108863 	883148	2024-12-06 21:14	/discussions/amazon/view/108863-exam-aws-certified-devops-engineer-professional-dop-c02/
Exam AWS Certified DevOps Engineer - Professional DOP-C02 topic 1	94	108864 	883149	2023-09-22 20:49	/discussions/amazon/view/108864-exam-aws-certified-devops-engineer-professional-dop-c02/
Exam AWS Certified DevOps Engineer - Professional DOP-C02 topic 1	95	109217 	883150	2024-12-06 22:29	/discussions/amazon/view/109217-exam-aws-certified-devops-engineer-professional-dop-c02/
Exam AWS Certified DevOps Engineer - Professional DOP-C02 topic 1	96	109218 	883151	2023-07-03 4:19	/discussions/amazon/view/109218-exam-aws-certified-devops-engineer-professional-dop-c02/
Exam AWS Certified DevOps Engineer - Professional DOP-C02 topic 1	97	109219 	883152	2025-05-23 18:02	/discussions/amazon/view/109219-exam-aws-certified-devops-engineer-professional-dop-c02/
Exam AWS Certified DevOps Engineer - Professional DOP-C02 topic 1	98	109220 	883153	2023-06-20 23:07	/discussions/amazon/view/109220-exam-aws-certified-devops-engineer-professional-dop-c02/
Exam AWS Certified DevOps Engineer - Professional DOP-C02 topic 1	99	108806 	883154	2025-03-29 23:58	/discussions/amazon/view/108806-exam-aws-certified-devops-engineer-professional-dop-c02/
Exam AWS Certified DevOps Engineer - Professional DOP-C02 topic 1	100	108805 	883155	2025-05-15 13:18	/discussions/amazon/view/108805-exam-aws-certified-devops-engineer-professional-dop-c02/
Exam AWS Certified DevOps Engineer - Professional DOP-C02 topic 1	101	109130 	883156	2025-08-18 12:15	/discussions/amazon/view/109130-exam-aws-certified-devops-engineer-professional-dop-c02/
Exam AWS Certified DevOps Engineer - Professional DOP-C02 topic 1	102	108803 	883157	2025-01-09 21:49	/discussions/amazon/view/108803-exam-aws-certified-devops-engineer-professional-dop-c02/
Exam AWS Certified DevOps Engineer - Professional DOP-C02 topic 1	103	109224 	883158	2024-05-02 12:42	/discussions/amazon/view/109224-exam-aws-certified-devops-engineer-professional-dop-c02/
Exam AWS Certified DevOps Engineer - Professional DOP-C02 topic 1	104	109237 	883159	2025-05-15 13:55	/discussions/amazon/view/109237-exam-aws-certified-devops-engineer-professional-dop-c02/
Exam AWS Certified DevOps Engineer - Professional DOP-C02 topic 1	105	109225 	883160	2024-04-14 7:33	/discussions/amazon/view/109225-exam-aws-certified-devops-engineer-professional-dop-c02/
Exam AWS Certified DevOps Engineer - Professional DOP-C02 topic 1	106	109226 	883161	2024-08-05 16:31	/discussions/amazon/view/109226-exam-aws-certified-devops-engineer-professional-dop-c02/
Exam AWS Certified DevOps Engineer - Professional DOP-C02 topic 1	107	109227 	883162	2025-08-30 9:02	/discussions/amazon/view/109227-exam-aws-certified-devops-engineer-professional-dop-c02/
Exam AWS Certified DevOps Engineer - Professional DOP-C02 topic 1	108	109228 	883163	2025-12-21 14:07	/discussions/amazon/view/109228-exam-aws-certified-devops-engineer-professional-dop-c02/
Exam AWS Certified DevOps Engineer - Professional DOP-C02 topic 1	109	108802 	883164	2024-04-19 16:36	/discussions/amazon/view/108802-exam-aws-certified-devops-engineer-professional-dop-c02/
Exam AWS Certified DevOps Engineer - Professional DOP-C02 topic 1	110	108749 	883165	2025-05-26 17:28	/discussions/amazon/view/108749-exam-aws-certified-devops-engineer-professional-dop-c02/
Exam AWS Certified DevOps Engineer - Professional DOP-C02 topic 1	111	108801 	883166	2024-04-19 17:33	/discussions/amazon/view/108801-exam-aws-certified-devops-engineer-professional-dop-c02/
Exam AWS Certified DevOps Engineer - Professional DOP-C02 topic 1	112	109044 	883167	2025-08-19 12:22	/discussions/amazon/view/109044-exam-aws-certified-devops-engineer-professional-dop-c02/
Exam AWS Certified DevOps Engineer - Professional DOP-C02 topic 1	113	109191 	883168	2025-05-26 17:45	/discussions/amazon/view/109191-exam-aws-certified-devops-engineer-professional-dop-c02/
Exam AWS Certified DevOps Engineer - Professional DOP-C02 topic 1	114	109533 	883169	2024-04-14 9:19	/discussions/amazon/view/109533-exam-aws-certified-devops-engineer-professional-dop-c02/
Exam AWS Certified DevOps Engineer - Professional DOP-C02 topic 1	115	108799 	883170	2025-12-21 16:47	/discussions/amazon/view/108799-exam-aws-certified-devops-engineer-professional-dop-c02/
Exam AWS Certified DevOps Engineer - Professional DOP-C02 topic 1	116	108798 	883171	2025-12-21 17:02	/discussions/amazon/view/108798-exam-aws-certified-devops-engineer-professional-dop-c02/
Exam AWS Certified DevOps Engineer - Professional DOP-C02 topic 1	117	109048 	883172	2025-05-27 14:21	/discussions/amazon/view/109048-exam-aws-certified-devops-engineer-professional-dop-c02/
Exam AWS Certified DevOps Engineer - Professional DOP-C02 topic 1	118	108792 	883173	2024-07-29 7:17	/discussions/amazon/view/108792-exam-aws-certified-devops-engineer-professional-dop-c02/
Exam AWS Certified DevOps Engineer - Professional DOP-C02 topic 1	119	109194 	883174	2024-08-05 17:08	/discussions/amazon/view/109194-exam-aws-certified-devops-engineer-professional-dop-c02/
Exam AWS Certified DevOps Engineer - Professional DOP-C02 topic 1	120	109195 	883175	2024-07-29 7:25	/discussions/amazon/view/109195-exam-aws-certified-devops-engineer-professional-dop-c02/
Exam AWS Certified DevOps Engineer - Professional DOP-C02 topic 1	121	108791 	883176	2024-12-21 16:14	/discussions/amazon/view/108791-exam-aws-certified-devops-engineer-professional-dop-c02/
Exam AWS Certified DevOps Engineer - Professional DOP-C02 topic 1	122	108790 	883177	2024-07-29 8:05	/discussions/amazon/view/108790-exam-aws-certified-devops-engineer-professional-dop-c02/
Exam AWS Certified DevOps Engineer - Professional DOP-C02 topic 1	123	109364 	883178	2024-04-14 10:29	/discussions/amazon/view/109364-exam-aws-certified-devops-engineer-professional-dop-c02/
Exam AWS Certified DevOps Engineer - Professional DOP-C02 topic 1	124	109365 	883179	2024-04-14 10:32	/discussions/amazon/view/109365-exam-aws-certified-devops-engineer-professional-dop-c02/
Exam AWS Certified DevOps Engineer - Professional DOP-C02 topic 1	125	109182 	883180	2024-08-02 9:01	/discussions/amazon/view/109182-exam-aws-certified-devops-engineer-professional-dop-c02/
Exam AWS Certified DevOps Engineer - Professional DOP-C02 topic 1	126	109183 	883181	2024-06-27 19:14	/discussions/amazon/view/109183-exam-aws-certified-devops-engineer-professional-dop-c02/
Exam AWS Certified DevOps Engineer - Professional DOP-C02 topic 1	127	109184 	883182	2024-09-23 9:50	/discussions/amazon/view/109184-exam-aws-certified-devops-engineer-professional-dop-c02/
Exam AWS Certified DevOps Engineer - Professional DOP-C02 topic 1	128	109366 	883183	2024-02-06 10:20	/discussions/amazon/view/109366-exam-aws-certified-devops-engineer-professional-dop-c02/
Exam AWS Certified DevOps Engineer - Professional DOP-C02 topic 1	129	109181 	883184	2024-09-23 10:03	/discussions/amazon/view/109181-exam-aws-certified-devops-engineer-professional-dop-c02/
Exam AWS Certified DevOps Engineer - Professional DOP-C02 topic 1	130	112704 	883185	2024-08-02 9:21	/discussions/amazon/view/112704-exam-aws-certified-devops-engineer-professional-dop-c02/
Exam AWS Certified DevOps Engineer - Professional DOP-C02 topic 1	131	112703 	888977	2024-02-06 16:24	/discussions/amazon/view/112703-exam-aws-certified-devops-engineer-professional-dop-c02/
Exam AWS Certified DevOps Engineer - Professional DOP-C02 topic 1	132	112702 	888978	2024-08-02 9:43	/discussions/amazon/view/112702-exam-aws-certified-devops-engineer-professional-dop-c02/
Exam AWS Certified DevOps Engineer - Professional DOP-C02 topic 1	133	112701 	888979	2025-05-29 17:39	/discussions/amazon/view/112701-exam-aws-certified-devops-engineer-professional-dop-c02/
Exam AWS Certified DevOps Engineer - Professional DOP-C02 topic 1	134	112699 	888980	2024-10-14 14:27	/discussions/amazon/view/112699-exam-aws-certified-devops-engineer-professional-dop-c02/
Exam AWS Certified DevOps Engineer - Professional DOP-C02 topic 1	135	119654 	894664	2025-04-20 16:37	/discussions/amazon/view/119654-exam-aws-certified-devops-engineer-professional-dop-c02/
Exam AWS Certified DevOps Engineer - Professional DOP-C02 topic 1	136	119637 	894665	2024-07-29 9:06	/discussions/amazon/view/119637-exam-aws-certified-devops-engineer-professional-dop-c02/
Exam AWS Certified DevOps Engineer - Professional DOP-C02 topic 1	137	119638 	894666	2024-07-29 9:10	/discussions/amazon/view/119638-exam-aws-certified-devops-engineer-professional-dop-c02/
Exam AWS Certified DevOps Engineer - Professional DOP-C02 topic 1	138	126917 	903481	2024-09-23 20:43	/discussions/amazon/view/126917-exam-aws-certified-devops-engineer-professional-dop-c02/
Exam AWS Certified DevOps Engineer - Professional DOP-C02 topic 1	139	127016 	903482	2025-02-08 0:58	/discussions/amazon/view/127016-exam-aws-certified-devops-engineer-professional-dop-c02/
Exam AWS Certified DevOps Engineer - Professional DOP-C02 topic 1	140	127270 	903483	2024-09-23 22:15	/discussions/amazon/view/127270-exam-aws-certified-devops-engineer-professional-dop-c02/
Exam AWS Certified DevOps Engineer - Professional DOP-C02 topic 1	141	126987 	903484	2024-08-21 18:08	/discussions/amazon/view/126987-exam-aws-certified-devops-engineer-professional-dop-c02/
Exam AWS Certified DevOps Engineer - Professional DOP-C02 topic 1	142	126988 	903485	2024-03-16 16:59	/discussions/amazon/view/126988-exam-aws-certified-devops-engineer-professional-dop-c02/
Exam AWS Certified DevOps Engineer - Professional DOP-C02 topic 1	143	126989 	903486	2025-07-09 23:57	/discussions/amazon/view/126989-exam-aws-certified-devops-engineer-professional-dop-c02/
Exam AWS Certified DevOps Engineer - Professional DOP-C02 topic 1	144	126990 	903487	2024-02-07 14:56	/discussions/amazon/view/126990-exam-aws-certified-devops-engineer-professional-dop-c02/
Exam AWS Certified DevOps Engineer - Professional DOP-C02 topic 1	145	127130 	903488	2024-06-26 0:23	/discussions/amazon/view/127130-exam-aws-certified-devops-engineer-professional-dop-c02/
Exam AWS Certified DevOps Engineer - Professional DOP-C02 topic 1	146	127013 	903489	2025-02-08 1:45	/discussions/amazon/view/127013-exam-aws-certified-devops-engineer-professional-dop-c02/
Exam AWS Certified DevOps Engineer - Professional DOP-C02 topic 1	147	126991 	903490	2025-05-15 16:52	/discussions/amazon/view/126991-exam-aws-certified-devops-engineer-professional-dop-c02/
Exam AWS Certified DevOps Engineer - Professional DOP-C02 topic 1	148	126992 	903491	2024-08-10 23:51	/discussions/amazon/view/126992-exam-aws-certified-devops-engineer-professional-dop-c02/
Exam AWS Certified DevOps Engineer - Professional DOP-C02 topic 1	149	129671 	907528	2025-06-02 14:21	/discussions/amazon/view/129671-exam-aws-certified-devops-engineer-professional-dop-c02/
Exam AWS Certified DevOps Engineer - Professional DOP-C02 topic 1	150	129690 	907529	2024-04-23 19:29	/discussions/amazon/view/129690-exam-aws-certified-devops-engineer-professional-dop-c02/
Exam AWS Certified DevOps Engineer - Professional DOP-C02 topic 1	151	129698 	907530	2025-07-10 12:18	/discussions/amazon/view/129698-exam-aws-certified-devops-engineer-professional-dop-c02/
Exam AWS Certified DevOps Engineer - Professional DOP-C02 topic 1	152	129672 	907531	2025-05-12 17:52	/discussions/amazon/view/129672-exam-aws-certified-devops-engineer-professional-dop-c02/
Exam AWS Certified DevOps Engineer - Professional DOP-C02 topic 1	153	129673 	907532	2025-01-03 2:04	/discussions/amazon/view/129673-exam-aws-certified-devops-engineer-professional-dop-c02/
Exam AWS Certified DevOps Engineer - Professional DOP-C02 topic 1	154	129674 	907533	2025-07-10 12:22	/discussions/amazon/view/129674-exam-aws-certified-devops-engineer-professional-dop-c02/
Exam AWS Certified DevOps Engineer - Professional DOP-C02 topic 1	155	129675 	907534	2024-11-25 6:36	/discussions/amazon/view/129675-exam-aws-certified-devops-engineer-professional-dop-c02/
Exam AWS Certified DevOps Engineer - Professional DOP-C02 topic 1	156	129676 	907535	2024-04-23 19:59	/discussions/amazon/view/129676-exam-aws-certified-devops-engineer-professional-dop-c02/
Exam AWS Certified DevOps Engineer - Professional DOP-C02 topic 1	157	129679 	907536	2025-02-04 13:51	/discussions/amazon/view/129679-exam-aws-certified-devops-engineer-professional-dop-c02/
Exam AWS Certified DevOps Engineer - Professional DOP-C02 topic 1	158	129680 	907537	2024-04-24 4:31	/discussions/amazon/view/129680-exam-aws-certified-devops-engineer-professional-dop-c02/
Exam AWS Certified DevOps Engineer - Professional DOP-C02 topic 1	159	129706 	907538	2024-03-16 15:36	/discussions/amazon/view/129706-exam-aws-certified-devops-engineer-professional-dop-c02/
Exam AWS Certified DevOps Engineer - Professional DOP-C02 topic 1	160	129829 	907539	2024-11-25 7:30	/discussions/amazon/view/129829-exam-aws-certified-devops-engineer-professional-dop-c02/
Exam AWS Certified DevOps Engineer - Professional DOP-C02 topic 1	161	129708 	907540	2024-09-07 21:50	/discussions/amazon/view/129708-exam-aws-certified-devops-engineer-professional-dop-c02/
Exam AWS Certified DevOps Engineer - Professional DOP-C02 topic 1	162	129682 	907541	2025-08-24 6:13	/discussions/amazon/view/129682-exam-aws-certified-devops-engineer-professional-dop-c02/
Exam AWS Certified DevOps Engineer - Professional DOP-C02 topic 1	163	129985 	907542	2025-11-08 8:40	/discussions/amazon/view/129985-exam-aws-certified-devops-engineer-professional-dop-c02/
Exam AWS Certified DevOps Engineer - Professional DOP-C02 topic 1	164	129710 	907543	2025-11-08 8:53	/discussions/amazon/view/129710-exam-aws-certified-devops-engineer-professional-dop-c02/
Exam AWS Certified DevOps Engineer - Professional DOP-C02 topic 1	165	129715 	907544	2024-07-30 4:38	/discussions/amazon/view/129715-exam-aws-certified-devops-engineer-professional-dop-c02/
Exam AWS Certified DevOps Engineer - Professional DOP-C02 topic 1	166	129720 	907545	2024-07-30 4:41	/discussions/amazon/view/129720-exam-aws-certified-devops-engineer-professional-dop-c02/
Exam AWS Certified DevOps Engineer - Professional DOP-C02 topic 1	167	129727 	907546	2024-05-21 10:01	/discussions/amazon/view/129727-exam-aws-certified-devops-engineer-professional-dop-c02/
Exam AWS Certified DevOps Engineer - Professional DOP-C02 topic 1	168	129832 	907547	2024-12-23 3:09	/discussions/amazon/view/129832-exam-aws-certified-devops-engineer-professional-dop-c02/
Exam AWS Certified DevOps Engineer - Professional DOP-C02 topic 1	169	129683 	907548	2024-04-24 17:54	/discussions/amazon/view/129683-exam-aws-certified-devops-engineer-professional-dop-c02/
Exam AWS Certified DevOps Engineer - Professional DOP-C02 topic 1	170	129732 	907549	2024-04-24 18:07	/discussions/amazon/view/129732-exam-aws-certified-devops-engineer-professional-dop-c02/
Exam AWS Certified DevOps Engineer - Professional DOP-C02 topic 1	171	129734 	907550	2025-04-20 22:09	/discussions/amazon/view/129734-exam-aws-certified-devops-engineer-professional-dop-c02/
Exam AWS Certified DevOps Engineer - Professional DOP-C02 topic 1	172	129685 	907551	2025-05-12 19:34	/discussions/amazon/view/129685-exam-aws-certified-devops-engineer-professional-dop-c02/
Exam AWS Certified DevOps Engineer - Professional DOP-C02 topic 1	173	129833 	907552	2024-09-10 8:21	/discussions/amazon/view/129833-exam-aws-certified-devops-engineer-professional-dop-c02/
Exam AWS Certified DevOps Engineer - Professional DOP-C02 topic 1	174	129736 	907553	2025-08-16 13:40	/discussions/amazon/view/129736-exam-aws-certified-devops-engineer-professional-dop-c02/
Exam AWS Certified DevOps Engineer - Professional DOP-C02 topic 1	175	129737 	907554	2025-08-24 7:52	/discussions/amazon/view/129737-exam-aws-certified-devops-engineer-professional-dop-c02/
Exam AWS Certified DevOps Engineer - Professional DOP-C02 topic 1	176	129686 	907555	2024-07-30 8:02	/discussions/amazon/view/129686-exam-aws-certified-devops-engineer-professional-dop-c02/
Exam AWS Certified DevOps Engineer - Professional DOP-C02 topic 1	177	129834 	907556	2024-04-25 8:03	/discussions/amazon/view/129834-exam-aws-certified-devops-engineer-professional-dop-c02/
Exam AWS Certified DevOps Engineer - Professional DOP-C02 topic 1	178	129687 	907557	2024-05-02 14:13	/discussions/amazon/view/129687-exam-aws-certified-devops-engineer-professional-dop-c02/
Exam AWS Certified DevOps Engineer - Professional DOP-C02 topic 1	179	129688 	907558	2024-04-25 8:30	/discussions/amazon/view/129688-exam-aws-certified-devops-engineer-professional-dop-c02/
Exam AWS Certified DevOps Engineer - Professional DOP-C02 topic 1	180	129689 	907559	2024-12-23 19:05	/discussions/amazon/view/129689-exam-aws-certified-devops-engineer-professional-dop-c02/
Exam AWS Certified DevOps Engineer - Professional DOP-C02 topic 1	181	129738 	907560	2024-10-08 20:55	/discussions/amazon/view/129738-exam-aws-certified-devops-engineer-professional-dop-c02/
Exam AWS Certified DevOps Engineer - Professional DOP-C02 topic 1	182	129692 	907561	2024-04-25 12:02	/discussions/amazon/view/129692-exam-aws-certified-devops-engineer-professional-dop-c02/
Exam AWS Certified DevOps Engineer - Professional DOP-C02 topic 1	183	129693 	907562	2025-07-10 20:00	/discussions/amazon/view/129693-exam-aws-certified-devops-engineer-professional-dop-c02/
Exam AWS Certified DevOps Engineer - Professional DOP-C02 topic 1	184	129694 	907563	2024-05-22 20:35	/discussions/amazon/view/129694-exam-aws-certified-devops-engineer-professional-dop-c02/
Exam AWS Certified DevOps Engineer - Professional DOP-C02 topic 1	185	129696 	907564	2024-08-06 7:23	/discussions/amazon/view/129696-exam-aws-certified-devops-engineer-professional-dop-c02/
Exam AWS Certified DevOps Engineer - Professional DOP-C02 topic 1	186	129699 	907565	2024-07-30 8:56	/discussions/amazon/view/129699-exam-aws-certified-devops-engineer-professional-dop-c02/
Exam AWS Certified DevOps Engineer - Professional DOP-C02 topic 1	187	129700 	907566	2024-04-14 3:27	/discussions/amazon/view/129700-exam-aws-certified-devops-engineer-professional-dop-c02/
Exam AWS Certified DevOps Engineer - Professional DOP-C02 topic 1	188	129701 	907567	2025-04-21 10:07	/discussions/amazon/view/129701-exam-aws-certified-devops-engineer-professional-dop-c02/
Exam AWS Certified DevOps Engineer - Professional DOP-C02 topic 1	189	129753 	907568	2024-04-14 3:41	/discussions/amazon/view/129753-exam-aws-certified-devops-engineer-professional-dop-c02/
Exam AWS Certified DevOps Engineer - Professional DOP-C02 topic 1	190	129758 	907569	2024-08-20 13:26	/discussions/amazon/view/129758-exam-aws-certified-devops-engineer-professional-dop-c02/
Exam AWS Certified DevOps Engineer - Professional DOP-C02 topic 1	191	129762 	907570	2024-08-15 18:23	/discussions/amazon/view/129762-exam-aws-certified-devops-engineer-professional-dop-c02/
Exam AWS Certified DevOps Engineer - Professional DOP-C02 topic 1	192	129703 	907571	2025-04-21 10:52	/discussions/amazon/view/129703-exam-aws-certified-devops-engineer-professional-dop-c02/
Exam AWS Certified DevOps Engineer - Professional DOP-C02 topic 1	193	129704 	907572	2024-08-23 15:34	/discussions/amazon/view/129704-exam-aws-certified-devops-engineer-professional-dop-c02/
Exam AWS Certified DevOps Engineer - Professional DOP-C02 topic 1	194	129705 	907573	2025-12-27 12:21	/discussions/amazon/view/129705-exam-aws-certified-devops-engineer-professional-dop-c02/
Exam AWS Certified DevOps Engineer - Professional DOP-C02 topic 1	195	133291 	909845	2024-07-26 14:18	/discussions/amazon/view/133291-exam-aws-certified-devops-engineer-professional-dop-c02/
Exam AWS Certified DevOps Engineer - Professional DOP-C02 topic 1	196	132880 	909846	2025-03-30 13:32	/discussions/amazon/view/132880-exam-aws-certified-devops-engineer-professional-dop-c02/
Exam AWS Certified DevOps Engineer - Professional DOP-C02 topic 1	197	133261 	909847	2024-12-24 23:16	/discussions/amazon/view/133261-exam-aws-certified-devops-engineer-professional-dop-c02/
Exam AWS Certified DevOps Engineer - Professional DOP-C02 topic 1	198	132881 	909848	2024-12-27 9:21	/discussions/amazon/view/132881-exam-aws-certified-devops-engineer-professional-dop-c02/
Exam AWS Certified DevOps Engineer - Professional DOP-C02 topic 1	199	133267 	909849	2025-04-21 12:11	/discussions/amazon/view/133267-exam-aws-certified-devops-engineer-professional-dop-c02/
Exam AWS Certified DevOps Engineer - Professional DOP-C02 topic 1	200	133298 	910862	2024-04-26 7:04	/discussions/amazon/view/133298-exam-aws-certified-devops-engineer-professional-dop-c02/
Exam AWS Certified DevOps Engineer - Professional DOP-C02 topic 1	201	133299 	910863	2025-08-24 12:45	/discussions/amazon/view/133299-exam-aws-certified-devops-engineer-professional-dop-c02/
Exam AWS Certified DevOps Engineer - Professional DOP-C02 topic 1	202	133300 	910864	2025-03-30 14:50	/discussions/amazon/view/133300-exam-aws-certified-devops-engineer-professional-dop-c02/
Exam AWS Certified DevOps Engineer - Professional DOP-C02 topic 1	203	133301 	910865	2024-09-26 6:46	/discussions/amazon/view/133301-exam-aws-certified-devops-engineer-professional-dop-c02/
Exam AWS Certified DevOps Engineer - Professional DOP-C02 topic 1	204	133302 	910866	2025-04-21 13:30	/discussions/amazon/view/133302-exam-aws-certified-devops-engineer-professional-dop-c02/
Exam AWS Certified DevOps Engineer - Professional DOP-C02 topic 1	205	133303 	910867	2024-08-04 14:20	/discussions/amazon/view/133303-exam-aws-certified-devops-engineer-professional-dop-c02/
Exam AWS Certified DevOps Engineer - Professional DOP-C02 topic 1	206	133304 	910868	2024-08-05 5:48	/discussions/amazon/view/133304-exam-aws-certified-devops-engineer-professional-dop-c02/
Exam AWS Certified DevOps Engineer - Professional DOP-C02 topic 1	207	133084 	910869	2025-08-24 13:07	/discussions/amazon/view/133084-exam-aws-certified-devops-engineer-professional-dop-c02/
Exam AWS Certified DevOps Engineer - Professional DOP-C02 topic 1	208	133085 	910870	2024-12-10 15:13	/discussions/amazon/view/133085-exam-aws-certified-devops-engineer-professional-dop-c02/
Exam AWS Certified DevOps Engineer - Professional DOP-C02 topic 1	209	133293 	910871	2024-12-16 11:52	/discussions/amazon/view/133293-exam-aws-certified-devops-engineer-professional-dop-c02/
Exam AWS Certified DevOps Engineer - Professional DOP-C02 topic 1	210	135847 	913732	2024-07-11 5:20	/discussions/amazon/view/135847-exam-aws-certified-devops-engineer-professional-dop-c02/
Exam AWS Certified DevOps Engineer - Professional DOP-C02 topic 1	211	135848 	913733	2024-08-16 9:18	/discussions/amazon/view/135848-exam-aws-certified-devops-engineer-professional-dop-c02/
Exam AWS Certified DevOps Engineer - Professional DOP-C02 topic 1	212	137360 	913734	2024-08-16 9:25	/discussions/amazon/view/137360-exam-aws-certified-devops-engineer-professional-dop-c02/
Exam AWS Certified DevOps Engineer - Professional DOP-C02 topic 1	213	136239 	913735	2025-03-30 15:17	/discussions/amazon/view/136239-exam-aws-certified-devops-engineer-professional-dop-c02/
Exam AWS Certified DevOps Engineer - Professional DOP-C02 topic 1	214	136241 	913736	2024-12-24 20:15	/discussions/amazon/view/136241-exam-aws-certified-devops-engineer-professional-dop-c02/
Exam AWS Certified DevOps Engineer - Professional DOP-C02 topic 1	215	136243 	913737	2025-12-02 7:14	/discussions/amazon/view/136243-exam-aws-certified-devops-engineer-professional-dop-c02/
Exam AWS Certified DevOps Engineer - Professional DOP-C02 topic 1	216	137361 	914809	2024-12-25 3:11	/discussions/amazon/view/137361-exam-aws-certified-devops-engineer-professional-dop-c02/
Exam AWS Certified DevOps Engineer - Professional DOP-C02 topic 1	217	137340 	914810	2024-08-17 9:29	/discussions/amazon/view/137340-exam-aws-certified-devops-engineer-professional-dop-c02/
Exam AWS Certified DevOps Engineer - Professional DOP-C02 topic 1	218	137362 	914811	2024-05-02 15:01	/discussions/amazon/view/137362-exam-aws-certified-devops-engineer-professional-dop-c02/
Exam AWS Certified DevOps Engineer - Professional DOP-C02 topic 1	219	137363 	914812	2025-08-17 11:30	/discussions/amazon/view/137363-exam-aws-certified-devops-engineer-professional-dop-c02/
Exam AWS Certified DevOps Engineer - Professional DOP-C02 topic 1	220	137364 	914813	2024-10-09 18:17	/discussions/amazon/view/137364-exam-aws-certified-devops-engineer-professional-dop-c02/
Exam AWS Certified DevOps Engineer - Professional DOP-C02 topic 1	221	137342 	914814	2025-03-30 15:29	/discussions/amazon/view/137342-exam-aws-certified-devops-engineer-professional-dop-c02/
Exam AWS Certified DevOps Engineer - Professional DOP-C02 topic 1	222	137341 	914815	2024-04-26 7:27	/discussions/amazon/view/137341-exam-aws-certified-devops-engineer-professional-dop-c02/
Exam AWS Certified DevOps Engineer - Professional DOP-C02 topic 1	223	142973 	923181	2024-07-31 3:18	/discussions/amazon/view/142973-exam-aws-certified-devops-engineer-professional-dop-c02/
Exam AWS Certified DevOps Engineer - Professional DOP-C02 topic 1	224	142990 	923182	2025-01-14 7:38	/discussions/amazon/view/142990-exam-aws-certified-devops-engineer-professional-dop-c02/
Exam AWS Certified DevOps Engineer - Professional DOP-C02 topic 1	225	143725 	923183	2024-08-22 17:49	/discussions/amazon/view/143725-exam-aws-certified-devops-engineer-professional-dop-c02/
Exam AWS Certified DevOps Engineer - Professional DOP-C02 topic 1	226	142991 	923184	2024-07-31 3:40	/discussions/amazon/view/142991-exam-aws-certified-devops-engineer-professional-dop-c02/
Exam AWS Certified DevOps Engineer - Professional DOP-C02 topic 1	227	142992 	923185	2024-08-26 3:00	/discussions/amazon/view/142992-exam-aws-certified-devops-engineer-professional-dop-c02/
Exam AWS Certified DevOps Engineer - Professional DOP-C02 topic 1	228	143354 	923186	2024-12-26 17:09	/discussions/amazon/view/143354-exam-aws-certified-devops-engineer-professional-dop-c02/
Exam AWS Certified DevOps Engineer - Professional DOP-C02 topic 1	229	143876 	923187	2024-07-15 11:18	/discussions/amazon/view/143876-exam-aws-certified-devops-engineer-professional-dop-c02/
Exam AWS Certified DevOps Engineer - Professional DOP-C02 topic 1	230	142993 	923188	2024-07-31 3:55	/discussions/amazon/view/142993-exam-aws-certified-devops-engineer-professional-dop-c02/
Exam AWS Certified DevOps Engineer - Professional DOP-C02 topic 1	231	142994 	923189	2024-08-26 3:23	/discussions/amazon/view/142994-exam-aws-certified-devops-engineer-professional-dop-c02/
Exam AWS Certified DevOps Engineer - Professional DOP-C02 topic 1	232	143368 	923190	2024-08-26 3:29	/discussions/amazon/view/143368-exam-aws-certified-devops-engineer-professional-dop-c02/
Exam AWS Certified DevOps Engineer - Professional DOP-C02 topic 1	233	143365 	923191	2024-12-26 17:33	/discussions/amazon/view/143365-exam-aws-certified-devops-engineer-professional-dop-c02/
Exam AWS Certified DevOps Engineer - Professional DOP-C02 topic 1	234	143877 	923192	2024-08-26 3:49	/discussions/amazon/view/143877-exam-aws-certified-devops-engineer-professional-dop-c02/
Exam AWS Certified DevOps Engineer - Professional DOP-C02 topic 1	235	143364 	923193	2024-12-26 17:45	/discussions/amazon/view/143364-exam-aws-certified-devops-engineer-professional-dop-c02/
Exam AWS Certified DevOps Engineer - Professional DOP-C02 topic 1	236	143475 	923194	2025-04-21 17:59	/discussions/amazon/view/143475-exam-aws-certified-devops-engineer-professional-dop-c02/
Exam AWS Certified DevOps Engineer - Professional DOP-C02 topic 1	237	143363 	923195	2024-12-16 10:41	/discussions/amazon/view/143363-exam-aws-certified-devops-engineer-professional-dop-c02/
Exam AWS Certified DevOps Engineer - Professional DOP-C02 topic 1	238	143361 	923196	2025-02-01 12:53	/discussions/amazon/view/143361-exam-aws-certified-devops-engineer-professional-dop-c02/
Exam AWS Certified DevOps Engineer - Professional DOP-C02 topic 1	239	143360 	923197	2025-02-01 12:54	/discussions/amazon/view/143360-exam-aws-certified-devops-engineer-professional-dop-c02/
Exam AWS Certified DevOps Engineer - Professional DOP-C02 topic 1	240	143359 	923198	2024-08-26 4:21	/discussions/amazon/view/143359-exam-aws-certified-devops-engineer-professional-dop-c02/
Exam AWS Certified DevOps Engineer - Professional DOP-C02 topic 1	241	143375 	923199	2024-07-31 7:19	/discussions/amazon/view/143375-exam-aws-certified-devops-engineer-professional-dop-c02/
Exam AWS Certified DevOps Engineer - Professional DOP-C02 topic 1	242	143374 	923200	2024-12-26 19:09	/discussions/amazon/view/143374-exam-aws-certified-devops-engineer-professional-dop-c02/
Exam AWS Certified DevOps Engineer - Professional DOP-C02 topic 1	243	143373 	923201	2024-07-31 7:30	/discussions/amazon/view/143373-exam-aws-certified-devops-engineer-professional-dop-c02/
Exam AWS Certified DevOps Engineer - Professional DOP-C02 topic 1	244	143068 	923202	2024-07-31 7:33	/discussions/amazon/view/143068-exam-aws-certified-devops-engineer-professional-dop-c02/
Exam AWS Certified DevOps Engineer - Professional DOP-C02 topic 1	245	143070 	923203	2024-07-19 8:05	/discussions/amazon/view/143070-exam-aws-certified-devops-engineer-professional-dop-c02/
Exam AWS Certified DevOps Engineer - Professional DOP-C02 topic 1	246	143372 	923204	2024-08-20 15:02	/discussions/amazon/view/143372-exam-aws-certified-devops-engineer-professional-dop-c02/
Exam AWS Certified DevOps Engineer - Professional DOP-C02 topic 1	247	143371 	923205	2024-08-20 15:03	/discussions/amazon/view/143371-exam-aws-certified-devops-engineer-professional-dop-c02/
Exam AWS Certified DevOps Engineer - Professional DOP-C02 topic 1	248	143518 	923206	2024-08-20 15:03	/discussions/amazon/view/143518-exam-aws-certified-devops-engineer-professional-dop-c02/
Exam AWS Certified DevOps Engineer - Professional DOP-C02 topic 1	249	143519 	923207	2025-01-02 2:11	/discussions/amazon/view/143519-exam-aws-certified-devops-engineer-professional-dop-c02/
Exam AWS Certified DevOps Engineer - Professional DOP-C02 topic 1	250	143370 	923208	2024-12-14 11:57	/discussions/amazon/view/143370-exam-aws-certified-devops-engineer-professional-dop-c02/
Exam AWS Certified DevOps Engineer - Professional DOP-C02 topic 1	251	143395 	923209	2024-12-15 0:27	/discussions/amazon/view/143395-exam-aws-certified-devops-engineer-professional-dop-c02/
Exam AWS Certified DevOps Engineer - Professional DOP-C02 topic 1	252	143880 	923210	2024-07-31 8:44	/discussions/amazon/view/143880-exam-aws-certified-devops-engineer-professional-dop-c02/
Exam AWS Certified DevOps Engineer - Professional DOP-C02 topic 1	253	143394 	923211	2024-07-19 13:27	/discussions/amazon/view/143394-exam-aws-certified-devops-engineer-professional-dop-c02/
Exam AWS Certified DevOps Engineer - Professional DOP-C02 topic 1	254	143393 	923212	2025-01-15 12:15	/discussions/amazon/view/143393-exam-aws-certified-devops-engineer-professional-dop-c02/
Exam AWS Certified DevOps Engineer - Professional DOP-C02 topic 1	255	143392 	923213	2025-12-06 10:30	/discussions/amazon/view/143392-exam-aws-certified-devops-engineer-professional-dop-c02/
Exam AWS Certified DevOps Engineer - Professional DOP-C02 topic 1	256	143391 	923214	2025-04-21 21:07	/discussions/amazon/view/143391-exam-aws-certified-devops-engineer-professional-dop-c02/
Exam AWS Certified DevOps Engineer - Professional DOP-C02 topic 1	257	143792 	923215	2024-07-31 9:20	/discussions/amazon/view/143792-exam-aws-certified-devops-engineer-professional-dop-c02/
Exam AWS Certified DevOps Engineer - Professional DOP-C02 topic 1	258	143389 	923216	2024-07-31 9:24	/discussions/amazon/view/143389-exam-aws-certified-devops-engineer-professional-dop-c02/
Exam AWS Certified DevOps Engineer - Professional DOP-C02 topic 1	259	143378 	923217	2024-08-27 2:08	/discussions/amazon/view/143378-exam-aws-certified-devops-engineer-professional-dop-c02/
Exam AWS Certified DevOps Engineer - Professional DOP-C02 topic 1	260	143377 	923218	2025-05-19 19:36	/discussions/amazon/view/143377-exam-aws-certified-devops-engineer-professional-dop-c02/
Exam AWS Certified DevOps Engineer - Professional DOP-C02 topic 1	261	143893 	923219	2025-01-15 15:27	/discussions/amazon/view/143893-exam-aws-certified-devops-engineer-professional-dop-c02/
Exam AWS Certified DevOps Engineer - Professional DOP-C02 topic 1	262	143894 	923220	2025-11-12 9:01	/discussions/amazon/view/143894-exam-aws-certified-devops-engineer-professional-dop-c02/
Exam AWS Certified DevOps Engineer - Professional DOP-C02 topic 1	263	143406 	923221	2024-07-31 10:01	/discussions/amazon/view/143406-exam-aws-certified-devops-engineer-professional-dop-c02/
Exam AWS Certified DevOps Engineer - Professional DOP-C02 topic 1	264	143405 	923222	2024-12-18 12:56	/discussions/amazon/view/143405-exam-aws-certified-devops-engineer-professional-dop-c02/
Exam AWS Certified DevOps Engineer - Professional DOP-C02 topic 1	265	143912 	923223	2024-07-31 10:28	/discussions/amazon/view/143912-exam-aws-certified-devops-engineer-professional-dop-c02/
Exam AWS Certified DevOps Engineer - Professional DOP-C02 topic 1	266	143404 	923224	2024-07-31 10:35	/discussions/amazon/view/143404-exam-aws-certified-devops-engineer-professional-dop-c02/
Exam AWS Certified DevOps Engineer - Professional DOP-C02 topic 1	267	143403 	923225	2025-04-24 21:38	/discussions/amazon/view/143403-exam-aws-certified-devops-engineer-professional-dop-c02/
Exam AWS Certified DevOps Engineer - Professional DOP-C02 topic 1	268	143402 	923501	2025-05-22 21:25	/discussions/amazon/view/143402-exam-aws-certified-devops-engineer-professional-dop-c02/
Exam AWS Certified DevOps Engineer - Professional DOP-C02 topic 1	269	143401 	923502	2024-07-31 11:05	/discussions/amazon/view/143401-exam-aws-certified-devops-engineer-professional-dop-c02/
Exam AWS Certified DevOps Engineer - Professional DOP-C02 topic 1	270	143399 	923503	2025-08-25 12:21	/discussions/amazon/view/143399-exam-aws-certified-devops-engineer-professional-dop-c02/
Exam AWS Certified DevOps Engineer - Professional DOP-C02 topic 1	271	143435 	923504	2025-01-16 7:59	/discussions/amazon/view/143435-exam-aws-certified-devops-engineer-professional-dop-c02/
Exam AWS Certified DevOps Engineer - Professional DOP-C02 topic 1	272	143418 	923505	2025-03-18 19:03	/discussions/amazon/view/143418-exam-aws-certified-devops-engineer-professional-dop-c02/
Exam AWS Certified DevOps Engineer - Professional DOP-C02 topic 1	273	143414 	923506	2024-08-07 4:18	/discussions/amazon/view/143414-exam-aws-certified-devops-engineer-professional-dop-c02/
Exam AWS Certified DevOps Engineer - Professional DOP-C02 topic 1	274	143413 	923507	2025-10-29 16:19	/discussions/amazon/view/143413-exam-aws-certified-devops-engineer-professional-dop-c02/
Exam AWS Certified DevOps Engineer - Professional DOP-C02 topic 1	275	143412 	923508	2024-07-31 15:07	/discussions/amazon/view/143412-exam-aws-certified-devops-engineer-professional-dop-c02/
Exam AWS Certified DevOps Engineer - Professional DOP-C02 topic 1	276	143411 	923509	2024-12-27 4:19	/discussions/amazon/view/143411-exam-aws-certified-devops-engineer-professional-dop-c02/
Exam AWS Certified DevOps Engineer - Professional DOP-C02 topic 1	277	143410 	923510	2024-11-07 15:26	/discussions/amazon/view/143410-exam-aws-certified-devops-engineer-professional-dop-c02/
Exam AWS Certified DevOps Engineer - Professional DOP-C02 topic 1	278	146254 	926475	2025-12-01 9:21	/discussions/amazon/view/146254-exam-aws-certified-devops-engineer-professional-dop-c02/
Exam AWS Certified DevOps Engineer - Professional DOP-C02 topic 1	279	146391 	926476	2024-08-28 1:26	/discussions/amazon/view/146391-exam-aws-certified-devops-engineer-professional-dop-c02/
Exam AWS Certified DevOps Engineer - Professional DOP-C02 topic 1	280	146260 	926477	2024-12-16 9:40	/discussions/amazon/view/146260-exam-aws-certified-devops-engineer-professional-dop-c02/
Exam AWS Certified DevOps Engineer - Professional DOP-C02 topic 1	281	146217 	926478	2024-09-14 8:21	/discussions/amazon/view/146217-exam-aws-certified-devops-engineer-professional-dop-c02/
Exam AWS Certified DevOps Engineer - Professional DOP-C02 topic 1	282	153026 	932382	2025-11-14 6:25	/discussions/amazon/view/153026-exam-aws-certified-devops-engineer-professional-dop-c02/
Exam AWS Certified DevOps Engineer - Professional DOP-C02 topic 1	283	152993 	932383	2024-12-16 11:04	/discussions/amazon/view/152993-exam-aws-certified-devops-engineer-professional-dop-c02/
Exam AWS Certified DevOps Engineer - Professional DOP-C02 topic 1	284	152994 	932384	2024-12-27 15:27	/discussions/amazon/view/152994-exam-aws-certified-devops-engineer-professional-dop-c02/
Exam AWS Certified DevOps Engineer - Professional DOP-C02 topic 1	285	153028 	932385	2024-12-16 11:33	/discussions/amazon/view/153028-exam-aws-certified-devops-engineer-professional-dop-c02/
Exam AWS Certified DevOps Engineer - Professional DOP-C02 topic 1	286	152474 	932386	2025-03-18 18:09	/discussions/amazon/view/152474-exam-aws-certified-devops-engineer-professional-dop-c02/
Exam AWS Certified DevOps Engineer - Professional DOP-C02 topic 1	287	153424 	932387	2025-02-04 16:22	/discussions/amazon/view/153424-exam-aws-certified-devops-engineer-professional-dop-c02/
Exam AWS Certified DevOps Engineer - Professional DOP-C02 topic 1	288	153029 	932388	2024-12-25 22:53	/discussions/amazon/view/153029-exam-aws-certified-devops-engineer-professional-dop-c02/
Exam AWS Certified DevOps Engineer - Professional DOP-C02 topic 1	289	153031 	932389	2025-02-02 12:45	/discussions/amazon/view/153031-exam-aws-certified-devops-engineer-professional-dop-c02/
Exam AWS Certified DevOps Engineer - Professional DOP-C02 topic 1	290	152995 	932390	2024-12-15 13:30	/discussions/amazon/view/152995-exam-aws-certified-devops-engineer-professional-dop-c02/
Exam AWS Certified DevOps Engineer - Professional DOP-C02 topic 1	291	151022 	932391	2024-12-17 21:22	/discussions/amazon/view/151022-exam-aws-certified-devops-engineer-professional-dop-c02/
Exam AWS Certified DevOps Engineer - Professional DOP-C02 topic 1	292	153425 	932392	2024-12-30 8:39	/discussions/amazon/view/153425-exam-aws-certified-devops-engineer-professional-dop-c02/
Exam AWS Certified DevOps Engineer - Professional DOP-C02 topic 1	293	151064 	932393	2024-12-27 16:27	/discussions/amazon/view/151064-exam-aws-certified-devops-engineer-professional-dop-c02/
Exam AWS Certified DevOps Engineer - Professional DOP-C02 topic 1	294	152997 	932394	2025-04-22 12:50	/discussions/amazon/view/152997-exam-aws-certified-devops-engineer-professional-dop-c02/
Exam AWS Certified DevOps Engineer - Professional DOP-C02 topic 1	295	153426 	932395	2025-05-25 8:10	/discussions/amazon/view/153426-exam-aws-certified-devops-engineer-professional-dop-c02/
Exam AWS Certified DevOps Engineer - Professional DOP-C02 topic 1	296	151838 	932396	2025-08-26 7:00	/discussions/amazon/view/151838-exam-aws-certified-devops-engineer-professional-dop-c02/
Exam AWS Certified DevOps Engineer - Professional DOP-C02 topic 1	297	153142 	932397	2025-11-24 6:22	/discussions/amazon/view/153142-exam-aws-certified-devops-engineer-professional-dop-c02/
Exam AWS Certified DevOps Engineer - Professional DOP-C02 topic 1	298	153427 	932398	2025-09-17 21:20	/discussions/amazon/view/153427-exam-aws-certified-devops-engineer-professional-dop-c02/
Exam AWS Certified DevOps Engineer - Professional DOP-C02 topic 1	299	153428 	932399	2025-02-12 8:10	/discussions/amazon/view/153428-exam-aws-certified-devops-engineer-professional-dop-c02/
Exam AWS Certified DevOps Engineer - Professional DOP-C02 topic 1	300	151517 	932400	2024-12-26 0:39	/discussions/amazon/view/151517-exam-aws-certified-devops-engineer-professional-dop-c02/
Exam AWS Certified DevOps Engineer - Professional DOP-C02 topic 1	301	152237 	932401	2025-03-31 2:33	/discussions/amazon/view/152237-exam-aws-certified-devops-engineer-professional-dop-c02/
Exam AWS Certified DevOps Engineer - Professional DOP-C02 topic 1	302	151700 	932402	2025-04-01 2:22	/discussions/amazon/view/151700-exam-aws-certified-devops-engineer-professional-dop-c02/
Exam AWS Certified DevOps Engineer - Professional DOP-C02 topic 1	303	151518 	932403	2025-01-17 9:59	/discussions/amazon/view/151518-exam-aws-certified-devops-engineer-professional-dop-c02/
Exam AWS Certified DevOps Engineer - Professional DOP-C02 topic 1	304	151702 	932404	2025-05-24 10:39	/discussions/amazon/view/151702-exam-aws-certified-devops-engineer-professional-dop-c02/
Exam AWS Certified DevOps Engineer - Professional DOP-C02 topic 1	305	151704 	932405	2025-04-01 2:46	/discussions/amazon/view/151704-exam-aws-certified-devops-engineer-professional-dop-c02/
Exam AWS Certified DevOps Engineer - Professional DOP-C02 topic 1	306	152245 	932406	2025-05-21 11:01	/discussions/amazon/view/152245-exam-aws-certified-devops-engineer-professional-dop-c02/
Exam AWS Certified DevOps Engineer - Professional DOP-C02 topic 1	307	151709 	932407	2025-04-02 1:04	/discussions/amazon/view/151709-exam-aws-certified-devops-engineer-professional-dop-c02/
Exam AWS Certified DevOps Engineer - Professional DOP-C02 topic 1	308	151655 	932408	2025-04-02 1:14	/discussions/amazon/view/151655-exam-aws-certified-devops-engineer-professional-dop-c02/
Exam AWS Certified DevOps Engineer - Professional DOP-C02 topic 1	309	152430 	932409	2025-04-02 1:25	/discussions/amazon/view/152430-exam-aws-certified-devops-engineer-professional-dop-c02/
Exam AWS Certified DevOps Engineer - Professional DOP-C02 topic 1	310	152429 	932410	2025-04-06 15:08	/discussions/amazon/view/152429-exam-aws-certified-devops-engineer-professional-dop-c02/
Exam AWS Certified DevOps Engineer - Professional DOP-C02 topic 1	311	152094 	932411	2025-04-02 2:10	/discussions/amazon/view/152094-exam-aws-certified-devops-engineer-professional-dop-c02/
Exam AWS Certified DevOps Engineer - Professional DOP-C02 topic 1	312	152096 	932412	2025-04-02 2:11	/discussions/amazon/view/152096-exam-aws-certified-devops-engineer-professional-dop-c02/
Exam AWS Certified DevOps Engineer - Professional DOP-C02 topic 1	313	151539 	932413	2025-04-02 2:20	/discussions/amazon/view/151539-exam-aws-certified-devops-engineer-professional-dop-c02/
Exam AWS Certified DevOps Engineer - Professional DOP-C02 topic 1	314	151840 	932414	2025-12-08 18:24	/discussions/amazon/view/151840-exam-aws-certified-devops-engineer-professional-dop-c02/
Exam AWS Certified DevOps Engineer - Professional DOP-C02 topic 1	315	153429 	932415	2025-04-02 2:37	/discussions/amazon/view/153429-exam-aws-certified-devops-engineer-professional-dop-c02/
Exam AWS Certified DevOps Engineer - Professional DOP-C02 topic 1	316	153430 	932416	2025-04-02 2:50	/discussions/amazon/view/153430-exam-aws-certified-devops-engineer-professional-dop-c02/
Exam AWS Certified DevOps Engineer - Professional DOP-C02 topic 1	317	151540 	932417	2025-04-05 15:26	/discussions/amazon/view/151540-exam-aws-certified-devops-engineer-professional-dop-c02/
Exam AWS Certified DevOps Engineer - Professional DOP-C02 topic 1	318	151541 	932418	2025-04-05 15:30	/discussions/amazon/view/151541-exam-aws-certified-devops-engineer-professional-dop-c02/
Exam AWS Certified DevOps Engineer - Professional DOP-C02 topic 1	319	151542 	932419	2025-04-05 15:36	/discussions/amazon/view/151542-exam-aws-certified-devops-engineer-professional-dop-c02/
Exam AWS Certified DevOps Engineer - Professional DOP-C02 topic 1	320	151748 	932420	2025-11-25 9:51	/discussions/amazon/view/151748-exam-aws-certified-devops-engineer-professional-dop-c02/
Exam AWS Certified DevOps Engineer - Professional DOP-C02 topic 1	321	151849 	932421	2025-08-08 10:12	/discussions/amazon/view/151849-exam-aws-certified-devops-engineer-professional-dop-c02/
Exam AWS Certified DevOps Engineer - Professional DOP-C02 topic 1	322	151565 	932422	2025-04-05 15:55	/discussions/amazon/view/151565-exam-aws-certified-devops-engineer-professional-dop-c02/
Exam AWS Certified DevOps Engineer - Professional DOP-C02 topic 1	323	153128 	932423	2025-04-05 15:58	/discussions/amazon/view/153128-exam-aws-certified-devops-engineer-professional-dop-c02/
Exam AWS Certified DevOps Engineer - Professional DOP-C02 topic 1	324	151567 	932424	2025-04-05 15:59	/discussions/amazon/view/151567-exam-aws-certified-devops-engineer-professional-dop-c02/
Exam AWS Certified DevOps Engineer - Professional DOP-C02 topic 1	325	150837 	932425	2025-04-05 16:04	/discussions/amazon/view/150837-exam-aws-certified-devops-engineer-professional-dop-c02/
Exam AWS Certified DevOps Engineer - Professional DOP-C02 topic 1	326	151850 	932426	2025-04-05 16:10	/discussions/amazon/view/151850-exam-aws-certified-devops-engineer-professional-dop-c02/
Exam AWS Certified DevOps Engineer - Professional DOP-C02 topic 1	327	151568 	932427	2024-11-23 11:54	/discussions/amazon/view/151568-exam-aws-certified-devops-engineer-professional-dop-c02/
Exam AWS Certified DevOps Engineer - Professional DOP-C02 topic 1	328	153431 	932428	2025-04-05 16:45	/discussions/amazon/view/153431-exam-aws-certified-devops-engineer-professional-dop-c02/
Exam AWS Certified DevOps Engineer - Professional DOP-C02 topic 1	329	153432 	932429	2025-04-05 16:49	/discussions/amazon/view/153432-exam-aws-certified-devops-engineer-professional-dop-c02/
Exam AWS Certified DevOps Engineer - Professional DOP-C02 topic 1	330	152488 	932430	2025-04-05 16:51	/discussions/amazon/view/152488-exam-aws-certified-devops-engineer-professional-dop-c02/
Exam AWS Certified DevOps Engineer - Professional DOP-C02 topic 1	331	153039 	932431	2025-04-05 16:53	/discussions/amazon/view/153039-exam-aws-certified-devops-engineer-professional-dop-c02/
Exam AWS Certified DevOps Engineer - Professional DOP-C02 topic 1	332	150569 	932432	2025-04-05 17:00	/discussions/amazon/view/150569-exam-aws-certified-devops-engineer-professional-dop-c02/
Exam AWS Certified DevOps Engineer - Professional DOP-C02 topic 1	333	151818 	934975	2025-04-06 16:19	/discussions/amazon/view/151818-exam-aws-certified-devops-engineer-professional-dop-c02/
Exam AWS Certified DevOps Engineer - Professional DOP-C02 topic 1	334	151820 	934976	2025-12-01 15:27	/discussions/amazon/view/151820-exam-aws-certified-devops-engineer-professional-dop-c02/
Exam AWS Certified DevOps Engineer - Professional DOP-C02 topic 1	335	152811 	934977	2025-04-05 22:11	/discussions/amazon/view/152811-exam-aws-certified-devops-engineer-professional-dop-c02/
Exam AWS Certified DevOps Engineer - Professional DOP-C02 topic 1	336	151855 	934978	2025-04-05 22:27	/discussions/amazon/view/151855-exam-aws-certified-devops-engineer-professional-dop-c02/
Exam AWS Certified DevOps Engineer - Professional DOP-C02 topic 1	337	151613 	934979	2025-04-06 16:42	/discussions/amazon/view/151613-exam-aws-certified-devops-engineer-professional-dop-c02/
Exam AWS Certified DevOps Engineer - Professional DOP-C02 topic 1	338	151614 	934980	2024-11-22 23:43	/discussions/amazon/view/151614-exam-aws-certified-devops-engineer-professional-dop-c02/
Exam AWS Certified DevOps Engineer - Professional DOP-C02 topic 1	339	151615 	934981	2025-04-06 16:50	/discussions/amazon/view/151615-exam-aws-certified-devops-engineer-professional-dop-c02/
Exam AWS Certified DevOps Engineer - Professional DOP-C02 topic 1	340	151616 	934982	2025-04-06 16:51	/discussions/amazon/view/151616-exam-aws-certified-devops-engineer-professional-dop-c02/
Exam AWS Certified DevOps Engineer - Professional DOP-C02 topic 1	341	151617 	934983	2025-11-15 11:00	/discussions/amazon/view/151617-exam-aws-certified-devops-engineer-professional-dop-c02/
Exam AWS Certified DevOps Engineer - Professional DOP-C02 topic 1	342	151618 	934984	2025-12-23 10:30	/discussions/amazon/view/151618-exam-aws-certified-devops-engineer-professional-dop-c02/
Exam AWS Certified DevOps Engineer - Professional DOP-C02 topic 1	343	151619 	934985	2025-05-24 19:00	/discussions/amazon/view/151619-exam-aws-certified-devops-engineer-professional-dop-c02/
Exam AWS Certified DevOps Engineer - Professional DOP-C02 topic 1	344	151620 	934986	2025-07-24 10:38	/discussions/amazon/view/151620-exam-aws-certified-devops-engineer-professional-dop-c02/
Exam AWS Certified DevOps Engineer - Professional DOP-C02 topic 1	345	151621 	934987	2025-05-15 9:06	/discussions/amazon/view/151621-exam-aws-certified-devops-engineer-professional-dop-c02/
Exam AWS Certified DevOps Engineer - Professional DOP-C02 topic 1	346	151622 	934988	2025-04-06 17:03	/discussions/amazon/view/151622-exam-aws-certified-devops-engineer-professional-dop-c02/
Exam AWS Certified DevOps Engineer - Professional DOP-C02 topic 1	347	151623 	934989	2025-04-06 17:07	/discussions/amazon/view/151623-exam-aws-certified-devops-engineer-professional-dop-c02/
Exam AWS Certified DevOps Engineer - Professional DOP-C02 topic 1	348	151624 	934990	2025-04-06 17:08	/discussions/amazon/view/151624-exam-aws-certified-devops-engineer-professional-dop-c02/
Exam AWS Certified DevOps Engineer - Professional DOP-C02 topic 1	349	151626 	934991	2025-04-06 17:10	/discussions/amazon/view/151626-exam-aws-certified-devops-engineer-professional-dop-c02/
Exam AWS Certified DevOps Engineer - Professional DOP-C02 topic 1	350	151628 	934992	2025-08-20 14:40	/discussions/amazon/view/151628-exam-aws-certified-devops-engineer-professional-dop-c02/
Exam AWS Certified DevOps Engineer - Professional DOP-C02 topic 1	351	151629 	934993	2025-07-24 10:15	/discussions/amazon/view/151629-exam-aws-certified-devops-engineer-professional-dop-c02/
Exam AWS Certified DevOps Engineer - Professional DOP-C02 topic 1	352	151630 	934994	2025-08-27 4:27	/discussions/amazon/view/151630-exam-aws-certified-devops-engineer-professional-dop-c02/
Exam AWS Certified DevOps Engineer - Professional DOP-C02 topic 1	353	151631 	934995	2025-06-21 0:52	/discussions/amazon/view/151631-exam-aws-certified-devops-engineer-professional-dop-c02/
Exam AWS Certified DevOps Engineer - Professional DOP-C02 topic 1	354	302826 	940809	2025-12-23 22:57	/discussions/amazon/view/302826-exam-aws-certified-devops-engineer-professional-dop-c02/
Exam AWS Certified DevOps Engineer - Professional DOP-C02 topic 1	355	302827 	940810	2025-04-22 20:23	/discussions/amazon/view/302827-exam-aws-certified-devops-engineer-professional-dop-c02/
Exam AWS Certified DevOps Engineer - Professional DOP-C02 topic 1	356	302828 	940811	2025-04-22 20:28	/discussions/amazon/view/302828-exam-aws-certified-devops-engineer-professional-dop-c02/
Exam AWS Certified DevOps Engineer - Professional DOP-C02 topic 1	357	302829 	940812	2025-06-21 1:17	/discussions/amazon/view/302829-exam-aws-certified-devops-engineer-professional-dop-c02/
Exam AWS Certified DevOps Engineer - Professional DOP-C02 topic 1	358	302864 	940813	2025-09-02 2:20	/discussions/amazon/view/302864-exam-aws-certified-devops-engineer-professional-dop-c02/
Exam AWS Certified DevOps Engineer - Professional DOP-C02 topic 1	359	302871 	940814	2025-08-23 9:06	/discussions/amazon/view/302871-exam-aws-certified-devops-engineer-professional-dop-c02/
Exam AWS Certified DevOps Engineer - Professional DOP-C02 topic 1	360	302872 	940815	2025-06-21 1:33	/discussions/amazon/view/302872-exam-aws-certified-devops-engineer-professional-dop-c02/
Exam AWS Certified DevOps Engineer - Professional DOP-C02 topic 1	361	157101 	940816	2025-04-23 7:07	/discussions/amazon/view/157101-exam-aws-certified-devops-engineer-professional-dop-c02/
Exam AWS Certified DevOps Engineer - Professional DOP-C02 topic 1	362	302873 	940817	2025-11-16 14:10	/discussions/amazon/view/302873-exam-aws-certified-devops-engineer-professional-dop-c02/
Exam AWS Certified DevOps Engineer - Professional DOP-C02 topic 1	363	169071 	940818	2025-07-24 10:22	/discussions/amazon/view/169071-exam-aws-certified-devops-engineer-professional-dop-c02/
Exam AWS Certified DevOps Engineer - Professional DOP-C02 topic 1	364	308789 	958420	2025-08-22 19:39	/discussions/amazon/view/308789-exam-aws-certified-devops-engineer-professional-dop-c02/
Exam AWS Certified DevOps Engineer - Professional DOP-C02 topic 1	365	308790 	958421	2025-08-27 5:24	/discussions/amazon/view/308790-exam-aws-certified-devops-engineer-professional-dop-c02/
Exam AWS Certified DevOps Engineer - Professional DOP-C02 topic 1	366	308791 	958422	2025-12-07 12:33	/discussions/amazon/view/308791-exam-aws-certified-devops-engineer-professional-dop-c02/
Exam AWS Certified DevOps Engineer - Professional DOP-C02 topic 1	367	308794 	958423	2025-08-29 14:49	/discussions/amazon/view/308794-exam-aws-certified-devops-engineer-professional-dop-c02/
Exam AWS Certified DevOps Engineer - Professional DOP-C02 topic 1	368	308795 	958424	2025-12-19 16:47	/discussions/amazon/view/308795-exam-aws-certified-devops-engineer-professional-dop-c02/
Exam AWS Certified DevOps Engineer - Professional DOP-C02 topic 1	369	308798 	958425	2025-08-21 2:12	/discussions/amazon/view/308798-exam-aws-certified-devops-engineer-professional-dop-c02/
Exam AWS Certified DevOps Engineer - Professional DOP-C02 topic 1	370	308793 	958426	2025-08-21 2:16	/discussions/amazon/view/308793-exam-aws-certified-devops-engineer-professional-dop-c02/
Exam AWS Certified DevOps Engineer - Professional DOP-C02 topic 1	371	308788 	958427	2025-08-21 2:19	/discussions/amazon/view/308788-exam-aws-certified-devops-engineer-professional-dop-c02/
Exam AWS Certified DevOps Engineer - Professional DOP-C02 topic 1	372	308796 	958428	2025-08-21 2:24	/discussions/amazon/view/308796-exam-aws-certified-devops-engineer-professional-dop-c02/
Exam AWS Certified DevOps Engineer - Professional DOP-C02 topic 1	373	308799 	958429	2025-08-21 2:35	/discussions/amazon/view/308799-exam-aws-certified-devops-engineer-professional-dop-c02/
Exam AWS Certified DevOps Engineer - Professional DOP-C02 topic 1	374	308792 	958430	2025-08-21 2:38	/discussions/amazon/view/308792-exam-aws-certified-devops-engineer-professional-dop-c02/
Exam AWS Certified DevOps Engineer - Professional DOP-C02 topic 1	375	308797 	958431	2025-08-21 2:41	/discussions/amazon/view/308797-exam-aws-certified-devops-engineer-professional-dop-c02/
Exam AWS Certified DevOps Engineer - Professional DOP-C02 topic 1	376	308800 	958432	2025-12-09 14:46	/discussions/amazon/view/308800-exam-aws-certified-devops-engineer-professional-dop-c02/
Exam AWS Certified DevOps Engineer - Professional DOP-C02 topic 1	377	308804 	958433	2025-08-21 7:58	/discussions/amazon/view/308804-exam-aws-certified-devops-engineer-professional-dop-c02/
Exam AWS Certified DevOps Engineer - Professional DOP-C02 topic 1	378	308801 	958434	2025-08-21 8:12	/discussions/amazon/view/308801-exam-aws-certified-devops-engineer-professional-dop-c02/
Exam AWS Certified DevOps Engineer - Professional DOP-C02 topic 1	379	308805 	958435	2025-08-21 8:17	/discussions/amazon/view/308805-exam-aws-certified-devops-engineer-professional-dop-c02/
Exam AWS Certified DevOps Engineer - Professional DOP-C02 topic 1	380	308806 	958436	2025-08-17 0:34	/discussions/amazon/view/308806-exam-aws-certified-devops-engineer-professional-dop-c02/
Exam AWS Certified DevOps Engineer - Professional DOP-C02 topic 1	381	308803 	958437	2025-12-15 16:14	/discussions/amazon/view/308803-exam-aws-certified-devops-engineer-professional-dop-c02/
Exam AWS Certified DevOps Engineer - Professional DOP-C02 topic 1	382	308802 	958438	2025-08-21 8:38	/discussions/amazon/view/308802-exam-aws-certified-devops-engineer-professional-dop-c02/
Exam AWS Certified DevOps Engineer - Professional DOP-C02 topic 1	383	312878 	962860	2025-09-21 13:57	/discussions/amazon/view/312878-exam-aws-certified-devops-engineer-professional-dop-c02/
Exam AWS Certified DevOps Engineer - Professional DOP-C02 topic 1	384	312879 	962861	2025-09-21 13:59	/discussions/amazon/view/312879-exam-aws-certified-devops-engineer-professional-dop-c02/
Exam AWS Certified DevOps Engineer - Professional DOP-C02 topic 1	385	312880 	962862	2025-10-13 22:40	/discussions/amazon/view/312880-exam-aws-certified-devops-engineer-professional-dop-c02/
Exam AWS Certified DevOps Engineer - Professional DOP-C02 topic 1	386	312881 	962863	2025-09-21 14:03	/discussions/amazon/view/312881-exam-aws-certified-devops-engineer-professional-dop-c02/
Exam AWS Certified DevOps Engineer - Professional DOP-C02 topic 1	387	312882 	962864	2025-12-09 14:21	/discussions/amazon/view/312882-exam-aws-certified-devops-engineer-professional-dop-c02/
Exam AWS Certified DevOps Engineer - Professional DOP-C02 topic 1	388	312850 	962865	2025-09-21 14:05	/discussions/amazon/view/312850-exam-aws-certified-devops-engineer-professional-dop-c02/
Exam AWS Certified DevOps Engineer - Professional DOP-C02 topic 1	389	312883 	962866	2025-12-15 16:32	/discussions/amazon/view/312883-exam-aws-certified-devops-engineer-professional-dop-c02/
Exam AWS Certified DevOps Engineer - Professional DOP-C02 topic 1	390	312903 	962867	2025-11-23 10:52	/discussions/amazon/view/312903-exam-aws-certified-devops-engineer-professional-dop-c02/
Exam AWS Certified DevOps Engineer - Professional DOP-C02 topic 1	391	379874 	975611	1900-01-00 00:00	/discussions/amazon/view/379874-exam-aws-certified-devops-engineer-professional-dop-c02/
Exam AWS Certified DevOps Engineer - Professional DOP-C02 topic 1	392	379879 	975612	2025-12-27 08:10	/discussions/amazon/view/379879-exam-aws-certified-devops-engineer-professional-dop-c02/
Exam AWS Certified DevOps Engineer - Professional DOP-C02 topic 1	393	379877 	975613	1900-01-00 00:00	/discussions/amazon/view/379877-exam-aws-certified-devops-engineer-professional-dop-c02/
Exam AWS Certified DevOps Engineer - Professional DOP-C02 topic 1	394	379696 	975614	1900-01-00 00:00	/discussions/amazon/view/379696-exam-aws-certified-devops-engineer-professional-dop-c02/
Exam AWS Certified DevOps Engineer - Professional DOP-C02 topic 1	395	379871 	975615	1900-01-00 00:00	/discussions/amazon/view/379871-exam-aws-certified-devops-engineer-professional-dop-c02/
Exam AWS Certified DevOps Engineer - Professional DOP-C02 topic 1	396	379870 	975616	2025-12-27 09:27	/discussions/amazon/view/379870-exam-aws-certified-devops-engineer-professional-dop-c02/
Exam AWS Certified DevOps Engineer - Professional DOP-C02 topic 1	397	379657 	975617	1900-01-00 00:00	/discussions/amazon/view/379657-exam-aws-certified-devops-engineer-professional-dop-c02/
Exam AWS Certified DevOps Engineer - Professional DOP-C02 topic 1	398	379867 	975618	1900-01-00 00:00	/discussions/amazon/view/379867-exam-aws-certified-devops-engineer-professional-dop-c02/
Exam AWS Certified DevOps Engineer - Professional DOP-C02 topic 1	399	379690 	975619	1900-01-00 00:00	/discussions/amazon/view/379690-exam-aws-certified-devops-engineer-professional-dop-c02/
Exam AWS Certified DevOps Engineer - Professional DOP-C02 topic 1	400	379685 	975620	1900-01-00 00:00	/discussions/amazon/view/379685-exam-aws-certified-devops-engineer-professional-dop-c02/
Exam AWS Certified DevOps Engineer - Professional DOP-C02 topic 1	401	379691 	975621	2025-12-09 13:45	/discussions/amazon/view/379691-exam-aws-certified-devops-engineer-professional-dop-c02/
Exam AWS Certified DevOps Engineer - Professional DOP-C02 topic 1	402	382743 	980407	1900-01-00 00:00	/discussions/amazon/view/382743-exam-aws-certified-devops-engineer-professional-dop-c02/
Exam AWS Certified DevOps Engineer - Professional DOP-C02 topic 1	403	382742 	980408	1900-01-00 00:00	/discussions/amazon/view/382742-exam-aws-certified-devops-engineer-professional-dop-c02/
Exam AWS Certified DevOps Engineer - Professional DOP-C02 topic 1	404	382761 	980409	1900-01-00 00:00	/discussions/amazon/view/382761-exam-aws-certified-devops-engineer-professional-dop-c02/
Exam AWS Certified DevOps Engineer - Professional DOP-C02 topic 1	405	382754 	980410	1900-01-00 00:00	/discussions/amazon/view/382754-exam-aws-certified-devops-engineer-professional-dop-c02/
Exam AWS Certified DevOps Engineer - Professional DOP-C02 topic 1	406	382735 	980411	1900-01-00 00:00	/discussions/amazon/view/382735-exam-aws-certified-devops-engineer-professional-dop-c02/
Exam AWS Certified DevOps Engineer - Professional DOP-C02 topic 1	407	382739 	980412	1900-01-00 00:00	/discussions/amazon/view/382739-exam-aws-certified-devops-engineer-professional-dop-c02/
Exam AWS Certified DevOps Engineer - Professional DOP-C02 topic 1	408	382740 	980413	1900-01-00 00:00	/discussions/amazon/view/382740-exam-aws-certified-devops-engineer-professional-dop-c02/
Exam AWS Certified DevOps Engineer - Professional DOP-C02 topic 1	409	382747 	980414	1900-01-00 00:00	/discussions/amazon/view/382747-exam-aws-certified-devops-engineer-professional-dop-c02/
Exam AWS Certified DevOps Engineer - Professional DOP-C02 topic 1	410	382737 	980415	1900-01-00 00:00	/discussions/amazon/view/382737-exam-aws-certified-devops-engineer-professional-dop-c02/
Exam AWS Certified DevOps Engineer - Professional DOP-C02 topic 1	411	382734 	980416	1900-01-00 00:00	/discussions/amazon/view/382734-exam-aws-certified-devops-engineer-professional-dop-c02/
Exam AWS Certified DevOps Engineer - Professional DOP-C02 topic 1	412	382738 	980417	1900-01-00 00:00	/discussions/amazon/view/382738-exam-aws-certified-devops-engineer-professional-dop-c02/
Exam AWS Certified DevOps Engineer - Professional DOP-C02 topic 1	413	382756 	980418	1900-01-00 00:00	/discussions/amazon/view/382756-exam-aws-certified-devops-engineer-professional-dop-c02/
Exam AWS Certified DevOps Engineer - Professional DOP-C02 topic 1	414	382760 	980419	1900-01-00 00:00	/discussions/amazon/view/382760-exam-aws-certified-devops-engineer-professional-dop-c02/
Exam AWS Certified DevOps Engineer - Professional DOP-C02 topic 1	415	382736 	980420	1900-01-00 00:00	/discussions/amazon/view/382736-exam-aws-certified-devops-engineer-professional-dop-c02/
Exam AWS Certified DevOps Engineer - Professional DOP-C02 topic 1	416	382744 	980421	1900-01-00 00:00	/discussions/amazon/view/382744-exam-aws-certified-devops-engineer-professional-dop-c02/
Exam AWS Certified DevOps Engineer - Professional DOP-C02 topic 1	417	382751 	980422	1900-01-00 00:00	/discussions/amazon/view/382751-exam-aws-certified-devops-engineer-professional-dop-c02/
Exam AWS Certified DevOps Engineer - Professional DOP-C02 topic 1	418	382752 	980423	1900-01-00 00:00	/discussions/amazon/view/382752-exam-aws-certified-devops-engineer-professional-dop-c02/
Exam AWS Certified DevOps Engineer - Professional DOP-C02 topic 1	419	382749 	980424	1900-01-00 00:00	/discussions/amazon/view/382749-exam-aws-certified-devops-engineer-professional-dop-c02/
Exam AWS Certified DevOps Engineer - Professional DOP-C02 topic 1	420	382753 	980425	1900-01-00 00:00	/discussions/amazon/view/382753-exam-aws-certified-devops-engineer-professional-dop-c02/
Exam AWS Certified DevOps Engineer - Professional DOP-C02 topic 1	421	382748 	980426	1900-01-00 00:00	/discussions/amazon/view/382748-exam-aws-certified-devops-engineer-professional-dop-c02/
Exam AWS Certified DevOps Engineer - Professional DOP-C02 topic 1	422	382757 	980427	1900-01-00 00:00	/discussions/amazon/view/382757-exam-aws-certified-devops-engineer-professional-dop-c02/
Exam AWS Certified DevOps Engineer - Professional DOP-C02 topic 1	423	382758 	980428	1900-01-00 00:00	/discussions/amazon/view/382758-exam-aws-certified-devops-engineer-professional-dop-c02/
Exam AWS Certified DevOps Engineer - Professional DOP-C02 topic 1	424	382746 	980429	1900-01-00 00:00	/discussions/amazon/view/382746-exam-aws-certified-devops-engineer-professional-dop-c02/
Exam AWS Certified DevOps Engineer - Professional DOP-C02 topic 1	425	382750 	980430	1900-01-00 00:00	/discussions/amazon/view/382750-exam-aws-certified-devops-engineer-professional-dop-c02/
Exam AWS Certified DevOps Engineer - Professional DOP-C02 topic 1	426	382745 	980431	1900-01-00 00:00	/discussions/amazon/view/382745-exam-aws-certified-devops-engineer-professional-dop-c02/
Exam AWS Certified DevOps Engineer - Professional DOP-C02 topic 1	427	382759 	980432	1900-01-00 00:00	/discussions/amazon/view/382759-exam-aws-certified-devops-engineer-professional-dop-c02/
Exam AWS Certified DevOps Engineer - Professional DOP-C02 topic 1	428	382755 	980433	1900-01-00 00:00	/discussions/amazon/view/382755-exam-aws-certified-devops-engineer-professional-dop-c02/
Exam AWS Certified DevOps Engineer - Professional DOP-C02 topic 1	429	382741 	980434	2026-02-27 23:32	/discussions/amazon/view/382741-exam-aws-certified-devops-engineer-professional-dop-c02/
