1	102889 	875171	2025-11-30 22:40	/discussions/amazon/view/102889-exam-aws-certified-advanced-networking-specialty-ans-c01/
2	103054 	875172	2024-11-17 9:59	/discussions/amazon/view/103054-exam-aws-certified-advanced-networking-specialty-ans-c01/
3	102993 	875173	2025-09-26 15:53	/discussions/amazon/view/102993-exam-aws-certified-advanced-networking-specialty-ans-c01/
4	103055 	875174	2025-12-12 0:55	/discussions/amazon/view/103055-exam-aws-certified-advanced-networking-specialty-ans-c01/
5	103056 	875175	2025-12-12 1:00	/discussions/amazon/view/103056-exam-aws-certified-advanced-networking-specialty-ans-c01/
6	102995 	875176	2025-12-12 1:05	/discussions/amazon/view/102995-exam-aws-certified-advanced-networking-specialty-ans-c01/
7	103059 	875177	2024-09-14 9:19	/discussions/amazon/view/103059-exam-aws-certified-advanced-networking-specialty-ans-c01/
8	103063 	875178	2025-06-26 6:15	/discussions/amazon/view/103063-exam-aws-certified-advanced-networking-specialty-ans-c01/
9	103067 	875179	2024-08-28 7:49	/discussions/amazon/view/103067-exam-aws-certified-advanced-networking-specialty-ans-c01/
10	103069 	875180	2024-04-04 16:33	/discussions/amazon/view/103069-exam-aws-certified-advanced-networking-specialty-ans-c01/
11	103070 	875181	2025-11-05 16:54	/discussions/amazon/view/103070-exam-aws-certified-advanced-networking-specialty-ans-c01/
12	103071 	875182	2024-11-17 22:22	/discussions/amazon/view/103071-exam-aws-certified-advanced-networking-specialty-ans-c01/
13	103072 	875183	2025-05-24 13:27	/discussions/amazon/view/103072-exam-aws-certified-advanced-networking-specialty-ans-c01/
14	103105 	875184	2024-04-02 2:03	/discussions/amazon/view/103105-exam-aws-certified-advanced-networking-specialty-ans-c01/
15	103106 	875185	2025-08-02 10:59	/discussions/amazon/view/103106-exam-aws-certified-advanced-networking-specialty-ans-c01/
16	103107 	875186	2025-04-22 7:12	/discussions/amazon/view/103107-exam-aws-certified-advanced-networking-specialty-ans-c01/
17	103108 	875187	2024-08-02 3:30	/discussions/amazon/view/103108-exam-aws-certified-advanced-networking-specialty-ans-c01/
18	103109 	875188	2024-08-15 16:43	/discussions/amazon/view/103109-exam-aws-certified-advanced-networking-specialty-ans-c01/
19	103110 	875189	2024-11-17 13:41	/discussions/amazon/view/103110-exam-aws-certified-advanced-networking-specialty-ans-c01/
20	103111 	875190	2025-10-13 12:29	/discussions/amazon/view/103111-exam-aws-certified-advanced-networking-specialty-ans-c01/
21	103112 	875191	2025-09-01 17:27	/discussions/amazon/view/103112-exam-aws-certified-advanced-networking-specialty-ans-c01/
22	103113 	875192	2024-04-03 0:17	/discussions/amazon/view/103113-exam-aws-certified-advanced-networking-specialty-ans-c01/
23	103115 	875193	2024-11-05 12:18	/discussions/amazon/view/103115-exam-aws-certified-advanced-networking-specialty-ans-c01/
24	103116 	875194	2024-12-28 0:12	/discussions/amazon/view/103116-exam-aws-certified-advanced-networking-specialty-ans-c01/
25	103117 	875195	2024-11-04 12:35	/discussions/amazon/view/103117-exam-aws-certified-advanced-networking-specialty-ans-c01/
26	103118 	875196	2025-05-24 16:03	/discussions/amazon/view/103118-exam-aws-certified-advanced-networking-specialty-ans-c01/
27	103119 	875197	2024-04-18 17:52	/discussions/amazon/view/103119-exam-aws-certified-advanced-networking-specialty-ans-c01/
28	103120 	875198	2024-07-01 11:17	/discussions/amazon/view/103120-exam-aws-certified-advanced-networking-specialty-ans-c01/
29	103193 	875199	2024-04-03 23:56	/discussions/amazon/view/103193-exam-aws-certified-advanced-networking-specialty-ans-c01/
30	103122 	875200	2025-03-26 7:32	/discussions/amazon/view/103122-exam-aws-certified-advanced-networking-specialty-ans-c01/
31	103123 	875201	2025-09-17 10:17	/discussions/amazon/view/103123-exam-aws-certified-advanced-networking-specialty-ans-c01/
32	103124 	875202	2024-07-04 8:56	/discussions/amazon/view/103124-exam-aws-certified-advanced-networking-specialty-ans-c01/
33	103127 	875203	2025-01-15 15:18	/discussions/amazon/view/103127-exam-aws-certified-advanced-networking-specialty-ans-c01/
34	103128 	875204	2024-09-05 16:02	/discussions/amazon/view/103128-exam-aws-certified-advanced-networking-specialty-ans-c01/
35	103129 	875205	2024-04-04 0:59	/discussions/amazon/view/103129-exam-aws-certified-advanced-networking-specialty-ans-c01/
36	103130 	875206	2025-11-14 19:18	/discussions/amazon/view/103130-exam-aws-certified-advanced-networking-specialty-ans-c01/
37	103136 	875207	2024-09-07 15:44	/discussions/amazon/view/103136-exam-aws-certified-advanced-networking-specialty-ans-c01/
38	103137 	875208	2025-07-28 19:36	/discussions/amazon/view/103137-exam-aws-certified-advanced-networking-specialty-ans-c01/
39	103138 	875209	2024-04-04 1:27	/discussions/amazon/view/103138-exam-aws-certified-advanced-networking-specialty-ans-c01/
40	103139 	875210	2024-04-04 1:31	/discussions/amazon/view/103139-exam-aws-certified-advanced-networking-specialty-ans-c01/
41	103140 	875211	2024-07-21 14:27	/discussions/amazon/view/103140-exam-aws-certified-advanced-networking-specialty-ans-c01/
42	103142 	875212	2024-11-04 14:16	/discussions/amazon/view/103142-exam-aws-certified-advanced-networking-specialty-ans-c01/
43	103143 	875213	2024-04-26 0:29	/discussions/amazon/view/103143-exam-aws-certified-advanced-networking-specialty-ans-c01/
44	103145 	875214	2024-04-04 1:47	/discussions/amazon/view/103145-exam-aws-certified-advanced-networking-specialty-ans-c01/
45	103149 	875215	2024-10-26 12:04	/discussions/amazon/view/103149-exam-aws-certified-advanced-networking-specialty-ans-c01/
46	103151 	875216	2024-11-04 14:42	/discussions/amazon/view/103151-exam-aws-certified-advanced-networking-specialty-ans-c01/
47	103152 	875217	2024-10-21 14:00	/discussions/amazon/view/103152-exam-aws-certified-advanced-networking-specialty-ans-c01/
48	103154 	875218	2024-10-21 13:59	/discussions/amazon/view/103154-exam-aws-certified-advanced-networking-specialty-ans-c01/
49	103155 	875219	2024-10-21 13:58	/discussions/amazon/view/103155-exam-aws-certified-advanced-networking-specialty-ans-c01/
50	103156 	875220	2025-06-13 13:32	/discussions/amazon/view/103156-exam-aws-certified-advanced-networking-specialty-ans-c01/
51	103159 	875221	2024-11-11 17:19	/discussions/amazon/view/103159-exam-aws-certified-advanced-networking-specialty-ans-c01/
52	103160 	875222	2024-12-31 16:16	/discussions/amazon/view/103160-exam-aws-certified-advanced-networking-specialty-ans-c01/
53	103161 	875223	2025-07-04 5:52	/discussions/amazon/view/103161-exam-aws-certified-advanced-networking-specialty-ans-c01/
54	103247 	875224	2025-06-11 18:09	/discussions/amazon/view/103247-exam-aws-certified-advanced-networking-specialty-ans-c01/
55	103249 	875225	2024-10-26 13:40	/discussions/amazon/view/103249-exam-aws-certified-advanced-networking-specialty-ans-c01/
56	103251 	875226	2024-12-31 16:03	/discussions/amazon/view/103251-exam-aws-certified-advanced-networking-specialty-ans-c01/
57	103252 	875227	2024-12-31 16:01	/discussions/amazon/view/103252-exam-aws-certified-advanced-networking-specialty-ans-c01/
58	103254 	875228	2025-01-26 23:43	/discussions/amazon/view/103254-exam-aws-certified-advanced-networking-specialty-ans-c01/
59	103255 	875229	2024-10-23 12:39	/discussions/amazon/view/103255-exam-aws-certified-advanced-networking-specialty-ans-c01/
60	103256 	875230	2024-12-31 15:54	/discussions/amazon/view/103256-exam-aws-certified-advanced-networking-specialty-ans-c01/
61	103258 	875231	2024-04-10 0:28	/discussions/amazon/view/103258-exam-aws-certified-advanced-networking-specialty-ans-c01/
62	103261 	875232	2025-03-11 18:08	/discussions/amazon/view/103261-exam-aws-certified-advanced-networking-specialty-ans-c01/
63	103262 	875233	2024-04-10 0:19	/discussions/amazon/view/103262-exam-aws-certified-advanced-networking-specialty-ans-c01/
64	103264 	875234	2024-10-23 13:32	/discussions/amazon/view/103264-exam-aws-certified-advanced-networking-specialty-ans-c01/
65	103265 	875235	2024-10-23 13:38	/discussions/amazon/view/103265-exam-aws-certified-advanced-networking-specialty-ans-c01/
66	103267 	875236	2024-10-24 1:40	/discussions/amazon/view/103267-exam-aws-certified-advanced-networking-specialty-ans-c01/
67	103268 	875237	2024-10-24 1:51	/discussions/amazon/view/103268-exam-aws-certified-advanced-networking-specialty-ans-c01/
68	103269 	875238	2024-10-24 5:17	/discussions/amazon/view/103269-exam-aws-certified-advanced-networking-specialty-ans-c01/
69	103270 	875239	2024-12-31 14:24	/discussions/amazon/view/103270-exam-aws-certified-advanced-networking-specialty-ans-c01/
70	103271 	875240	2024-10-27 14:33	/discussions/amazon/view/103271-exam-aws-certified-advanced-networking-specialty-ans-c01/
71	103273 	875241	2024-10-27 14:41	/discussions/amazon/view/103273-exam-aws-certified-advanced-networking-specialty-ans-c01/
72	106759 	882326	2024-11-05 5:35	/discussions/amazon/view/106759-exam-aws-certified-advanced-networking-specialty-ans-c01/
73	107320 	882327	2025-12-30 13:36	/discussions/amazon/view/107320-exam-aws-certified-advanced-networking-specialty-ans-c01/
74	106844 	882328	2024-11-04 4:53	/discussions/amazon/view/106844-exam-aws-certified-advanced-networking-specialty-ans-c01/
75	106846 	882329	2025-09-17 22:48	/discussions/amazon/view/106846-exam-aws-certified-advanced-networking-specialty-ans-c01/
76	107142 	882330	2024-11-04 6:08	/discussions/amazon/view/107142-exam-aws-certified-advanced-networking-specialty-ans-c01/
77	107358 	882331	2025-03-16 9:06	/discussions/amazon/view/107358-exam-aws-certified-advanced-networking-specialty-ans-c01/
78	107350 	882332	2024-11-04 6:35	/discussions/amazon/view/107350-exam-aws-certified-advanced-networking-specialty-ans-c01/
79	107354 	882333	2025-12-03 11:12	/discussions/amazon/view/107354-exam-aws-certified-advanced-networking-specialty-ans-c01/
80	107373 	882334	2024-04-12 14:43	/discussions/amazon/view/107373-exam-aws-certified-advanced-networking-specialty-ans-c01/
81	107374 	882335	2024-11-04 12:21	/discussions/amazon/view/107374-exam-aws-certified-advanced-networking-specialty-ans-c01/
82	106768 	882336	2024-11-04 12:26	/discussions/amazon/view/106768-exam-aws-certified-advanced-networking-specialty-ans-c01/
83	106929 	882337	2024-12-31 13:45	/discussions/amazon/view/106929-exam-aws-certified-advanced-networking-specialty-ans-c01/
84	106855 	882338	2025-09-18 16:26	/discussions/amazon/view/106855-exam-aws-certified-advanced-networking-specialty-ans-c01/
85	106852 	882339	2024-11-04 12:51	/discussions/amazon/view/106852-exam-aws-certified-advanced-networking-specialty-ans-c01/
86	106856 	882340	2025-02-16 20:45	/discussions/amazon/view/106856-exam-aws-certified-advanced-networking-specialty-ans-c01/
87	107570 	882341	2025-07-08 6:57	/discussions/amazon/view/107570-exam-aws-certified-advanced-networking-specialty-ans-c01/
88	107571 	882342	2024-11-19 12:03	/discussions/amazon/view/107571-exam-aws-certified-advanced-networking-specialty-ans-c01/
89	108177 	882343	2025-09-19 14:24	/discussions/amazon/view/108177-exam-aws-certified-advanced-networking-specialty-ans-c01/
90	106908 	882344	2024-11-19 12:09	/discussions/amazon/view/106908-exam-aws-certified-advanced-networking-specialty-ans-c01/
91	111294 	884934	2025-07-16 19:06	/discussions/amazon/view/111294-exam-aws-certified-advanced-networking-specialty-ans-c01/
92	112394 	884935	2025-04-22 18:55	/discussions/amazon/view/112394-exam-aws-certified-advanced-networking-specialty-ans-c01/
93	111264 	884936	2025-01-16 2:30	/discussions/amazon/view/111264-exam-aws-certified-advanced-networking-specialty-ans-c01/
94	112540 	884937	2024-02-15 3:32	/discussions/amazon/view/112540-exam-aws-certified-advanced-networking-specialty-ans-c01/
95	111545 	884938	2024-11-25 15:09	/discussions/amazon/view/111545-exam-aws-certified-advanced-networking-specialty-ans-c01/
96	111543 	884939	2024-11-26 5:25	/discussions/amazon/view/111543-exam-aws-certified-advanced-networking-specialty-ans-c01/
97	112417 	884940	2025-09-19 17:23	/discussions/amazon/view/112417-exam-aws-certified-advanced-networking-specialty-ans-c01/
98	111547 	884941	2024-11-01 13:02	/discussions/amazon/view/111547-exam-aws-certified-advanced-networking-specialty-ans-c01/
99	111255 	884942	2024-02-17 11:10	/discussions/amazon/view/111255-exam-aws-certified-advanced-networking-specialty-ans-c01/
100	111795 	884943	2025-08-20 19:55	/discussions/amazon/view/111795-exam-aws-certified-advanced-networking-specialty-ans-c01/
101	113233 	884944	2024-11-29 7:13	/discussions/amazon/view/113233-exam-aws-certified-advanced-networking-specialty-ans-c01/
102	113235 	884945	2024-12-02 5:39	/discussions/amazon/view/113235-exam-aws-certified-advanced-networking-specialty-ans-c01/
103	111872 	884946	2024-04-10 5:48	/discussions/amazon/view/111872-exam-aws-certified-advanced-networking-specialty-ans-c01/
104	112422 	884947	2024-12-02 4:32	/discussions/amazon/view/112422-exam-aws-certified-advanced-networking-specialty-ans-c01/
105	111970 	884948	2024-02-17 11:28	/discussions/amazon/view/111970-exam-aws-certified-advanced-networking-specialty-ans-c01/
106	112761 	884949	2024-12-02 6:46	/discussions/amazon/view/112761-exam-aws-certified-advanced-networking-specialty-ans-c01/
107	111808 	884950	2025-04-24 17:26	/discussions/amazon/view/111808-exam-aws-certified-advanced-networking-specialty-ans-c01/
108	112763 	884951	2025-02-12 2:03	/discussions/amazon/view/112763-exam-aws-certified-advanced-networking-specialty-ans-c01/
109	111977 	884952	2025-04-02 17:27	/discussions/amazon/view/111977-exam-aws-certified-advanced-networking-specialty-ans-c01/
110	113187 	884953	2025-08-21 13:11	/discussions/amazon/view/113187-exam-aws-certified-advanced-networking-specialty-ans-c01/
111	111891 	884954	2025-09-20 11:29	/discussions/amazon/view/111891-exam-aws-certified-advanced-networking-specialty-ans-c01/
112	111648 	884955	2025-02-25 1:13	/discussions/amazon/view/111648-exam-aws-certified-advanced-networking-specialty-ans-c01/
113	112217 	884956	2025-12-30 5:07	/discussions/amazon/view/112217-exam-aws-certified-advanced-networking-specialty-ans-c01/
114	111650 	884957	2025-08-23 20:03	/discussions/amazon/view/111650-exam-aws-certified-advanced-networking-specialty-ans-c01/
115	111658 	884958	2024-12-02 13:05	/discussions/amazon/view/111658-exam-aws-certified-advanced-networking-specialty-ans-c01/
116	111665 	884959	2024-03-05 4:19	/discussions/amazon/view/111665-exam-aws-certified-advanced-networking-specialty-ans-c01/
117	111864 	884960	2024-12-02 13:23	/discussions/amazon/view/111864-exam-aws-certified-advanced-networking-specialty-ans-c01/
118	111318 	884961	2025-02-03 21:55	/discussions/amazon/view/111318-exam-aws-certified-advanced-networking-specialty-ans-c01/
119	111200 	884962	2024-11-07 9:20	/discussions/amazon/view/111200-exam-aws-certified-advanced-networking-specialty-ans-c01/
120	111203 	884963	2024-04-25 3:07	/discussions/amazon/view/111203-exam-aws-certified-advanced-networking-specialty-ans-c01/
121	113685 	884964	2024-02-17 3:17	/discussions/amazon/view/113685-exam-aws-certified-advanced-networking-specialty-ans-c01/
122	112032 	884965	2024-09-07 18:16	/discussions/amazon/view/112032-exam-aws-certified-advanced-networking-specialty-ans-c01/
123	112003 	884966	2025-09-21 14:07	/discussions/amazon/view/112003-exam-aws-certified-advanced-networking-specialty-ans-c01/
124	111616 	884967	2025-09-21 16:12	/discussions/amazon/view/111616-exam-aws-certified-advanced-networking-specialty-ans-c01/
125	111320 	884968	2025-01-06 12:09	/discussions/amazon/view/111320-exam-aws-certified-advanced-networking-specialty-ans-c01/
126	111321 	884969	2025-08-16 5:39	/discussions/amazon/view/111321-exam-aws-certified-advanced-networking-specialty-ans-c01/
127	112778 	884970	2024-12-04 12:20	/discussions/amazon/view/112778-exam-aws-certified-advanced-networking-specialty-ans-c01/
128	111322 	884971	2024-12-03 14:24	/discussions/amazon/view/111322-exam-aws-certified-advanced-networking-specialty-ans-c01/
129	112291 	884972	2024-12-30 2:35	/discussions/amazon/view/112291-exam-aws-certified-advanced-networking-specialty-ans-c01/
130	111899 	884973	2024-12-03 14:46	/discussions/amazon/view/111899-exam-aws-certified-advanced-networking-specialty-ans-c01/
131	111900 	884974	2024-07-17 10:49	/discussions/amazon/view/111900-exam-aws-certified-advanced-networking-specialty-ans-c01/
132	111911 	884975	2024-07-17 10:57	/discussions/amazon/view/111911-exam-aws-certified-advanced-networking-specialty-ans-c01/
133	111920 	884976	2025-09-21 18:00	/discussions/amazon/view/111920-exam-aws-certified-advanced-networking-specialty-ans-c01/
134	112426 	884977	2025-02-27 13:49	/discussions/amazon/view/112426-exam-aws-certified-advanced-networking-specialty-ans-c01/
135	111809 	884978	2025-11-27 11:30	/discussions/amazon/view/111809-exam-aws-certified-advanced-networking-specialty-ans-c01/
136	113992 	884979	2024-07-15 13:02	/discussions/amazon/view/113992-exam-aws-certified-advanced-networking-specialty-ans-c01/
137	111691 	884980	2025-12-28 10:47	/discussions/amazon/view/111691-exam-aws-certified-advanced-networking-specialty-ans-c01/
138	111649 	884981	2024-11-02 13:12	/discussions/amazon/view/111649-exam-aws-certified-advanced-networking-specialty-ans-c01/
139	111688 	884982	2025-05-02 2:55	/discussions/amazon/view/111688-exam-aws-certified-advanced-networking-specialty-ans-c01/
140	111877 	884983	2025-01-25 16:10	/discussions/amazon/view/111877-exam-aws-certified-advanced-networking-specialty-ans-c01/
141	111598 	884984	2023-11-06 16:15	/discussions/amazon/view/111598-exam-aws-certified-advanced-networking-specialty-ans-c01/
142	111597 	884985	2024-03-10 19:57	/discussions/amazon/view/111597-exam-aws-certified-advanced-networking-specialty-ans-c01/
143	111596 	884986	2024-11-02 13:36	/discussions/amazon/view/111596-exam-aws-certified-advanced-networking-specialty-ans-c01/
144	116412 	892277	2024-12-30 1:56	/discussions/amazon/view/116412-exam-aws-certified-advanced-networking-specialty-ans-c01/
145	116415 	892278	2024-12-07 7:39	/discussions/amazon/view/116415-exam-aws-certified-advanced-networking-specialty-ans-c01/
146	116416 	892279	2024-12-30 1:49	/discussions/amazon/view/116416-exam-aws-certified-advanced-networking-specialty-ans-c01/
147	116560 	892280	2024-12-30 1:46	/discussions/amazon/view/116560-exam-aws-certified-advanced-networking-specialty-ans-c01/
148	116417 	892281	2024-12-07 8:26	/discussions/amazon/view/116417-exam-aws-certified-advanced-networking-specialty-ans-c01/
149	116421 	892282	2024-12-30 1:36	/discussions/amazon/view/116421-exam-aws-certified-advanced-networking-specialty-ans-c01/
150	116426 	892283	2024-12-30 1:28	/discussions/amazon/view/116426-exam-aws-certified-advanced-networking-specialty-ans-c01/
151	116576 	892284	2024-02-15 4:11	/discussions/amazon/view/116576-exam-aws-certified-advanced-networking-specialty-ans-c01/
152	116856 	892285	2024-12-08 6:34	/discussions/amazon/view/116856-exam-aws-certified-advanced-networking-specialty-ans-c01/
153	116434 	892286	2024-12-29 19:20	/discussions/amazon/view/116434-exam-aws-certified-advanced-networking-specialty-ans-c01/
154	116435 	892287	2024-12-08 7:06	/discussions/amazon/view/116435-exam-aws-certified-advanced-networking-specialty-ans-c01/
155	116437 	892288	2025-01-15 8:16	/discussions/amazon/view/116437-exam-aws-certified-advanced-networking-specialty-ans-c01/
156	116578 	892289	2024-04-10 19:51	/discussions/amazon/view/116578-exam-aws-certified-advanced-networking-specialty-ans-c01/
157	116579 	892290	2024-12-29 19:07	/discussions/amazon/view/116579-exam-aws-certified-advanced-networking-specialty-ans-c01/
158	116849 	892291	2024-12-29 19:05	/discussions/amazon/view/116849-exam-aws-certified-advanced-networking-specialty-ans-c01/
159	116583 	892292	2024-12-29 19:03	/discussions/amazon/view/116583-exam-aws-certified-advanced-networking-specialty-ans-c01/
160	116439 	892293	2024-12-08 8:07	/discussions/amazon/view/116439-exam-aws-certified-advanced-networking-specialty-ans-c01/
161	116842 	892294	2025-08-15 17:50	/discussions/amazon/view/116842-exam-aws-certified-advanced-networking-specialty-ans-c01/
162	116597 	892295	2025-09-10 8:36	/discussions/amazon/view/116597-exam-aws-certified-advanced-networking-specialty-ans-c01/
163	116844 	892296	2024-11-02 15:16	/discussions/amazon/view/116844-exam-aws-certified-advanced-networking-specialty-ans-c01/
164	116845 	892297	2024-12-29 18:43	/discussions/amazon/view/116845-exam-aws-certified-advanced-networking-specialty-ans-c01/
165	116584 	892298	2024-12-29 18:38	/discussions/amazon/view/116584-exam-aws-certified-advanced-networking-specialty-ans-c01/
166	116664 	892299	2025-05-11 16:22	/discussions/amazon/view/116664-exam-aws-certified-advanced-networking-specialty-ans-c01/
167	116586 	892300	2024-12-29 18:31	/discussions/amazon/view/116586-exam-aws-certified-advanced-networking-specialty-ans-c01/
168	136610 	914330	2025-02-14 21:23	/discussions/amazon/view/136610-exam-aws-certified-advanced-networking-specialty-ans-c01/
169	136612 	914331	2025-01-27 9:21	/discussions/amazon/view/136612-exam-aws-certified-advanced-networking-specialty-ans-c01/
170	136695 	914332	2024-12-08 10:53	/discussions/amazon/view/136695-exam-aws-certified-advanced-networking-specialty-ans-c01/
171	136721 	914333	2025-05-01 4:26	/discussions/amazon/view/136721-exam-aws-certified-advanced-networking-specialty-ans-c01/
172	137611 	914334	2024-12-29 18:07	/discussions/amazon/view/137611-exam-aws-certified-advanced-networking-specialty-ans-c01/
173	136723 	914335	2025-03-21 12:56	/discussions/amazon/view/136723-exam-aws-certified-advanced-networking-specialty-ans-c01/
174	136727 	914336	2024-12-29 17:54	/discussions/amazon/view/136727-exam-aws-certified-advanced-networking-specialty-ans-c01/
175	136697 	914337	2025-08-23 14:09	/discussions/amazon/view/136697-exam-aws-certified-advanced-networking-specialty-ans-c01/
176	136772 	914338	2024-11-09 14:07	/discussions/amazon/view/136772-exam-aws-certified-advanced-networking-specialty-ans-c01/
177	137505 	914339	2025-12-31 4:32	/discussions/amazon/view/137505-exam-aws-certified-advanced-networking-specialty-ans-c01/
178	136733 	914340	2025-12-31 4:44	/discussions/amazon/view/136733-exam-aws-certified-advanced-networking-specialty-ans-c01/
179	136801 	914341	2024-07-16 9:25	/discussions/amazon/view/136801-exam-aws-certified-advanced-networking-specialty-ans-c01/
180	137620 	914342	2024-11-02 17:02	/discussions/amazon/view/137620-exam-aws-certified-advanced-networking-specialty-ans-c01/
181	138071 	914343	2025-02-28 13:14	/discussions/amazon/view/138071-exam-aws-certified-advanced-networking-specialty-ans-c01/
182	138178 	914344	2025-02-08 12:12	/discussions/amazon/view/138178-exam-aws-certified-advanced-networking-specialty-ans-c01/
183	136803 	914345	2025-03-22 22:25	/discussions/amazon/view/136803-exam-aws-certified-advanced-networking-specialty-ans-c01/
184	138179 	914346	2024-12-09 14:14	/discussions/amazon/view/138179-exam-aws-certified-advanced-networking-specialty-ans-c01/
185	142421 	914347	2024-12-09 14:23	/discussions/amazon/view/142421-exam-aws-certified-advanced-networking-specialty-ans-c01/
186	137630 	914348	2024-12-27 15:55	/discussions/amazon/view/137630-exam-aws-certified-advanced-networking-specialty-ans-c01/
187	137719 	914349	2024-12-11 6:51	/discussions/amazon/view/137719-exam-aws-certified-advanced-networking-specialty-ans-c01/
188	137632 	914350	2025-08-24 18:02	/discussions/amazon/view/137632-exam-aws-certified-advanced-networking-specialty-ans-c01/
189	137633 	914351	2024-07-23 9:50	/discussions/amazon/view/137633-exam-aws-certified-advanced-networking-specialty-ans-c01/
190	141573 	921270	2025-01-26 11:56	/discussions/amazon/view/141573-exam-aws-certified-advanced-networking-specialty-ans-c01/
191	141574 	921271	2024-12-11 7:49	/discussions/amazon/view/141574-exam-aws-certified-advanced-networking-specialty-ans-c01/
192	142313 	921272	2025-10-08 21:30	/discussions/amazon/view/142313-exam-aws-certified-advanced-networking-specialty-ans-c01/
193	142422 	921273	2024-12-29 16:57	/discussions/amazon/view/142422-exam-aws-certified-advanced-networking-specialty-ans-c01/
194	141575 	921274	2024-12-29 16:55	/discussions/amazon/view/141575-exam-aws-certified-advanced-networking-specialty-ans-c01/
195	142424 	921275	2024-12-29 16:53	/discussions/amazon/view/142424-exam-aws-certified-advanced-networking-specialty-ans-c01/
196	141576 	921276	2025-12-29 11:23	/discussions/amazon/view/141576-exam-aws-certified-advanced-networking-specialty-ans-c01/
197	143038 	921277	2025-05-01 2:49	/discussions/amazon/view/143038-exam-aws-certified-advanced-networking-specialty-ans-c01/
198	142790 	921278	2024-12-29 16:40	/discussions/amazon/view/142790-exam-aws-certified-advanced-networking-specialty-ans-c01/
199	142426 	921279	2024-12-29 5:18	/discussions/amazon/view/142426-exam-aws-certified-advanced-networking-specialty-ans-c01/
200	144441 	921280	2025-01-03 14:01	/discussions/amazon/view/144441-exam-aws-certified-advanced-networking-specialty-ans-c01/
201	142425 	921281	2024-12-15 11:00	/discussions/amazon/view/142425-exam-aws-certified-advanced-networking-specialty-ans-c01/
202	142144 	921282	2025-05-08 7:34	/discussions/amazon/view/142144-exam-aws-certified-advanced-networking-specialty-ans-c01/
203	145668 	926499	2024-12-29 5:12	/discussions/amazon/view/145668-exam-aws-certified-advanced-networking-specialty-ans-c01/
204	145670 	926500	2025-09-14 4:20	/discussions/amazon/view/145670-exam-aws-certified-advanced-networking-specialty-ans-c01/
205	145437 	926501	2024-12-29 5:07	/discussions/amazon/view/145437-exam-aws-certified-advanced-networking-specialty-ans-c01/
206	145440 	926502	2024-12-29 5:05	/discussions/amazon/view/145440-exam-aws-certified-advanced-networking-specialty-ans-c01/
207	145672 	926503	2026-01-01 5:33	/discussions/amazon/view/145672-exam-aws-certified-advanced-networking-specialty-ans-c01/
208	145673 	926504	2025-01-20 1:34	/discussions/amazon/view/145673-exam-aws-certified-advanced-networking-specialty-ans-c01/
209	145674 	926505	2024-12-29 4:54	/discussions/amazon/view/145674-exam-aws-certified-advanced-networking-specialty-ans-c01/
210	145678 	926506	2024-12-15 12:37	/discussions/amazon/view/145678-exam-aws-certified-advanced-networking-specialty-ans-c01/
211	145682 	926507	2024-12-16 9:31	/discussions/amazon/view/145682-exam-aws-certified-advanced-networking-specialty-ans-c01/
212	145684 	926508	2025-09-14 5:13	/discussions/amazon/view/145684-exam-aws-certified-advanced-networking-specialty-ans-c01/
213	145570 	926509	2025-01-12 20:09	/discussions/amazon/view/145570-exam-aws-certified-advanced-networking-specialty-ans-c01/
214	145685 	926510	2025-01-12 20:01	/discussions/amazon/view/145685-exam-aws-certified-advanced-networking-specialty-ans-c01/
215	145686 	926511	2025-01-21 0:39	/discussions/amazon/view/145686-exam-aws-certified-advanced-networking-specialty-ans-c01/
216	146536 	926512	2025-08-25 18:09	/discussions/amazon/view/146536-exam-aws-certified-advanced-networking-specialty-ans-c01/
217	146537 	926513	2025-12-05 13:27	/discussions/amazon/view/146537-exam-aws-certified-advanced-networking-specialty-ans-c01/
218	146538 	926514	2024-12-29 2:47	/discussions/amazon/view/146538-exam-aws-certified-advanced-networking-specialty-ans-c01/
219	146608 	926515	2024-12-16 14:21	/discussions/amazon/view/146608-exam-aws-certified-advanced-networking-specialty-ans-c01/
220	146250 	926516	2025-05-15 21:03	/discussions/amazon/view/146250-exam-aws-certified-advanced-networking-specialty-ans-c01/
221	151578 	934996	2025-01-08 3:36	/discussions/amazon/view/151578-exam-aws-certified-advanced-networking-specialty-ans-c01/
222	151584 	934997	2025-09-25 7:40	/discussions/amazon/view/151584-exam-aws-certified-advanced-networking-specialty-ans-c01/
223	151576 	934998	2025-08-25 19:46	/discussions/amazon/view/151576-exam-aws-certified-advanced-networking-specialty-ans-c01/
224	151552 	934999	2025-01-08 3:14	/discussions/amazon/view/151552-exam-aws-certified-advanced-networking-specialty-ans-c01/
225	151599 	935000	2025-03-15 6:06	/discussions/amazon/view/151599-exam-aws-certified-advanced-networking-specialty-ans-c01/
226	151603 	935001	2025-03-31 12:28	/discussions/amazon/view/151603-exam-aws-certified-advanced-networking-specialty-ans-c01/
227	151605 	935002	2025-02-25 14:48	/discussions/amazon/view/151605-exam-aws-certified-advanced-networking-specialty-ans-c01/
228	153932 	935003	2025-02-25 15:00	/discussions/amazon/view/153932-exam-aws-certified-advanced-networking-specialty-ans-c01/
229	153935 	935004	2025-05-09 14:35	/discussions/amazon/view/153935-exam-aws-certified-advanced-networking-specialty-ans-c01/
230	151575 	935005	2025-04-06 15:31	/discussions/amazon/view/151575-exam-aws-certified-advanced-networking-specialty-ans-c01/
231	154148 	935006	2025-12-01 9:22	/discussions/amazon/view/154148-exam-aws-certified-advanced-networking-specialty-ans-c01/
232	153955 	935007	2025-03-31 13:51	/discussions/amazon/view/153955-exam-aws-certified-advanced-networking-specialty-ans-c01/
233	153076 	935008	2024-12-28 18:18	/discussions/amazon/view/153076-exam-aws-certified-advanced-networking-specialty-ans-c01/
234	151608 	935009	2024-12-23 8:47	/discussions/amazon/view/151608-exam-aws-certified-advanced-networking-specialty-ans-c01/
235	153958 	937656	2025-03-05 10:25	/discussions/amazon/view/153958-exam-aws-certified-advanced-networking-specialty-ans-c01/
236	155231 	937657	2025-12-19 3:53	/discussions/amazon/view/155231-exam-aws-certified-advanced-networking-specialty-ans-c01/
237	153961 	937658	2025-03-31 14:08	/discussions/amazon/view/153961-exam-aws-certified-advanced-networking-specialty-ans-c01/
238	155744 	937659	2025-02-01 9:00	/discussions/amazon/view/155744-exam-aws-certified-advanced-networking-specialty-ans-c01/
239	155745 	937660	2025-03-14 6:01	/discussions/amazon/view/155745-exam-aws-certified-advanced-networking-specialty-ans-c01/
240	154121 	937661	2025-01-19 16:09	/discussions/amazon/view/154121-exam-aws-certified-advanced-networking-specialty-ans-c01/
241	153963 	937662	2025-08-04 13:52	/discussions/amazon/view/153963-exam-aws-certified-advanced-networking-specialty-ans-c01/
242	153964 	937663	2025-01-12 6:01	/discussions/amazon/view/153964-exam-aws-certified-advanced-networking-specialty-ans-c01/
243	153969 	937664	2025-01-12 6:19	/discussions/amazon/view/153969-exam-aws-certified-advanced-networking-specialty-ans-c01/
244	153976 	937665	2025-02-03 16:19	/discussions/amazon/view/153976-exam-aws-certified-advanced-networking-specialty-ans-c01/
245	153982 	937666	2025-03-31 19:25	/discussions/amazon/view/153982-exam-aws-certified-advanced-networking-specialty-ans-c01/
246	153983 	937667	2025-03-31 19:27	/discussions/amazon/view/153983-exam-aws-certified-advanced-networking-specialty-ans-c01/
247	153987 	937668	2025-02-09 20:11	/discussions/amazon/view/153987-exam-aws-certified-advanced-networking-specialty-ans-c01/
248	153988 	937669	2025-03-31 19:36	/discussions/amazon/view/153988-exam-aws-certified-advanced-networking-specialty-ans-c01/
249	154058 	937670	2025-03-31 19:40	/discussions/amazon/view/154058-exam-aws-certified-advanced-networking-specialty-ans-c01/
250	154057 	937671	2025-04-30 1:04	/discussions/amazon/view/154057-exam-aws-certified-advanced-networking-specialty-ans-c01/
251	154059 	937672	2025-04-01 8:35	/discussions/amazon/view/154059-exam-aws-certified-advanced-networking-specialty-ans-c01/
252	154681 	937673	2025-04-01 8:39	/discussions/amazon/view/154681-exam-aws-certified-advanced-networking-specialty-ans-c01/
253	154062 	937674	2025-01-12 10:31	/discussions/amazon/view/154062-exam-aws-certified-advanced-networking-specialty-ans-c01/
254	154064 	937675	2025-01-07 15:25	/discussions/amazon/view/154064-exam-aws-certified-advanced-networking-specialty-ans-c01/
255	154055 	937676	2025-04-29 22:38	/discussions/amazon/view/154055-exam-aws-certified-advanced-networking-specialty-ans-c01/
256	154065 	937677	2025-10-14 3:40	/discussions/amazon/view/154065-exam-aws-certified-advanced-networking-specialty-ans-c01/
257	154066 	937678	2025-01-07 15:41	/discussions/amazon/view/154066-exam-aws-certified-advanced-networking-specialty-ans-c01/
258	154072 	937679	2025-12-01 13:30	/discussions/amazon/view/154072-exam-aws-certified-advanced-networking-specialty-ans-c01/
259	154073 	937680	2025-04-01 9:17	/discussions/amazon/view/154073-exam-aws-certified-advanced-networking-specialty-ans-c01/
260	154074 	937681	2025-04-01 9:22	/discussions/amazon/view/154074-exam-aws-certified-advanced-networking-specialty-ans-c01/
261	154674 	937682	2025-04-01 9:47	/discussions/amazon/view/154674-exam-aws-certified-advanced-networking-specialty-ans-c01/
262	154670 	937683	2025-02-02 1:17	/discussions/amazon/view/154670-exam-aws-certified-advanced-networking-specialty-ans-c01/
263	154669 	937684	2025-04-01 9:53	/discussions/amazon/view/154669-exam-aws-certified-advanced-networking-specialty-ans-c01/
264	170990 	943282	2025-05-14 7:17	/discussions/amazon/view/170990-exam-aws-certified-advanced-networking-specialty-ans-c01/
265	170991 	943283	2025-04-08 20:34	/discussions/amazon/view/170991-exam-aws-certified-advanced-networking-specialty-ans-c01/
266	169828 	943284	2025-04-01 10:03	/discussions/amazon/view/169828-exam-aws-certified-advanced-networking-specialty-ans-c01/
267	170992 	943285	2025-08-24 16:36	/discussions/amazon/view/170992-exam-aws-certified-advanced-networking-specialty-ans-c01/
268	169825 	943286	2025-04-06 16:07	/discussions/amazon/view/169825-exam-aws-certified-advanced-networking-specialty-ans-c01/
269	169824 	943287	2025-05-17 13:21	/discussions/amazon/view/169824-exam-aws-certified-advanced-networking-specialty-ans-c01/
270	170993 	943288	2025-04-01 10:16	/discussions/amazon/view/170993-exam-aws-certified-advanced-networking-specialty-ans-c01/
271	171132 	943289	2025-08-23 8:53	/discussions/amazon/view/171132-exam-aws-certified-advanced-networking-specialty-ans-c01/
272	169822 	943290	2025-04-01 12:17	/discussions/amazon/view/169822-exam-aws-certified-advanced-networking-specialty-ans-c01/
