1	133045 	908898	2025-11-24 14:49	/discussions/amazon/view/133045-exam-aws-certified-data-engineer-associate-dea-c01-topic-1/
2	131714 	908899	2025-11-25 12:25	/discussions/amazon/view/131714-exam-aws-certified-data-engineer-associate-dea-c01-topic-1/
3	131706 	908900	2025-11-25 12:31	/discussions/amazon/view/131706-exam-aws-certified-data-engineer-associate-dea-c01-topic-1/
4	131467 	908901	2025-11-25 12:50	/discussions/amazon/view/131467-exam-aws-certified-data-engineer-associate-dea-c01-topic-1/
5	131707 	908902	2025-11-25 13:23	/discussions/amazon/view/131707-exam-aws-certified-data-engineer-associate-dea-c01-topic-1/
6	131469 	908903	2025-11-25 13:29	/discussions/amazon/view/131469-exam-aws-certified-data-engineer-associate-dea-c01-topic-1/
7	131470 	908904	2025-11-25 13:30	/discussions/amazon/view/131470-exam-aws-certified-data-engineer-associate-dea-c01-topic-1/
8	131471 	908905	2025-03-24 14:52	/discussions/amazon/view/131471-exam-aws-certified-data-engineer-associate-dea-c01-topic-1/
9	132628 	908906	2024-07-24 17:18	/discussions/amazon/view/132628-exam-aws-certified-data-engineer-associate-dea-c01-topic-1/
10	131472 	908907	2025-07-29 15:26	/discussions/amazon/view/131472-exam-aws-certified-data-engineer-associate-dea-c01-topic-1/
11	131473 	908908	2025-11-25 13:42	/discussions/amazon/view/131473-exam-aws-certified-data-engineer-associate-dea-c01-topic-1/
12	131474 	908909	2025-11-25 13:44	/discussions/amazon/view/131474-exam-aws-certified-data-engineer-associate-dea-c01-topic-1/
13	131709 	908910	2025-11-25 13:52	/discussions/amazon/view/131709-exam-aws-certified-data-engineer-associate-dea-c01-topic-1/
14	131675 	908911	2025-11-25 13:53	/discussions/amazon/view/131675-exam-aws-certified-data-engineer-associate-dea-c01-topic-1/
15	131676 	908912	2025-11-25 13:45	/discussions/amazon/view/131676-exam-aws-certified-data-engineer-associate-dea-c01-topic-1/
16	131677 	908913	2025-07-21 10:18	/discussions/amazon/view/131677-exam-aws-certified-data-engineer-associate-dea-c01-topic-1/
17	131679 	908914	2025-02-13 15:51	/discussions/amazon/view/131679-exam-aws-certified-data-engineer-associate-dea-c01-topic-1/
18	131680 	908915	2025-02-13 15:55	/discussions/amazon/view/131680-exam-aws-certified-data-engineer-associate-dea-c01-topic-1/
19	131683 	908916	2025-02-05 9:11	/discussions/amazon/view/131683-exam-aws-certified-data-engineer-associate-dea-c01-topic-1/
20	131684 	908917	2025-11-30 2:09	/discussions/amazon/view/131684-exam-aws-certified-data-engineer-associate-dea-c01-topic-1/
21	132653 	908918	2025-03-30 0:57	/discussions/amazon/view/132653-exam-aws-certified-data-engineer-associate-dea-c01-topic-1/
22	131710 	908919	2025-03-23 10:09	/discussions/amazon/view/131710-exam-aws-certified-data-engineer-associate-dea-c01-topic-1/
23	132654 	908920	2025-09-16 22:18	/discussions/amazon/view/132654-exam-aws-certified-data-engineer-associate-dea-c01-topic-1/
24	131711 	908921	2024-09-20 6:31	/discussions/amazon/view/131711-exam-aws-certified-data-engineer-associate-dea-c01-topic-1/
25	131712 	908922	2024-12-09 4:46	/discussions/amazon/view/131712-exam-aws-certified-data-engineer-associate-dea-c01-topic-1/
26	131713 	908923	2025-03-28 14:23	/discussions/amazon/view/131713-exam-aws-certified-data-engineer-associate-dea-c01-topic-1/
27	133048 	908924	2025-03-27 9:33	/discussions/amazon/view/133048-exam-aws-certified-data-engineer-associate-dea-c01-topic-1/
28	132734 	908925	2024-12-24 22:00	/discussions/amazon/view/132734-exam-aws-certified-data-engineer-associate-dea-c01-topic-1/
29	132773 	908926	2024-08-29 3:40	/discussions/amazon/view/132773-exam-aws-certified-data-engineer-associate-dea-c01-topic-1/
30	132774 	908927	2024-12-18 0:56	/discussions/amazon/view/132774-exam-aws-certified-data-engineer-associate-dea-c01-topic-1/
31	132737 	908928	2024-07-10 5:48	/discussions/amazon/view/132737-exam-aws-certified-data-engineer-associate-dea-c01-topic-1/
32	132738 	908929	2025-01-29 15:42	/discussions/amazon/view/132738-exam-aws-certified-data-engineer-associate-dea-c01-topic-1/
33	132630 	908930	2025-08-04 12:44	/discussions/amazon/view/132630-exam-aws-certified-data-engineer-associate-dea-c01-topic-1/
34	133056 	908931	2025-01-24 21:11	/discussions/amazon/view/133056-exam-aws-certified-data-engineer-associate-dea-c01-topic-1/
35	131705 	908932	2025-09-14 13:07	/discussions/amazon/view/131705-exam-aws-certified-data-engineer-associate-dea-c01-topic-1/
36	131708 	908933	2025-02-12 6:16	/discussions/amazon/view/131708-exam-aws-certified-data-engineer-associate-dea-c01-topic-1/
37	132739 	908934	2025-01-22 7:47	/discussions/amazon/view/132739-exam-aws-certified-data-engineer-associate-dea-c01-topic-1/
38	132762 	908935	2025-01-26 21:30	/discussions/amazon/view/132762-exam-aws-certified-data-engineer-associate-dea-c01-topic-1/
39	132742 	908936	2025-04-19 18:01	/discussions/amazon/view/132742-exam-aws-certified-data-engineer-associate-dea-c01-topic-1/
40	132660 	908937	2024-12-19 17:16	/discussions/amazon/view/132660-exam-aws-certified-data-engineer-associate-dea-c01-topic-1/
41	132349 	908938	2024-11-13 2:46	/discussions/amazon/view/132349-exam-aws-certified-data-engineer-associate-dea-c01-topic-1/
42	132348 	908939	2024-11-13 2:09	/discussions/amazon/view/132348-exam-aws-certified-data-engineer-associate-dea-c01-topic-1/
43	132353 	908940	2025-04-19 23:26	/discussions/amazon/view/132353-exam-aws-certified-data-engineer-associate-dea-c01-topic-1/
44	132354 	908941	2025-03-02 16:44	/discussions/amazon/view/132354-exam-aws-certified-data-engineer-associate-dea-c01-topic-1/
45	132667 	908942	2025-04-19 23:40	/discussions/amazon/view/132667-exam-aws-certified-data-engineer-associate-dea-c01-topic-1/
46	132364 	908943	2025-04-19 23:45	/discussions/amazon/view/132364-exam-aws-certified-data-engineer-associate-dea-c01-topic-1/
47	132669 	908944	2024-12-10 3:39	/discussions/amazon/view/132669-exam-aws-certified-data-engineer-associate-dea-c01-topic-1/
48	132672 	908945	2025-08-12 17:20	/discussions/amazon/view/132672-exam-aws-certified-data-engineer-associate-dea-c01-topic-1/
49	132673 	908946	2025-08-06 5:22	/discussions/amazon/view/132673-exam-aws-certified-data-engineer-associate-dea-c01-topic-1/
50	132674 	908947	2024-12-29 13:28	/discussions/amazon/view/132674-exam-aws-certified-data-engineer-associate-dea-c01-topic-1/
51	132676 	908948	2024-08-20 11:58	/discussions/amazon/view/132676-exam-aws-certified-data-engineer-associate-dea-c01-topic-1/
52	132677 	908949	2024-12-10 4:25	/discussions/amazon/view/132677-exam-aws-certified-data-engineer-associate-dea-c01-topic-1/
53	132678 	908950	2025-03-04 10:19	/discussions/amazon/view/132678-exam-aws-certified-data-engineer-associate-dea-c01-topic-1/
54	132680 	908951	2024-11-10 12:39	/discussions/amazon/view/132680-exam-aws-certified-data-engineer-associate-dea-c01-topic-1/
55	132681 	908952	2024-12-11 5:35	/discussions/amazon/view/132681-exam-aws-certified-data-engineer-associate-dea-c01-topic-1/
56	132683 	908953	2025-07-02 20:15	/discussions/amazon/view/132683-exam-aws-certified-data-engineer-associate-dea-c01-topic-1/
57	132684 	908954	2024-05-19 18:32	/discussions/amazon/view/132684-exam-aws-certified-data-engineer-associate-dea-c01-topic-1/
58	132685 	908955	2024-06-20 20:42	/discussions/amazon/view/132685-exam-aws-certified-data-engineer-associate-dea-c01-topic-1/
59	132686 	908956	2024-08-28 3:31	/discussions/amazon/view/132686-exam-aws-certified-data-engineer-associate-dea-c01-topic-1/
60	132687 	908957	2024-05-28 9:48	/discussions/amazon/view/132687-exam-aws-certified-data-engineer-associate-dea-c01-topic-1/
61	135451 	908958	2024-11-06 15:20	/discussions/amazon/view/135451-exam-aws-certified-data-engineer-associate-dea-c01-topic-1/
62	135091 	908959	2024-10-02 13:10	/discussions/amazon/view/135091-exam-aws-certified-data-engineer-associate-dea-c01-topic-1/
63	132688 	908960	2024-07-10 13:53	/discussions/amazon/view/132688-exam-aws-certified-data-engineer-associate-dea-c01-topic-1/
64	132689 	908961	2024-04-02 3:42	/discussions/amazon/view/132689-exam-aws-certified-data-engineer-associate-dea-c01-topic-1/
65	132744 	908962	2024-12-19 18:03	/discussions/amazon/view/132744-exam-aws-certified-data-engineer-associate-dea-c01-topic-1/
66	132694 	908963	2025-07-31 18:36	/discussions/amazon/view/132694-exam-aws-certified-data-engineer-associate-dea-c01-topic-1/
67	132695 	908964	2025-04-20 22:34	/discussions/amazon/view/132695-exam-aws-certified-data-engineer-associate-dea-c01-topic-1/
68	135424 	908965	2024-06-12 1:26	/discussions/amazon/view/135424-exam-aws-certified-data-engineer-associate-dea-c01-topic-1/
69	132696 	908966	2024-04-17 0:00	/discussions/amazon/view/132696-exam-aws-certified-data-engineer-associate-dea-c01-topic-1/
70	132697 	908967	2024-07-14 10:24	/discussions/amazon/view/132697-exam-aws-certified-data-engineer-associate-dea-c01-topic-1/
71	132698 	908968	2024-03-19 12:37	/discussions/amazon/view/132698-exam-aws-certified-data-engineer-associate-dea-c01-topic-1/
72	132699 	908969	2024-05-27 14:00	/discussions/amazon/view/132699-exam-aws-certified-data-engineer-associate-dea-c01-topic-1/
73	132700 	908970	2025-05-07 14:15	/discussions/amazon/view/132700-exam-aws-certified-data-engineer-associate-dea-c01-topic-1/
74	132765 	908971	2024-10-29 10:20	/discussions/amazon/view/132765-exam-aws-certified-data-engineer-associate-dea-c01-topic-1/
75	132701 	908972	2025-04-19 23:03	/discussions/amazon/view/132701-exam-aws-certified-data-engineer-associate-dea-c01-topic-1/
76	132702 	908973	2025-10-08 22:58	/discussions/amazon/view/132702-exam-aws-certified-data-engineer-associate-dea-c01-topic-1/
77	132703 	908974	2024-10-07 10:08	/discussions/amazon/view/132703-exam-aws-certified-data-engineer-associate-dea-c01-topic-1/
78	132706 	908975	2024-03-19 14:35	/discussions/amazon/view/132706-exam-aws-certified-data-engineer-associate-dea-c01-topic-1/
79	132707 	908976	2024-08-19 6:36	/discussions/amazon/view/132707-exam-aws-certified-data-engineer-associate-dea-c01-topic-1/
80	132708 	908977	2025-08-09 12:55	/discussions/amazon/view/132708-exam-aws-certified-data-engineer-associate-dea-c01-topic-1/
81	142527 	922725	2024-07-07 20:41	/discussions/amazon/view/142527-exam-aws-certified-data-engineer-associate-dea-c01-topic-1/
82	142529 	922726	2024-06-14 18:40	/discussions/amazon/view/142529-exam-aws-certified-data-engineer-associate-dea-c01-topic-1/
83	142558 	922727	2024-07-02 12:32	/discussions/amazon/view/142558-exam-aws-certified-data-engineer-associate-dea-c01-topic-1/
84	142535 	922728	2024-08-20 13:23	/discussions/amazon/view/142535-exam-aws-certified-data-engineer-associate-dea-c01-topic-1/
85	142559 	922729	2024-07-16 21:26	/discussions/amazon/view/142559-exam-aws-certified-data-engineer-associate-dea-c01-topic-1/
86	142560 	922730	2025-10-08 23:10	/discussions/amazon/view/142560-exam-aws-certified-data-engineer-associate-dea-c01-topic-1/
87	142537 	922731	2025-10-08 23:14	/discussions/amazon/view/142537-exam-aws-certified-data-engineer-associate-dea-c01-topic-1/
88	142562 	922732	2025-04-21 10:45	/discussions/amazon/view/142562-exam-aws-certified-data-engineer-associate-dea-c01-topic-1/
89	142563 	922733	2024-07-04 5:53	/discussions/amazon/view/142563-exam-aws-certified-data-engineer-associate-dea-c01-topic-1/
90	142564 	922734	2024-07-05 0:00	/discussions/amazon/view/142564-exam-aws-certified-data-engineer-associate-dea-c01-topic-1/
91	142565 	922735	2024-12-20 13:21	/discussions/amazon/view/142565-exam-aws-certified-data-engineer-associate-dea-c01-topic-1/
92	142566 	922736	2024-07-16 21:47	/discussions/amazon/view/142566-exam-aws-certified-data-engineer-associate-dea-c01-topic-1/
93	142567 	922737	2025-02-25 23:15	/discussions/amazon/view/142567-exam-aws-certified-data-engineer-associate-dea-c01-topic-1/
94	142568 	922738	2024-07-16 21:52	/discussions/amazon/view/142568-exam-aws-certified-data-engineer-associate-dea-c01-topic-1/
95	142569 	922739	2024-07-23 16:00	/discussions/amazon/view/142569-exam-aws-certified-data-engineer-associate-dea-c01-topic-1/
96	142571 	922740	2024-07-04 7:12	/discussions/amazon/view/142571-exam-aws-certified-data-engineer-associate-dea-c01-topic-1/
97	142561 	922741	2025-08-13 22:53	/discussions/amazon/view/142561-exam-aws-certified-data-engineer-associate-dea-c01-topic-1/
98	142573 	922742	2024-07-24 5:45	/discussions/amazon/view/142573-exam-aws-certified-data-engineer-associate-dea-c01-topic-1/
99	142574 	922743	2024-07-04 6:18	/discussions/amazon/view/142574-exam-aws-certified-data-engineer-associate-dea-c01-topic-1/
100	142575 	922744	2025-05-14 1:21	/discussions/amazon/view/142575-exam-aws-certified-data-engineer-associate-dea-c01-topic-1/
101	142543 	922745	2024-07-18 5:56	/discussions/amazon/view/142543-exam-aws-certified-data-engineer-associate-dea-c01-topic-1/
102	142576 	922746	2024-12-25 9:05	/discussions/amazon/view/142576-exam-aws-certified-data-engineer-associate-dea-c01-topic-1/
103	142577 	922747	2024-07-18 6:01	/discussions/amazon/view/142577-exam-aws-certified-data-engineer-associate-dea-c01-topic-1/
104	142542 	922748	2024-07-11 14:30	/discussions/amazon/view/142542-exam-aws-certified-data-engineer-associate-dea-c01-topic-1/
105	142578 	922749	2024-08-15 4:09	/discussions/amazon/view/142578-exam-aws-certified-data-engineer-associate-dea-c01-topic-1/
106	142579 	922750	2025-05-18 3:02	/discussions/amazon/view/142579-exam-aws-certified-data-engineer-associate-dea-c01-topic-1/
107	142580 	922751	2024-07-03 17:39	/discussions/amazon/view/142580-exam-aws-certified-data-engineer-associate-dea-c01-topic-1/
108	143046 	923449	2025-04-20 21:59	/discussions/amazon/view/143046-exam-aws-certified-data-engineer-associate-dea-c01-topic-1/
109	143047 	923450	2024-07-05 5:14	/discussions/amazon/view/143047-exam-aws-certified-data-engineer-associate-dea-c01-topic-1/
110	143051 	923451	2024-07-24 20:04	/discussions/amazon/view/143051-exam-aws-certified-data-engineer-associate-dea-c01-topic-1/
111	143053 	923452	2024-09-12 6:10	/discussions/amazon/view/143053-exam-aws-certified-data-engineer-associate-dea-c01-topic-1/
112	143054 	923453	2025-06-24 11:50	/discussions/amazon/view/143054-exam-aws-certified-data-engineer-associate-dea-c01-topic-1/
113	143056 	923454	2024-07-19 6:05	/discussions/amazon/view/143056-exam-aws-certified-data-engineer-associate-dea-c01-topic-1/
114	143057 	923455	2025-09-10 17:12	/discussions/amazon/view/143057-exam-aws-certified-data-engineer-associate-dea-c01-topic-1/
115	143058 	923456	2025-03-16 10:23	/discussions/amazon/view/143058-exam-aws-certified-data-engineer-associate-dea-c01-topic-1/
116	143060 	923457	2024-07-03 6:43	/discussions/amazon/view/143060-exam-aws-certified-data-engineer-associate-dea-c01-topic-1/
117	143061 	923458	2024-07-19 6:39	/discussions/amazon/view/143061-exam-aws-certified-data-engineer-associate-dea-c01-topic-1/
118	143062 	923459	2025-08-14 22:22	/discussions/amazon/view/143062-exam-aws-certified-data-engineer-associate-dea-c01-topic-1/
119	143120 	923460	2024-10-25 20:45	/discussions/amazon/view/143120-exam-aws-certified-data-engineer-associate-dea-c01-topic-1/
120	143122 	923461	2025-05-14 1:57	/discussions/amazon/view/143122-exam-aws-certified-data-engineer-associate-dea-c01-topic-1/
121	145188 	926015	2024-11-12 15:28	/discussions/amazon/view/145188-exam-aws-certified-data-engineer-associate-dea-c01-topic-1/
122	145187 	926016	2025-05-18 4:21	/discussions/amazon/view/145187-exam-aws-certified-data-engineer-associate-dea-c01-topic-1/
123	145289 	926017	2024-12-18 9:48	/discussions/amazon/view/145289-exam-aws-certified-data-engineer-associate-dea-c01-topic-1/
124	145291 	926018	2025-01-25 20:11	/discussions/amazon/view/145291-exam-aws-certified-data-engineer-associate-dea-c01-topic-1/
125	145713 	926019	2024-12-25 1:00	/discussions/amazon/view/145713-exam-aws-certified-data-engineer-associate-dea-c01-topic-1/
126	145714 	926020	2024-11-24 11:05	/discussions/amazon/view/145714-exam-aws-certified-data-engineer-associate-dea-c01-topic-1/
127	150336 	928547	2025-09-21 21:39	/discussions/amazon/view/150336-exam-aws-certified-data-engineer-associate-dea-c01-topic-1/
128	145715 	926022	2025-08-14 23:21	/discussions/amazon/view/145715-exam-aws-certified-data-engineer-associate-dea-c01-topic-1/
129	145293 	926023	2024-11-08 16:47	/discussions/amazon/view/145293-exam-aws-certified-data-engineer-associate-dea-c01-topic-1/
130	145294 	926024	2025-09-21 22:13	/discussions/amazon/view/145294-exam-aws-certified-data-engineer-associate-dea-c01-topic-1/
131	145106 	926025	2025-04-22 1:03	/discussions/amazon/view/145106-exam-aws-certified-data-engineer-associate-dea-c01-topic-1/
132	145107 	926026	2025-05-18 6:42	/discussions/amazon/view/145107-exam-aws-certified-data-engineer-associate-dea-c01-topic-1/
133	145007 	926027	2024-08-14 10:21	/discussions/amazon/view/145007-exam-aws-certified-data-engineer-associate-dea-c01-topic-1/
134	145116 	926028	2024-11-26 17:50	/discussions/amazon/view/145116-exam-aws-certified-data-engineer-associate-dea-c01-topic-1/
135	145607 	926029	2024-10-14 21:13	/discussions/amazon/view/145607-exam-aws-certified-data-engineer-associate-dea-c01-topic-1/
136	145725 	926030	2024-11-08 18:43	/discussions/amazon/view/145725-exam-aws-certified-data-engineer-associate-dea-c01-topic-1/
137	145726 	926031	2024-08-14 14:50	/discussions/amazon/view/145726-exam-aws-certified-data-engineer-associate-dea-c01-topic-1/
138	145728 	926032	2025-03-01 9:19	/discussions/amazon/view/145728-exam-aws-certified-data-engineer-associate-dea-c01-topic-1/
139	145119 	926033	2025-01-05 6:29	/discussions/amazon/view/145119-exam-aws-certified-data-engineer-associate-dea-c01-topic-1/
140	145729 	926034	2025-06-14 21:48	/discussions/amazon/view/145729-exam-aws-certified-data-engineer-associate-dea-c01-topic-1/
141	145096 	926035	2024-08-21 9:51	/discussions/amazon/view/145096-exam-aws-certified-data-engineer-associate-dea-c01-topic-1/
142	147826 	928536	2025-08-17 4:04	/discussions/amazon/view/147826-exam-aws-certified-data-engineer-associate-dea-c01-topic-1/
143	146986 	928537	2025-11-25 15:26	/discussions/amazon/view/146986-exam-aws-certified-data-engineer-associate-dea-c01-topic-1/
144	146967 	928538	2025-04-23 23:32	/discussions/amazon/view/146967-exam-aws-certified-data-engineer-associate-dea-c01-topic-1/
145	147821 	928539	2025-08-17 4:29	/discussions/amazon/view/147821-exam-aws-certified-data-engineer-associate-dea-c01-topic-1/
146	146993 	928540	2025-09-22 23:35	/discussions/amazon/view/146993-exam-aws-certified-data-engineer-associate-dea-c01-topic-1/
147	147168 	928541	2024-12-23 14:12	/discussions/amazon/view/147168-exam-aws-certified-data-engineer-associate-dea-c01-topic-1/
148	147823 	928542	2025-02-18 23:11	/discussions/amazon/view/147823-exam-aws-certified-data-engineer-associate-dea-c01-topic-1/
149	150357 	928543	2024-11-15 14:16	/discussions/amazon/view/150357-exam-aws-certified-data-engineer-associate-dea-c01-topic-1/
150	151928 	928544	2025-05-14 22:28	/discussions/amazon/view/151928-exam-aws-certified-data-engineer-associate-dea-c01-topic-1/
151	151917 	928545	2024-11-25 0:07	/discussions/amazon/view/151917-exam-aws-certified-data-engineer-associate-dea-c01-topic-1/
152	147824 	928546	2025-01-15 18:36	/discussions/amazon/view/147824-exam-aws-certified-data-engineer-associate-dea-c01-topic-1/
153	151918 	932340	2025-02-27 1:00	/discussions/amazon/view/151918-exam-aws-certified-data-engineer-associate-dea-c01-topic-1/
154	151919 	932341	2025-01-15 18:39	/discussions/amazon/view/151919-exam-aws-certified-data-engineer-associate-dea-c01-topic-1/
155	150339 	932342	2024-11-09 19:39	/discussions/amazon/view/150339-exam-aws-certified-data-engineer-associate-dea-c01-topic-1/
156	150340 	932343	2025-03-18 10:15	/discussions/amazon/view/150340-exam-aws-certified-data-engineer-associate-dea-c01-topic-1/
157	150341 	932344	2025-11-25 18:07	/discussions/amazon/view/150341-exam-aws-certified-data-engineer-associate-dea-c01-topic-1/
158	151925 	932345	2025-01-15 18:45	/discussions/amazon/view/151925-exam-aws-certified-data-engineer-associate-dea-c01-topic-1/
159	151926 	932346	2024-11-25 2:11	/discussions/amazon/view/151926-exam-aws-certified-data-engineer-associate-dea-c01-topic-1/
160	151927 	932347	2025-01-15 18:49	/discussions/amazon/view/151927-exam-aws-certified-data-engineer-associate-dea-c01-topic-1/
161	151853 	932348	2025-09-21 15:37	/discussions/amazon/view/151853-exam-aws-certified-data-engineer-associate-dea-c01-topic-1/
162	151931 	932349	2025-02-18 23:24	/discussions/amazon/view/151931-exam-aws-certified-data-engineer-associate-dea-c01-topic-1/
163	150342 	932350	2025-10-13 4:41	/discussions/amazon/view/150342-exam-aws-certified-data-engineer-associate-dea-c01-topic-1/
164	151854 	932351	2024-11-25 3:41	/discussions/amazon/view/151854-exam-aws-certified-data-engineer-associate-dea-c01-topic-1/
165	151933 	932352	2025-02-27 22:40	/discussions/amazon/view/151933-exam-aws-certified-data-engineer-associate-dea-c01-topic-1/
166	150401 	932353	2025-11-25 19:31	/discussions/amazon/view/150401-exam-aws-certified-data-engineer-associate-dea-c01-topic-1/
167	151935 	932354	2024-12-18 11:46	/discussions/amazon/view/151935-exam-aws-certified-data-engineer-associate-dea-c01-topic-1/
168	150885 	932355	2025-08-19 13:42	/discussions/amazon/view/150885-exam-aws-certified-data-engineer-associate-dea-c01-topic-1/
169	151937 	932356	2025-01-15 19:12	/discussions/amazon/view/151937-exam-aws-certified-data-engineer-associate-dea-c01-topic-1/
170	151938 	932357	2024-12-24 23:48	/discussions/amazon/view/151938-exam-aws-certified-data-engineer-associate-dea-c01-topic-1/
171	151939 	932358	2024-11-25 4:54	/discussions/amazon/view/151939-exam-aws-certified-data-engineer-associate-dea-c01-topic-1/
172	151940 	932359	2024-11-25 4:58	/discussions/amazon/view/151940-exam-aws-certified-data-engineer-associate-dea-c01-topic-1/
173	150343 	932360	2025-08-20 20:15	/discussions/amazon/view/150343-exam-aws-certified-data-engineer-associate-dea-c01-topic-1/
174	150779 	932361	2024-11-18 12:02	/discussions/amazon/view/150779-exam-aws-certified-data-engineer-associate-dea-c01-topic-1/
175	151941 	932362	2025-01-15 19:20	/discussions/amazon/view/151941-exam-aws-certified-data-engineer-associate-dea-c01-topic-1/
176	150344 	932363	2025-10-13 7:17	/discussions/amazon/view/150344-exam-aws-certified-data-engineer-associate-dea-c01-topic-1/
177	151942 	932364	2024-12-26 18:25	/discussions/amazon/view/151942-exam-aws-certified-data-engineer-associate-dea-c01-topic-1/
178	152459 	932365	2025-12-05 20:11	/discussions/amazon/view/152459-exam-aws-certified-data-engineer-associate-dea-c01-topic-1/
179	151944 	932366	2025-01-15 19:27	/discussions/amazon/view/151944-exam-aws-certified-data-engineer-associate-dea-c01-topic-1/
180	151945 	932367	2025-01-15 19:28	/discussions/amazon/view/151945-exam-aws-certified-data-engineer-associate-dea-c01-topic-1/
181	151948 	932368	2025-05-20 6:39	/discussions/amazon/view/151948-exam-aws-certified-data-engineer-associate-dea-c01-topic-1/
182	151958 	932369	2025-01-15 19:33	/discussions/amazon/view/151958-exam-aws-certified-data-engineer-associate-dea-c01-topic-1/
183	152017 	932370	2024-12-23 11:46	/discussions/amazon/view/152017-exam-aws-certified-data-engineer-associate-dea-c01-topic-1/
184	150749 	932371	2025-03-15 15:31	/discussions/amazon/view/150749-exam-aws-certified-data-engineer-associate-dea-c01-topic-1/
185	152018 	932372	2025-05-22 22:27	/discussions/amazon/view/152018-exam-aws-certified-data-engineer-associate-dea-c01-topic-1/
186	152019 	932373	2024-11-26 0:15	/discussions/amazon/view/152019-exam-aws-certified-data-engineer-associate-dea-c01-topic-1/
187	150748 	932374	2025-01-15 19:38	/discussions/amazon/view/150748-exam-aws-certified-data-engineer-associate-dea-c01-topic-1/
188	150345 	932375	2024-10-31 13:13	/discussions/amazon/view/150345-exam-aws-certified-data-engineer-associate-dea-c01-topic-1/
189	150586 	932376	2024-11-18 13:30	/discussions/amazon/view/150586-exam-aws-certified-data-engineer-associate-dea-c01-topic-1/
190	150746 	932377	2025-05-01 12:09	/discussions/amazon/view/150746-exam-aws-certified-data-engineer-associate-dea-c01-topic-1/
191	150745 	932378	2024-12-23 10:32	/discussions/amazon/view/150745-exam-aws-certified-data-engineer-associate-dea-c01-topic-1/
192	150743 	932379	2025-10-14 0:39	/discussions/amazon/view/150743-exam-aws-certified-data-engineer-associate-dea-c01-topic-1/
193	150741 	932380	2025-10-14 0:38	/discussions/amazon/view/150741-exam-aws-certified-data-engineer-associate-dea-c01-topic-1/
194	150740 	932381	2024-12-23 10:39	/discussions/amazon/view/150740-exam-aws-certified-data-engineer-associate-dea-c01-topic-1/
195	153160 	935872	2024-12-26 6:46	/discussions/amazon/view/153160-exam-aws-certified-data-engineer-associate-dea-c01-topic-1/
196	153366 	935873	2025-02-18 23:31	/discussions/amazon/view/153366-exam-aws-certified-data-engineer-associate-dea-c01-topic-1/
197	153367 	935874	2025-01-15 19:50	/discussions/amazon/view/153367-exam-aws-certified-data-engineer-associate-dea-c01-topic-1/
198	153159 	935875	2025-04-28 20:29	/discussions/amazon/view/153159-exam-aws-certified-data-engineer-associate-dea-c01-topic-1/
199	153157 	935876	2025-01-15 19:52	/discussions/amazon/view/153157-exam-aws-certified-data-engineer-associate-dea-c01-topic-1/
200	153158 	935877	2024-12-23 10:25	/discussions/amazon/view/153158-exam-aws-certified-data-engineer-associate-dea-c01-topic-1/
201	153156 	935878	2024-12-23 9:34	/discussions/amazon/view/153156-exam-aws-certified-data-engineer-associate-dea-c01-topic-1/
202	153155 	935879	2025-02-18 23:32	/discussions/amazon/view/153155-exam-aws-certified-data-engineer-associate-dea-c01-topic-1/
203	153154 	935880	2024-12-23 9:37	/discussions/amazon/view/153154-exam-aws-certified-data-engineer-associate-dea-c01-topic-1/
204	152992 	935881	2025-12-11 16:21	/discussions/amazon/view/152992-exam-aws-certified-data-engineer-associate-dea-c01-topic-1/
205	156778 	940352	2025-06-27 16:34	/discussions/amazon/view/156778-exam-aws-certified-data-engineer-associate-dea-c01-topic-1/
206	156779 	940353	2025-02-18 23:35	/discussions/amazon/view/156779-exam-aws-certified-data-engineer-associate-dea-c01-topic-1/
207	156780 	940354	2025-03-11 14:51	/discussions/amazon/view/156780-exam-aws-certified-data-engineer-associate-dea-c01-topic-1/
208	304999 	949510	2025-06-17 4:38	/discussions/amazon/view/304999-exam-aws-certified-data-engineer-associate-dea-c01-topic-1/
209	304581 	949511	2025-10-16 20:05	/discussions/amazon/view/304581-exam-aws-certified-data-engineer-associate-dea-c01-topic-1/
210	304582 	949512	2025-06-07 8:41	/discussions/amazon/view/304582-exam-aws-certified-data-engineer-associate-dea-c01-topic-1/
211	305563 	949513	2025-08-21 15:00	/discussions/amazon/view/305563-exam-aws-certified-data-engineer-associate-dea-c01-topic-1/
212	305001 	949514	2025-11-15 12:19	/discussions/amazon/view/305001-exam-aws-certified-data-engineer-associate-dea-c01-topic-1/
213	305002 	949515	2025-06-17 5:07	/discussions/amazon/view/305002-exam-aws-certified-data-engineer-associate-dea-c01-topic-1/
214	305564 	949516	2025-08-21 15:05	/discussions/amazon/view/305564-exam-aws-certified-data-engineer-associate-dea-c01-topic-1/
215	305003 	949517	2025-06-17 5:13	/discussions/amazon/view/305003-exam-aws-certified-data-engineer-associate-dea-c01-topic-1/
216	305565 	949518	2025-08-31 12:31	/discussions/amazon/view/305565-exam-aws-certified-data-engineer-associate-dea-c01-topic-1/
217	305566 	949519	2025-10-16 22:52	/discussions/amazon/view/305566-exam-aws-certified-data-engineer-associate-dea-c01-topic-1/
218	305567 	949520	2025-10-16 22:57	/discussions/amazon/view/305567-exam-aws-certified-data-engineer-associate-dea-c01-topic-1/
219	304583 	949521	2025-10-16 23:04	/discussions/amazon/view/304583-exam-aws-certified-data-engineer-associate-dea-c01-topic-1/
220	305095 	949522	2025-08-22 11:40	/discussions/amazon/view/305095-exam-aws-certified-data-engineer-associate-dea-c01-topic-1/
221	305568 	949523	2025-08-31 17:23	/discussions/amazon/view/305568-exam-aws-certified-data-engineer-associate-dea-c01-topic-1/
222	305569 	949524	2025-08-31 17:55	/discussions/amazon/view/305569-exam-aws-certified-data-engineer-associate-dea-c01-topic-1/
223	305570 	949525	2025-10-18 16:00	/discussions/amazon/view/305570-exam-aws-certified-data-engineer-associate-dea-c01-topic-1/
224	311801 	949526	2025-10-18 16:17	/discussions/amazon/view/311801-exam-aws-certified-data-engineer-associate-dea-c01-topic-1/
225	304584 	949527	2025-06-07 9:49	/discussions/amazon/view/304584-exam-aws-certified-data-engineer-associate-dea-c01-topic-1/
226	305571 	949528	2025-07-04 4:43	/discussions/amazon/view/305571-exam-aws-certified-data-engineer-associate-dea-c01-topic-1/
227	305573 	949529	2025-07-04 4:45	/discussions/amazon/view/305573-exam-aws-certified-data-engineer-associate-dea-c01-topic-1/
228	305574 	949530	2025-07-04 4:47	/discussions/amazon/view/305574-exam-aws-certified-data-engineer-associate-dea-c01-topic-1/
229	305426 	949531	2025-08-30 23:21	/discussions/amazon/view/305426-exam-aws-certified-data-engineer-associate-dea-c01-topic-1/
230	305575 	949532	2025-07-04 4:52	/discussions/amazon/view/305575-exam-aws-certified-data-engineer-associate-dea-c01-topic-1/
231	305576 	949533	2025-07-04 4:54	/discussions/amazon/view/305576-exam-aws-certified-data-engineer-associate-dea-c01-topic-1/
232	305577 	949534	2025-07-04 4:56	/discussions/amazon/view/305577-exam-aws-certified-data-engineer-associate-dea-c01-topic-1/
233	305578 	949535	2025-07-04 4:57	/discussions/amazon/view/305578-exam-aws-certified-data-engineer-associate-dea-c01-topic-1/
234	305579 	949536	2025-08-29 4:04	/discussions/amazon/view/305579-exam-aws-certified-data-engineer-associate-dea-c01-topic-1/
235	305580 	949537	2025-08-29 4:20	/discussions/amazon/view/305580-exam-aws-certified-data-engineer-associate-dea-c01-topic-1/
236	305582 	949538	2025-07-04 6:52	/discussions/amazon/view/305582-exam-aws-certified-data-engineer-associate-dea-c01-topic-1/
237	305583 	949539	2025-07-04 7:01	/discussions/amazon/view/305583-exam-aws-certified-data-engineer-associate-dea-c01-topic-1/
238	305584 	949540	2025-07-04 7:03	/discussions/amazon/view/305584-exam-aws-certified-data-engineer-associate-dea-c01-topic-1/
239	305585 	949541	2025-08-28 4:43	/discussions/amazon/view/305585-exam-aws-certified-data-engineer-associate-dea-c01-topic-1/
240	305586 	949542	2025-08-28 4:08	/discussions/amazon/view/305586-exam-aws-certified-data-engineer-associate-dea-c01-topic-1/
241	305587 	949543	2025-08-28 3:41	/discussions/amazon/view/305587-exam-aws-certified-data-engineer-associate-dea-c01-topic-1/
242	305588 	949544	2025-08-28 3:58	/discussions/amazon/view/305588-exam-aws-certified-data-engineer-associate-dea-c01-topic-1/
243	315510 	970197	1900-01-00 0:00	/discussions/amazon/view/315510-exam-aws-certified-data-engineer-associate-dea-c01-topic-1/
244	315497 	970198	1900-01-00 0:00	/discussions/amazon/view/315497-exam-aws-certified-data-engineer-associate-dea-c01-topic-1/
245	316742 	970199	2025-11-24 6:20	/discussions/amazon/view/316742-exam-aws-certified-data-engineer-associate-dea-c01-topic-1/
246	315498 	970200	1900-01-00 0:00	/discussions/amazon/view/315498-exam-aws-certified-data-engineer-associate-dea-c01-topic-1/
247	315499 	970201	1900-01-00 0:00	/discussions/amazon/view/315499-exam-aws-certified-data-engineer-associate-dea-c01-topic-1/
248	316748 	970202	2025-11-24 6:21	/discussions/amazon/view/316748-exam-aws-certified-data-engineer-associate-dea-c01-topic-1/
249	315500 	970203	2025-11-03 9:29	/discussions/amazon/view/315500-exam-aws-certified-data-engineer-associate-dea-c01-topic-1/
250	315501 	970204	2025-12-06 12:00	/discussions/amazon/view/315501-exam-aws-certified-data-engineer-associate-dea-c01-topic-1/
251	315503 	970205	1900-01-00 0:00	/discussions/amazon/view/315503-exam-aws-certified-data-engineer-associate-dea-c01-topic-1/
252	315504 	970206	1900-01-00 0:00	/discussions/amazon/view/315504-exam-aws-certified-data-engineer-associate-dea-c01-topic-1/
253	315505 	970207	1900-01-00 0:00	/discussions/amazon/view/315505-exam-aws-certified-data-engineer-associate-dea-c01-topic-1/
254	315506 	970208	1900-01-00 0:00	/discussions/amazon/view/315506-exam-aws-certified-data-engineer-associate-dea-c01-topic-1/
255	316744 	970209	2025-12-06 12:19	/discussions/amazon/view/316744-exam-aws-certified-data-engineer-associate-dea-c01-topic-1/
256	315507 	970210	1900-01-00 0:00	/discussions/amazon/view/315507-exam-aws-certified-data-engineer-associate-dea-c01-topic-1/
257	316747 	970211	2025-11-24 6:21	/discussions/amazon/view/316747-exam-aws-certified-data-engineer-associate-dea-c01-topic-1/
258	315508 	970212	2025-11-03 12:07	/discussions/amazon/view/315508-exam-aws-certified-data-engineer-associate-dea-c01-topic-1/
259	316746 	970213	2025-11-24 6:21	/discussions/amazon/view/316746-exam-aws-certified-data-engineer-associate-dea-c01-topic-1/
260	316743 	970214	2025-11-24 6:21	/discussions/amazon/view/316743-exam-aws-certified-data-engineer-associate-dea-c01-topic-1/
261	316745 	970215	2025-12-06 15:02	/discussions/amazon/view/316745-exam-aws-certified-data-engineer-associate-dea-c01-topic-1/
